environment,language,library,library_version,condition,form,invocation,n,mean_us,median_us,p90_us,p99_us,runtime,crypto_backend,platform
x86_64-cloud-vm,JavaScript,jsonwebtoken,9.0.3,jsonwebtoken_string,string,1,20000,507.3466,474.1330,576.6460,988.9480,node v20.20.2,openssl 3.0.19,linux/x64
x86_64-cloud-vm,JavaScript,jsonwebtoken,9.0.3,jsonwebtoken_preparsed,preparsed,1,20000,13.9615,10.1870,13.9680,45.9890,node v20.20.2,openssl 3.0.19,linux/x64
x86_64-cloud-vm,JavaScript,fastjwt,6.3.3,fastjwt_string,string,1,20000,10.6794,7.8640,13.1420,41.9130,node v20.20.2,openssl 3.0.19,linux/x64
x86_64-cloud-vm,JavaScript,fastjwt,6.3.3,fastjwt_preparsed,preparsed,1,20000,8.7335,7.4090,8.3150,34.4790,node v20.20.2,openssl 3.0.19,linux/x64
x86_64-cloud-vm,JavaScript,jose,6.2.12,jose_string,string,1,20000,139.3301,121.2430,173.4800,322.4060,node v20.20.2,openssl 3.0.19,linux/x64
x86_64-cloud-vm,JavaScript,jose,6.2.12,jose_preparsed,preparsed,1,20000,86.8438,75.7260,111.9350,229.2800,node v20.20.2,openssl 3.0.19,linux/x64
x86_64-cloud-vm,JavaScript,jsonwebtoken,9.0.3,jsonwebtoken_string,string,1,20000,42.9958,33.9620,59.3220,117.3640,node v26.10.0,openssl 3.5.8,linux/x64
x86_64-cloud-vm,JavaScript,jsonwebtoken,9.0.3,jsonwebtoken_preparsed,preparsed,1,20000,12.7870,10.0520,16.1160,47.8160,node v26.10.0,openssl 3.5.8,linux/x64
x86_64-cloud-vm,JavaScript,fastjwt,6.3.3,fastjwt_string,string,1,20000,10.6151,8.3670,12.3270,42.8070,node v26.10.0,openssl 3.5.8,linux/x64
x86_64-cloud-vm,JavaScript,fastjwt,6.3.3,fastjwt_preparsed,preparsed,1,20000,10.3505,8.1700,13.3910,38.8990,node v26.10.0,openssl 3.5.8,linux/x64
x86_64-cloud-vm,JavaScript,jose,6.2.12,jose_string,string,1,20000,118.7350,102.5090,149.5430,315.5810,node v26.10.0,openssl 3.5.8,linux/x64
x86_64-cloud-vm,JavaScript,jose,6.2.12,jose_preparsed,preparsed,1,20000,81.8632,71.2730,104.7840,211.1250,node v26.10.0,openssl 3.5.8,linux/x64
x86_64-cloud-vm,Python,pyjwt,2.15.0,pyjwt_string,string,1,20000,50.8891,41.4750,71.2060,124.0230,cpython 3.11.15,hashlib/hmac OpenSSL 3.0.13 30 Jan 2024,linux/x86_64
x86_64-cloud-vm,Python,pyjwt,2.15.0,pyjwt_preparsed,preparsed,1,20000,48.1291,40.9030,66.9120,125.9100,cpython 3.11.15,hashlib/hmac OpenSSL 3.0.13 30 Jan 2024,linux/x86_64
x86_64-cloud-vm,Go,golangjwt,v5.3.1,golangjwt_string,string,1,20000,6.9589,4.9170,9.0400,36.9320,go1.24.7,Go crypto/hmac,linux/amd64
x86_64-cloud-vm,Go,golangjwt,v5.3.1,golangjwt_preparsed,preparsed,1,20000,5.8164,4.6750,6.0450,24.9930,go1.24.7,Go crypto/hmac,linux/amd64
x86_64-cloud-vm,Java,nimbus,10.10,nimbus_string,string,1,20000,9.1791,6.7030,10.1490,37.8330,java 21.0.10,JCA SunJCE,linux/amd64
x86_64-cloud-vm,Java,nimbus,10.10,nimbus_preparsed,preparsed,1,20000,6.0497,4.4180,8.3130,15.9000,java 21.0.10,JCA SunJCE,linux/amd64
x86_64-cloud-vm,Java,jjwt,0.13.0,jjwt_string,string,1,20000,67.7540,12.1470,224.9860,309.6020,java 21.0.10,JCA SunJCE,linux/amd64
x86_64-cloud-vm,Java,jjwt,0.13.0,jjwt_preparsed,preparsed,1,20000,72.3784,12.8620,230.2350,325.0440,java 21.0.10,JCA SunJCE,linux/amd64
x86_64-cloud-vm,JavaScript,jsonwebtoken,9.0.3,jsonwebtoken_string,string,2,20000,544.7059,484.5260,736.1350,1099.4010,node v20.20.2,openssl 3.0.19,linux/x64
x86_64-cloud-vm,JavaScript,jsonwebtoken,9.0.3,jsonwebtoken_preparsed,preparsed,2,20000,13.2284,10.3910,15.6730,47.6700,node v20.20.2,openssl 3.0.19,linux/x64
x86_64-cloud-vm,JavaScript,fastjwt,6.3.3,fastjwt_string,string,2,20000,9.5123,7.6150,8.8540,42.3540,node v20.20.2,openssl 3.0.19,linux/x64
x86_64-cloud-vm,JavaScript,fastjwt,6.3.3,fastjwt_preparsed,preparsed,2,20000,10.8509,7.5860,11.8890,40.9000,node v20.20.2,openssl 3.0.19,linux/x64
x86_64-cloud-vm,JavaScript,jose,6.2.12,jose_string,string,2,20000,139.5602,124.3630,174.3150,298.9090,node v20.20.2,openssl 3.0.19,linux/x64
x86_64-cloud-vm,JavaScript,jose,6.2.12,jose_preparsed,preparsed,2,20000,90.6402,81.6480,118.6040,227.3770,node v20.20.2,openssl 3.0.19,linux/x64
x86_64-cloud-vm,JavaScript,jsonwebtoken,9.0.3,jsonwebtoken_string,string,2,20000,42.4030,34.2240,58.7360,109.7760,node v26.10.0,openssl 3.5.8,linux/x64
x86_64-cloud-vm,JavaScript,jsonwebtoken,9.0.3,jsonwebtoken_preparsed,preparsed,2,20000,11.3507,9.6610,10.5310,38.8330,node v26.10.0,openssl 3.5.8,linux/x64
x86_64-cloud-vm,JavaScript,fastjwt,6.3.3,fastjwt_string,string,2,20000,9.6352,7.9710,9.9010,38.4150,node v26.10.0,openssl 3.5.8,linux/x64
x86_64-cloud-vm,JavaScript,fastjwt,6.3.3,fastjwt_preparsed,preparsed,2,20000,11.0496,7.7660,14.0560,48.9250,node v26.10.0,openssl 3.5.8,linux/x64
x86_64-cloud-vm,JavaScript,jose,6.2.12,jose_string,string,2,20000,108.0033,95.8210,139.7940,240.3050,node v26.10.0,openssl 3.5.8,linux/x64
x86_64-cloud-vm,JavaScript,jose,6.2.12,jose_preparsed,preparsed,2,20000,75.8244,66.6110,96.1390,166.6990,node v26.10.0,openssl 3.5.8,linux/x64
x86_64-cloud-vm,Python,pyjwt,2.15.0,pyjwt_string,string,2,20000,47.1527,41.3960,64.6150,112.5850,cpython 3.11.15,hashlib/hmac OpenSSL 3.0.13 30 Jan 2024,linux/x86_64
x86_64-cloud-vm,Python,pyjwt,2.15.0,pyjwt_preparsed,preparsed,2,20000,47.8114,41.8850,57.4870,109.4470,cpython 3.11.15,hashlib/hmac OpenSSL 3.0.13 30 Jan 2024,linux/x86_64
x86_64-cloud-vm,Go,golangjwt,v5.3.1,golangjwt_string,string,2,20000,7.2031,4.7540,7.6960,33.7250,go1.24.7,Go crypto/hmac,linux/amd64
x86_64-cloud-vm,Go,golangjwt,v5.3.1,golangjwt_preparsed,preparsed,2,20000,6.2941,4.7200,8.0660,30.0150,go1.24.7,Go crypto/hmac,linux/amd64
x86_64-cloud-vm,Java,nimbus,10.10,nimbus_string,string,2,20000,6.2820,4.6350,8.0210,20.4860,java 21.0.10,JCA SunJCE,linux/amd64
x86_64-cloud-vm,Java,nimbus,10.10,nimbus_preparsed,preparsed,2,20000,5.5044,4.0610,7.1700,15.6080,java 21.0.10,JCA SunJCE,linux/amd64
x86_64-cloud-vm,Java,jjwt,0.13.0,jjwt_string,string,2,20000,73.5393,11.5820,229.0790,316.2410,java 21.0.10,JCA SunJCE,linux/amd64
x86_64-cloud-vm,Java,jjwt,0.13.0,jjwt_preparsed,preparsed,2,20000,19.0559,12.2730,31.2110,69.7930,java 21.0.10,JCA SunJCE,linux/amd64
x86_64-cloud-vm,JavaScript,jsonwebtoken,9.0.3,jsonwebtoken_string,string,3,20000,530.4309,483.1250,645.5820,1033.1850,node v20.20.2,openssl 3.0.19,linux/x64
x86_64-cloud-vm,JavaScript,jsonwebtoken,9.0.3,jsonwebtoken_preparsed,preparsed,3,20000,11.9337,9.8840,11.5520,41.0440,node v20.20.2,openssl 3.0.19,linux/x64
x86_64-cloud-vm,JavaScript,fastjwt,6.3.3,fastjwt_string,string,3,20000,10.3355,7.5750,13.2180,41.5940,node v20.20.2,openssl 3.0.19,linux/x64
x86_64-cloud-vm,JavaScript,fastjwt,6.3.3,fastjwt_preparsed,preparsed,3,20000,8.8362,7.6830,8.4930,32.9310,node v20.20.2,openssl 3.0.19,linux/x64
x86_64-cloud-vm,JavaScript,jose,6.2.12,jose_string,string,3,20000,140.0387,124.4890,179.2800,306.8790,node v20.20.2,openssl 3.0.19,linux/x64
x86_64-cloud-vm,JavaScript,jose,6.2.12,jose_preparsed,preparsed,3,20000,94.5342,81.8340,120.9950,264.2780,node v20.20.2,openssl 3.0.19,linux/x64
x86_64-cloud-vm,JavaScript,jsonwebtoken,9.0.3,jsonwebtoken_string,string,3,20000,48.0208,35.1120,65.2680,153.3440,node v26.10.0,openssl 3.5.8,linux/x64
x86_64-cloud-vm,JavaScript,jsonwebtoken,9.0.3,jsonwebtoken_preparsed,preparsed,3,20000,10.9209,9.4980,10.2760,38.8510,node v26.10.0,openssl 3.5.8,linux/x64
x86_64-cloud-vm,JavaScript,fastjwt,6.3.3,fastjwt_string,string,3,20000,9.4007,7.8890,9.5400,34.8850,node v26.10.0,openssl 3.5.8,linux/x64
x86_64-cloud-vm,JavaScript,fastjwt,6.3.3,fastjwt_preparsed,preparsed,3,20000,9.8082,7.9580,10.6560,39.5980,node v26.10.0,openssl 3.5.8,linux/x64
x86_64-cloud-vm,JavaScript,jose,6.2.12,jose_string,string,3,20000,106.0059,92.9320,135.7630,247.1250,node v26.10.0,openssl 3.5.8,linux/x64
x86_64-cloud-vm,JavaScript,jose,6.2.12,jose_preparsed,preparsed,3,20000,84.2080,71.0250,108.7880,243.2890,node v26.10.0,openssl 3.5.8,linux/x64
x86_64-cloud-vm,Python,pyjwt,2.15.0,pyjwt_string,string,3,20000,44.6187,40.6320,51.1920,110.1560,cpython 3.11.15,hashlib/hmac OpenSSL 3.0.13 30 Jan 2024,linux/x86_64
x86_64-cloud-vm,Python,pyjwt,2.15.0,pyjwt_preparsed,preparsed,3,20000,45.0208,41.0890,50.2190,102.5870,cpython 3.11.15,hashlib/hmac OpenSSL 3.0.13 30 Jan 2024,linux/x86_64
x86_64-cloud-vm,Go,golangjwt,v5.3.1,golangjwt_string,string,3,20000,5.9224,4.6770,5.8410,20.3370,go1.24.7,Go crypto/hmac,linux/amd64
x86_64-cloud-vm,Go,golangjwt,v5.3.1,golangjwt_preparsed,preparsed,3,20000,6.3051,4.7390,8.1360,26.4290,go1.24.7,Go crypto/hmac,linux/amd64
x86_64-cloud-vm,Java,nimbus,10.10,nimbus_string,string,3,20000,5.5802,4.0460,7.3060,14.9400,java 21.0.10,JCA SunJCE,linux/amd64
x86_64-cloud-vm,Java,nimbus,10.10,nimbus_preparsed,preparsed,3,20000,6.4182,5.7170,7.9780,17.1520,java 21.0.10,JCA SunJCE,linux/amd64
x86_64-cloud-vm,Java,jjwt,0.13.0,jjwt_string,string,3,20000,45.5556,12.1490,209.1190,295.9880,java 21.0.10,JCA SunJCE,linux/amd64
x86_64-cloud-vm,Java,jjwt,0.13.0,jjwt_preparsed,preparsed,3,20000,71.1888,12.6640,238.2380,357.1110,java 21.0.10,JCA SunJCE,linux/amd64
x86_64-cloud-vm,JavaScript,jsonwebtoken,9.0.3,jsonwebtoken_string,string,4,20000,517.8193,475.3860,610.0600,1022.7700,node v20.20.2,openssl 3.0.19,linux/x64
x86_64-cloud-vm,JavaScript,jsonwebtoken,9.0.3,jsonwebtoken_preparsed,preparsed,4,20000,11.9100,10.1640,11.4480,40.0520,node v20.20.2,openssl 3.0.19,linux/x64
x86_64-cloud-vm,JavaScript,fastjwt,6.3.3,fastjwt_string,string,4,20000,9.4535,7.4870,8.7140,35.7540,node v20.20.2,openssl 3.0.19,linux/x64
x86_64-cloud-vm,JavaScript,fastjwt,6.3.3,fastjwt_preparsed,preparsed,4,20000,9.9155,7.6890,12.7290,38.3740,node v20.20.2,openssl 3.0.19,linux/x64
x86_64-cloud-vm,JavaScript,jose,6.2.12,jose_string,string,4,20000,128.4346,113.2400,161.1240,267.4620,node v20.20.2,openssl 3.0.19,linux/x64
x86_64-cloud-vm,JavaScript,jose,6.2.12,jose_preparsed,preparsed,4,20000,88.6719,78.4210,115.5660,230.0390,node v20.20.2,openssl 3.0.19,linux/x64
x86_64-cloud-vm,JavaScript,jsonwebtoken,9.0.3,jsonwebtoken_string,string,4,20000,40.6158,33.8250,52.7130,101.8420,node v26.10.0,openssl 3.5.8,linux/x64
x86_64-cloud-vm,JavaScript,jsonwebtoken,9.0.3,jsonwebtoken_preparsed,preparsed,4,20000,11.6213,9.7560,12.8060,42.2310,node v26.10.0,openssl 3.5.8,linux/x64
x86_64-cloud-vm,JavaScript,fastjwt,6.3.3,fastjwt_string,string,4,20000,9.5850,7.9530,9.5080,35.4420,node v26.10.0,openssl 3.5.8,linux/x64
x86_64-cloud-vm,JavaScript,fastjwt,6.3.3,fastjwt_preparsed,preparsed,4,20000,9.5309,7.8350,9.3180,39.6210,node v26.10.0,openssl 3.5.8,linux/x64
x86_64-cloud-vm,JavaScript,jose,6.2.12,jose_string,string,4,20000,118.5643,105.3530,153.4390,257.2620,node v26.10.0,openssl 3.5.8,linux/x64
x86_64-cloud-vm,JavaScript,jose,6.2.12,jose_preparsed,preparsed,4,20000,82.6844,71.0590,106.2320,203.2480,node v26.10.0,openssl 3.5.8,linux/x64
x86_64-cloud-vm,Python,pyjwt,2.15.0,pyjwt_string,string,4,20000,45.6037,41.2770,55.4210,95.6690,cpython 3.11.15,hashlib/hmac OpenSSL 3.0.13 30 Jan 2024,linux/x86_64
x86_64-cloud-vm,Python,pyjwt,2.15.0,pyjwt_preparsed,preparsed,4,20000,49.1917,41.4110,70.8970,123.1010,cpython 3.11.15,hashlib/hmac OpenSSL 3.0.13 30 Jan 2024,linux/x86_64
x86_64-cloud-vm,Go,golangjwt,v5.3.1,golangjwt_string,string,4,20000,6.9926,5.0300,9.5590,30.7220,go1.24.7,Go crypto/hmac,linux/amd64
x86_64-cloud-vm,Go,golangjwt,v5.3.1,golangjwt_preparsed,preparsed,4,20000,6.7470,4.9170,9.0040,32.1940,go1.24.7,Go crypto/hmac,linux/amd64
x86_64-cloud-vm,Java,nimbus,10.10,nimbus_string,string,4,20000,6.5184,4.5260,8.1490,29.7100,java 21.0.10,JCA SunJCE,linux/amd64
x86_64-cloud-vm,Java,nimbus,10.10,nimbus_preparsed,preparsed,4,20000,5.8445,4.2220,7.9050,19.6420,java 21.0.10,JCA SunJCE,linux/amd64
x86_64-cloud-vm,Java,jjwt,0.13.0,jjwt_string,string,4,20000,20.7271,12.3560,27.1620,219.2400,java 21.0.10,JCA SunJCE,linux/amd64
x86_64-cloud-vm,Java,jjwt,0.13.0,jjwt_preparsed,preparsed,4,20000,47.0963,13.1410,59.1600,560.2990,java 21.0.10,JCA SunJCE,linux/amd64
x86_64-cloud-vm,JavaScript,jsonwebtoken,9.0.3,jsonwebtoken_string,string,5,20000,521.0253,477.4820,611.4010,1077.3450,node v20.20.2,openssl 3.0.19,linux/x64
x86_64-cloud-vm,JavaScript,jsonwebtoken,9.0.3,jsonwebtoken_preparsed,preparsed,5,20000,11.6887,10.0610,11.3690,38.6950,node v20.20.2,openssl 3.0.19,linux/x64
x86_64-cloud-vm,JavaScript,fastjwt,6.3.3,fastjwt_string,string,5,20000,9.1437,7.5030,10.0490,37.2960,node v20.20.2,openssl 3.0.19,linux/x64
x86_64-cloud-vm,JavaScript,fastjwt,6.3.3,fastjwt_preparsed,preparsed,5,20000,9.0685,7.4330,10.6410,35.3800,node v20.20.2,openssl 3.0.19,linux/x64
x86_64-cloud-vm,JavaScript,jose,6.2.12,jose_string,string,5,20000,136.3108,120.9970,170.2020,283.8140,node v20.20.2,openssl 3.0.19,linux/x64
x86_64-cloud-vm,JavaScript,jose,6.2.12,jose_preparsed,preparsed,5,20000,96.7084,85.3270,125.2990,248.6730,node v20.20.2,openssl 3.0.19,linux/x64
x86_64-cloud-vm,JavaScript,jsonwebtoken,9.0.3,jsonwebtoken_string,string,5,20000,42.7449,33.7590,59.0740,122.4820,node v26.10.0,openssl 3.5.8,linux/x64
x86_64-cloud-vm,JavaScript,jsonwebtoken,9.0.3,jsonwebtoken_preparsed,preparsed,5,20000,12.5864,10.1890,12.2420,44.8370,node v26.10.0,openssl 3.5.8,linux/x64
x86_64-cloud-vm,JavaScript,fastjwt,6.3.3,fastjwt_string,string,5,20000,9.5240,7.8510,9.4510,38.1990,node v26.10.0,openssl 3.5.8,linux/x64
x86_64-cloud-vm,JavaScript,fastjwt,6.3.3,fastjwt_preparsed,preparsed,5,20000,10.0564,7.9340,12.9410,40.0340,node v26.10.0,openssl 3.5.8,linux/x64
x86_64-cloud-vm,JavaScript,jose,6.2.12,jose_string,string,5,20000,113.5184,96.9070,150.2330,294.9980,node v26.10.0,openssl 3.5.8,linux/x64
x86_64-cloud-vm,JavaScript,jose,6.2.12,jose_preparsed,preparsed,5,20000,87.8761,75.3850,112.9790,241.1270,node v26.10.0,openssl 3.5.8,linux/x64
x86_64-cloud-vm,Python,pyjwt,2.15.0,pyjwt_string,string,5,20000,48.9254,41.5710,66.1560,129.9390,cpython 3.11.15,hashlib/hmac OpenSSL 3.0.13 30 Jan 2024,linux/x86_64
x86_64-cloud-vm,Python,pyjwt,2.15.0,pyjwt_preparsed,preparsed,5,20000,45.6056,41.0800,51.5830,118.6480,cpython 3.11.15,hashlib/hmac OpenSSL 3.0.13 30 Jan 2024,linux/x86_64
x86_64-cloud-vm,Go,golangjwt,v5.3.1,golangjwt_string,string,5,20000,7.1488,5.1060,10.0500,31.5000,go1.24.7,Go crypto/hmac,linux/amd64
x86_64-cloud-vm,Go,golangjwt,v5.3.1,golangjwt_preparsed,preparsed,5,20000,6.9162,4.8460,8.9380,30.5370,go1.24.7,Go crypto/hmac,linux/amd64
x86_64-cloud-vm,Java,nimbus,10.10,nimbus_string,string,5,20000,6.2269,4.3580,7.9440,23.4530,java 21.0.10,JCA SunJCE,linux/amd64
x86_64-cloud-vm,Java,nimbus,10.10,nimbus_preparsed,preparsed,5,20000,6.0505,4.4560,7.7280,28.4980,java 21.0.10,JCA SunJCE,linux/amd64
x86_64-cloud-vm,Java,jjwt,0.13.0,jjwt_string,string,5,20000,19.3899,13.1260,25.4620,72.3080,java 21.0.10,JCA SunJCE,linux/amd64
x86_64-cloud-vm,Java,jjwt,0.13.0,jjwt_preparsed,preparsed,5,20000,28.2165,12.7810,29.7480,262.0500,java 21.0.10,JCA SunJCE,linux/amd64
x86_64-cloud-vm,JavaScript,jsonwebtoken,9.0.3,jsonwebtoken_string,string,6,20000,514.3384,477.2070,586.0670,1032.5900,node v20.20.2,openssl 3.0.19,linux/x64
x86_64-cloud-vm,JavaScript,jsonwebtoken,9.0.3,jsonwebtoken_preparsed,preparsed,6,20000,12.5225,10.4640,12.3640,41.6300,node v20.20.2,openssl 3.0.19,linux/x64
x86_64-cloud-vm,JavaScript,fastjwt,6.3.3,fastjwt_string,string,6,20000,8.7704,7.4540,8.9170,32.1500,node v20.20.2,openssl 3.0.19,linux/x64
x86_64-cloud-vm,JavaScript,fastjwt,6.3.3,fastjwt_preparsed,preparsed,6,20000,9.0348,7.5700,9.1970,32.7880,node v20.20.2,openssl 3.0.19,linux/x64
x86_64-cloud-vm,JavaScript,jose,6.2.12,jose_string,string,6,20000,144.9612,127.3940,183.2180,319.6520,node v20.20.2,openssl 3.0.19,linux/x64
x86_64-cloud-vm,JavaScript,jose,6.2.12,jose_preparsed,preparsed,6,20000,96.0925,84.2590,126.4840,268.5970,node v20.20.2,openssl 3.0.19,linux/x64
x86_64-cloud-vm,JavaScript,jsonwebtoken,9.0.3,jsonwebtoken_string,string,6,20000,42.8749,34.6410,52.3030,110.2480,node v26.10.0,openssl 3.5.8,linux/x64
x86_64-cloud-vm,JavaScript,jsonwebtoken,9.0.3,jsonwebtoken_preparsed,preparsed,6,20000,11.3517,9.6340,10.9480,40.8620,node v26.10.0,openssl 3.5.8,linux/x64
x86_64-cloud-vm,JavaScript,fastjwt,6.3.3,fastjwt_string,string,6,20000,12.3380,8.8990,16.1750,48.2940,node v26.10.0,openssl 3.5.8,linux/x64
x86_64-cloud-vm,JavaScript,fastjwt,6.3.3,fastjwt_preparsed,preparsed,6,20000,10.0176,7.9920,12.2400,42.1500,node v26.10.0,openssl 3.5.8,linux/x64
x86_64-cloud-vm,JavaScript,jose,6.2.12,jose_string,string,6,20000,114.1305,98.7160,153.2670,267.9840,node v26.10.0,openssl 3.5.8,linux/x64
x86_64-cloud-vm,JavaScript,jose,6.2.12,jose_preparsed,preparsed,6,20000,88.5407,76.1290,119.2760,224.0620,node v26.10.0,openssl 3.5.8,linux/x64
x86_64-cloud-vm,Python,pyjwt,2.15.0,pyjwt_string,string,6,20000,47.9050,41.3410,67.7130,105.6580,cpython 3.11.15,hashlib/hmac OpenSSL 3.0.13 30 Jan 2024,linux/x86_64
x86_64-cloud-vm,Python,pyjwt,2.15.0,pyjwt_preparsed,preparsed,6,20000,47.1412,41.1920,66.0570,112.1150,cpython 3.11.15,hashlib/hmac OpenSSL 3.0.13 30 Jan 2024,linux/x86_64
x86_64-cloud-vm,Go,golangjwt,v5.3.1,golangjwt_string,string,6,20000,6.0813,4.7340,8.0300,27.0940,go1.24.7,Go crypto/hmac,linux/amd64
x86_64-cloud-vm,Go,golangjwt,v5.3.1,golangjwt_preparsed,preparsed,6,20000,6.4086,4.7760,8.8460,27.5570,go1.24.7,Go crypto/hmac,linux/amd64
x86_64-cloud-vm,Java,nimbus,10.10,nimbus_string,string,6,20000,5.9372,4.5170,7.6880,14.7670,java 21.0.10,JCA SunJCE,linux/amd64
x86_64-cloud-vm,Java,nimbus,10.10,nimbus_preparsed,preparsed,6,20000,5.4897,4.1340,7.2790,16.0230,java 21.0.10,JCA SunJCE,linux/amd64
x86_64-cloud-vm,Java,jjwt,0.13.0,jjwt_string,string,6,20000,18.7880,15.3680,24.9890,59.3770,java 21.0.10,JCA SunJCE,linux/amd64
x86_64-cloud-vm,Java,jjwt,0.13.0,jjwt_preparsed,preparsed,6,20000,15.6125,11.5520,22.4910,50.4530,java 21.0.10,JCA SunJCE,linux/amd64
x86_64-cloud-vm,JavaScript,jsonwebtoken,9.0.3,jsonwebtoken_string,string,7,20000,503.4534,476.2080,564.3330,994.3920,node v20.20.2,openssl 3.0.19,linux/x64
x86_64-cloud-vm,JavaScript,jsonwebtoken,9.0.3,jsonwebtoken_preparsed,preparsed,7,20000,12.0074,10.2870,11.7470,40.8020,node v20.20.2,openssl 3.0.19,linux/x64
x86_64-cloud-vm,JavaScript,fastjwt,6.3.3,fastjwt_string,string,7,20000,8.9159,7.5450,8.5830,33.7150,node v20.20.2,openssl 3.0.19,linux/x64
x86_64-cloud-vm,JavaScript,fastjwt,6.3.3,fastjwt_preparsed,preparsed,7,20000,8.6578,7.4450,8.2260,31.2060,node v20.20.2,openssl 3.0.19,linux/x64
x86_64-cloud-vm,JavaScript,jose,6.2.12,jose_string,string,7,20000,138.5464,119.8740,179.2870,311.2280,node v20.20.2,openssl 3.0.19,linux/x64
x86_64-cloud-vm,JavaScript,jose,6.2.12,jose_preparsed,preparsed,7,20000,92.5665,81.4720,121.8940,268.7210,node v20.20.2,openssl 3.0.19,linux/x64
x86_64-cloud-vm,JavaScript,jsonwebtoken,9.0.3,jsonwebtoken_string,string,7,20000,41.3528,33.9770,46.9210,111.9000,node v26.10.0,openssl 3.5.8,linux/x64
x86_64-cloud-vm,JavaScript,jsonwebtoken,9.0.3,jsonwebtoken_preparsed,preparsed,7,20000,12.4987,9.9550,17.0330,44.7100,node v26.10.0,openssl 3.5.8,linux/x64
x86_64-cloud-vm,JavaScript,fastjwt,6.3.3,fastjwt_string,string,7,20000,9.0758,7.7390,9.0100,34.8490,node v26.10.0,openssl 3.5.8,linux/x64
x86_64-cloud-vm,JavaScript,fastjwt,6.3.3,fastjwt_preparsed,preparsed,7,20000,9.5599,8.0000,11.0320,37.1410,node v26.10.0,openssl 3.5.8,linux/x64
x86_64-cloud-vm,JavaScript,jose,6.2.12,jose_string,string,7,20000,100.8900,86.0130,125.7040,250.6960,node v26.10.0,openssl 3.5.8,linux/x64
x86_64-cloud-vm,JavaScript,jose,6.2.12,jose_preparsed,preparsed,7,20000,90.4738,77.9360,120.8240,240.9630,node v26.10.0,openssl 3.5.8,linux/x64
x86_64-cloud-vm,Python,pyjwt,2.15.0,pyjwt_string,string,7,20000,48.9316,41.2240,67.1410,123.8900,cpython 3.11.15,hashlib/hmac OpenSSL 3.0.13 30 Jan 2024,linux/x86_64
x86_64-cloud-vm,Python,pyjwt,2.15.0,pyjwt_preparsed,preparsed,7,20000,48.1969,41.4920,68.0710,121.4840,cpython 3.11.15,hashlib/hmac OpenSSL 3.0.13 30 Jan 2024,linux/x86_64
x86_64-cloud-vm,Go,golangjwt,v5.3.1,golangjwt_string,string,7,20000,6.5991,4.8810,8.7480,28.2690,go1.24.7,Go crypto/hmac,linux/amd64
x86_64-cloud-vm,Go,golangjwt,v5.3.1,golangjwt_preparsed,preparsed,7,20000,6.2649,4.7640,7.8870,28.0830,go1.24.7,Go crypto/hmac,linux/amd64
x86_64-cloud-vm,Java,nimbus,10.10,nimbus_string,string,7,20000,6.2673,4.2470,8.5020,20.9710,java 21.0.10,JCA SunJCE,linux/amd64
x86_64-cloud-vm,Java,nimbus,10.10,nimbus_preparsed,preparsed,7,20000,5.7511,4.1650,7.6070,27.3870,java 21.0.10,JCA SunJCE,linux/amd64
x86_64-cloud-vm,Java,jjwt,0.13.0,jjwt_string,string,7,20000,39.8451,11.6820,168.9420,327.1430,java 21.0.10,JCA SunJCE,linux/amd64
x86_64-cloud-vm,Java,jjwt,0.13.0,jjwt_preparsed,preparsed,7,20000,16.3416,12.0880,22.1710,58.2010,java 21.0.10,JCA SunJCE,linux/amd64
x86_64-cloud-vm,JavaScript,jsonwebtoken,9.0.3,jsonwebtoken_string,string,8,20000,501.2620,474.6870,548.7560,993.2820,node v20.20.2,openssl 3.0.19,linux/x64
x86_64-cloud-vm,JavaScript,jsonwebtoken,9.0.3,jsonwebtoken_preparsed,preparsed,8,20000,12.2735,10.2990,12.3690,42.4900,node v20.20.2,openssl 3.0.19,linux/x64
x86_64-cloud-vm,JavaScript,fastjwt,6.3.3,fastjwt_string,string,8,20000,9.0810,7.4400,8.6950,35.6150,node v20.20.2,openssl 3.0.19,linux/x64
x86_64-cloud-vm,JavaScript,fastjwt,6.3.3,fastjwt_preparsed,preparsed,8,20000,9.2578,7.5920,10.1710,35.5970,node v20.20.2,openssl 3.0.19,linux/x64
x86_64-cloud-vm,JavaScript,jose,6.2.12,jose_string,string,8,20000,133.1701,115.9670,167.9960,283.5980,node v20.20.2,openssl 3.0.19,linux/x64
x86_64-cloud-vm,JavaScript,jose,6.2.12,jose_preparsed,preparsed,8,20000,85.9339,75.4470,114.2090,211.8630,node v20.20.2,openssl 3.0.19,linux/x64
x86_64-cloud-vm,JavaScript,jsonwebtoken,9.0.3,jsonwebtoken_string,string,8,20000,42.3313,35.1520,53.4910,108.6690,node v26.10.0,openssl 3.5.8,linux/x64
x86_64-cloud-vm,JavaScript,jsonwebtoken,9.0.3,jsonwebtoken_preparsed,preparsed,8,20000,11.8144,9.5580,11.6220,41.1000,node v26.10.0,openssl 3.5.8,linux/x64
x86_64-cloud-vm,JavaScript,fastjwt,6.3.3,fastjwt_string,string,8,20000,10.6179,8.0440,12.7570,41.7630,node v26.10.0,openssl 3.5.8,linux/x64
x86_64-cloud-vm,JavaScript,fastjwt,6.3.3,fastjwt_preparsed,preparsed,8,20000,10.9917,8.5560,12.5380,46.4000,node v26.10.0,openssl 3.5.8,linux/x64
x86_64-cloud-vm,JavaScript,jose,6.2.12,jose_string,string,8,20000,124.9603,102.3140,164.3530,359.7880,node v26.10.0,openssl 3.5.8,linux/x64
x86_64-cloud-vm,JavaScript,jose,6.2.12,jose_preparsed,preparsed,8,20000,86.7926,75.8020,116.3640,217.0620,node v26.10.0,openssl 3.5.8,linux/x64
x86_64-cloud-vm,Python,pyjwt,2.15.0,pyjwt_string,string,8,20000,52.9980,41.8360,76.4470,190.4590,cpython 3.11.15,hashlib/hmac OpenSSL 3.0.13 30 Jan 2024,linux/x86_64
x86_64-cloud-vm,Python,pyjwt,2.15.0,pyjwt_preparsed,preparsed,8,20000,47.8905,41.4980,67.5080,113.5150,cpython 3.11.15,hashlib/hmac OpenSSL 3.0.13 30 Jan 2024,linux/x86_64
x86_64-cloud-vm,Go,golangjwt,v5.3.1,golangjwt_string,string,8,20000,6.5630,4.8580,7.2970,34.9030,go1.24.7,Go crypto/hmac,linux/amd64
x86_64-cloud-vm,Go,golangjwt,v5.3.1,golangjwt_preparsed,preparsed,8,20000,6.8809,4.8320,9.1590,36.2400,go1.24.7,Go crypto/hmac,linux/amd64
x86_64-cloud-vm,Java,nimbus,10.10,nimbus_string,string,8,20000,8.1599,6.7180,8.2720,38.4290,java 21.0.10,JCA SunJCE,linux/amd64
x86_64-cloud-vm,Java,nimbus,10.10,nimbus_preparsed,preparsed,8,20000,5.8013,4.2690,7.6640,24.3230,java 21.0.10,JCA SunJCE,linux/amd64
x86_64-cloud-vm,Java,jjwt,0.13.0,jjwt_string,string,8,20000,85.2802,11.7620,235.4610,326.9330,java 21.0.10,JCA SunJCE,linux/amd64
x86_64-cloud-vm,Java,jjwt,0.13.0,jjwt_preparsed,preparsed,8,20000,16.7591,11.6800,22.8200,55.7330,java 21.0.10,JCA SunJCE,linux/amd64
x86_64-cloud-vm,JavaScript,jsonwebtoken,9.0.3,jsonwebtoken_string,string,9,20000,522.6101,477.9790,637.7740,1015.3850,node v20.20.2,openssl 3.0.19,linux/x64
x86_64-cloud-vm,JavaScript,jsonwebtoken,9.0.3,jsonwebtoken_preparsed,preparsed,9,20000,12.7691,10.1710,14.0880,47.1160,node v20.20.2,openssl 3.0.19,linux/x64
x86_64-cloud-vm,JavaScript,fastjwt,6.3.3,fastjwt_string,string,9,20000,10.2771,7.6790,14.8390,37.8520,node v20.20.2,openssl 3.0.19,linux/x64
x86_64-cloud-vm,JavaScript,fastjwt,6.3.3,fastjwt_preparsed,preparsed,9,20000,10.1543,7.8890,12.6780,39.8750,node v20.20.2,openssl 3.0.19,linux/x64
x86_64-cloud-vm,JavaScript,jose,6.2.12,jose_string,string,9,20000,147.8302,131.3450,192.2610,320.9020,node v20.20.2,openssl 3.0.19,linux/x64
x86_64-cloud-vm,JavaScript,jose,6.2.12,jose_preparsed,preparsed,9,20000,92.2424,79.6000,121.6300,242.3510,node v20.20.2,openssl 3.0.19,linux/x64
x86_64-cloud-vm,JavaScript,jsonwebtoken,9.0.3,jsonwebtoken_string,string,9,20000,40.8529,34.4990,46.3700,114.2910,node v26.10.0,openssl 3.5.8,linux/x64
x86_64-cloud-vm,JavaScript,jsonwebtoken,9.0.3,jsonwebtoken_preparsed,preparsed,9,20000,11.6539,9.8440,11.2590,40.5260,node v26.10.0,openssl 3.5.8,linux/x64
x86_64-cloud-vm,JavaScript,fastjwt,6.3.3,fastjwt_string,string,9,20000,9.8652,7.9170,12.0340,38.4660,node v26.10.0,openssl 3.5.8,linux/x64
x86_64-cloud-vm,JavaScript,fastjwt,6.3.3,fastjwt_preparsed,preparsed,9,20000,9.2960,7.8880,9.0720,33.8530,node v26.10.0,openssl 3.5.8,linux/x64
x86_64-cloud-vm,JavaScript,jose,6.2.12,jose_string,string,9,20000,117.3032,100.0210,156.5620,306.3470,node v26.10.0,openssl 3.5.8,linux/x64
x86_64-cloud-vm,JavaScript,jose,6.2.12,jose_preparsed,preparsed,9,20000,83.3338,72.7500,110.8180,208.6200,node v26.10.0,openssl 3.5.8,linux/x64
x86_64-cloud-vm,Python,pyjwt,2.15.0,pyjwt_string,string,9,20000,45.8639,41.1720,52.3700,112.8420,cpython 3.11.15,hashlib/hmac OpenSSL 3.0.13 30 Jan 2024,linux/x86_64
x86_64-cloud-vm,Python,pyjwt,2.15.0,pyjwt_preparsed,preparsed,9,20000,52.4205,41.9130,73.3260,127.8210,cpython 3.11.15,hashlib/hmac OpenSSL 3.0.13 30 Jan 2024,linux/x86_64
x86_64-cloud-vm,Go,golangjwt,v5.3.1,golangjwt_string,string,9,20000,6.6462,4.8100,9.1200,30.6520,go1.24.7,Go crypto/hmac,linux/amd64
x86_64-cloud-vm,Go,golangjwt,v5.3.1,golangjwt_preparsed,preparsed,9,20000,6.3996,4.7930,8.6470,29.1730,go1.24.7,Go crypto/hmac,linux/amd64
x86_64-cloud-vm,Java,nimbus,10.10,nimbus_string,string,9,20000,5.7896,4.2210,7.6450,25.1290,java 21.0.10,JCA SunJCE,linux/amd64
x86_64-cloud-vm,Java,nimbus,10.10,nimbus_preparsed,preparsed,9,20000,6.6507,5.3800,9.9730,24.7090,java 21.0.10,JCA SunJCE,linux/amd64
x86_64-cloud-vm,Java,jjwt,0.13.0,jjwt_string,string,9,20000,51.1393,11.7400,218.1730,313.8130,java 21.0.10,JCA SunJCE,linux/amd64
x86_64-cloud-vm,Java,jjwt,0.13.0,jjwt_preparsed,preparsed,9,20000,23.1376,12.4330,32.5960,239.5680,java 21.0.10,JCA SunJCE,linux/amd64
x86_64-cloud-vm,JavaScript,jsonwebtoken,9.0.3,jsonwebtoken_string,string,10,20000,506.2414,475.5210,560.2460,999.2370,node v20.20.2,openssl 3.0.19,linux/x64
x86_64-cloud-vm,JavaScript,jsonwebtoken,9.0.3,jsonwebtoken_preparsed,preparsed,10,20000,11.7302,9.8540,11.4940,40.0720,node v20.20.2,openssl 3.0.19,linux/x64
x86_64-cloud-vm,JavaScript,fastjwt,6.3.3,fastjwt_string,string,10,20000,9.2048,7.6660,8.7070,33.4440,node v20.20.2,openssl 3.0.19,linux/x64
x86_64-cloud-vm,JavaScript,fastjwt,6.3.3,fastjwt_preparsed,preparsed,10,20000,8.7886,7.5300,8.4210,31.8420,node v20.20.2,openssl 3.0.19,linux/x64
x86_64-cloud-vm,JavaScript,jose,6.2.12,jose_string,string,10,20000,143.7110,122.4720,181.9960,362.7950,node v20.20.2,openssl 3.0.19,linux/x64
x86_64-cloud-vm,JavaScript,jose,6.2.12,jose_preparsed,preparsed,10,20000,95.3935,83.0260,128.4880,257.5620,node v20.20.2,openssl 3.0.19,linux/x64
x86_64-cloud-vm,JavaScript,jsonwebtoken,9.0.3,jsonwebtoken_string,string,10,20000,40.5290,34.1390,51.9370,97.2740,node v26.10.0,openssl 3.5.8,linux/x64
x86_64-cloud-vm,JavaScript,jsonwebtoken,9.0.3,jsonwebtoken_preparsed,preparsed,10,20000,11.4810,9.4930,11.5150,41.4520,node v26.10.0,openssl 3.5.8,linux/x64
x86_64-cloud-vm,JavaScript,fastjwt,6.3.3,fastjwt_string,string,10,20000,9.5376,7.6780,12.3160,37.0910,node v26.10.0,openssl 3.5.8,linux/x64
x86_64-cloud-vm,JavaScript,fastjwt,6.3.3,fastjwt_preparsed,preparsed,10,20000,9.3775,7.8660,9.3640,36.3810,node v26.10.0,openssl 3.5.8,linux/x64
x86_64-cloud-vm,JavaScript,jose,6.2.12,jose_string,string,10,20000,102.1486,89.5780,130.0270,221.5700,node v26.10.0,openssl 3.5.8,linux/x64
x86_64-cloud-vm,JavaScript,jose,6.2.12,jose_preparsed,preparsed,10,20000,87.5570,76.6950,114.7600,213.3390,node v26.10.0,openssl 3.5.8,linux/x64
x86_64-cloud-vm,Python,pyjwt,2.15.0,pyjwt_string,string,10,20000,43.9134,41.2990,47.3880,80.5620,cpython 3.11.15,hashlib/hmac OpenSSL 3.0.13 30 Jan 2024,linux/x86_64
x86_64-cloud-vm,Python,pyjwt,2.15.0,pyjwt_preparsed,preparsed,10,20000,46.5255,41.2790,63.2640,104.7050,cpython 3.11.15,hashlib/hmac OpenSSL 3.0.13 30 Jan 2024,linux/x86_64
x86_64-cloud-vm,Go,golangjwt,v5.3.1,golangjwt_string,string,10,20000,5.9010,4.6810,6.1670,26.9470,go1.24.7,Go crypto/hmac,linux/amd64
x86_64-cloud-vm,Go,golangjwt,v5.3.1,golangjwt_preparsed,preparsed,10,20000,6.1231,4.7100,7.6530,27.0170,go1.24.7,Go crypto/hmac,linux/amd64
x86_64-cloud-vm,Java,nimbus,10.10,nimbus_string,string,10,20000,5.5785,4.2760,7.4890,15.3890,java 21.0.10,JCA SunJCE,linux/amd64
x86_64-cloud-vm,Java,nimbus,10.10,nimbus_preparsed,preparsed,10,20000,5.5472,3.9620,7.0040,15.0840,java 21.0.10,JCA SunJCE,linux/amd64
x86_64-cloud-vm,Java,jjwt,0.13.0,jjwt_string,string,10,20000,61.8956,13.1150,225.9640,312.7030,java 21.0.10,JCA SunJCE,linux/amd64
x86_64-cloud-vm,Java,jjwt,0.13.0,jjwt_preparsed,preparsed,10,20000,63.5858,11.3030,229.9590,305.6190,java 21.0.10,JCA SunJCE,linux/amd64
x86_64-cloud-vm,JavaScript,jsonwebtoken,9.0.3,jsonwebtoken_string,string,11,20000,516.6302,475.6880,606.8070,1015.8300,node v20.20.2,openssl 3.0.19,linux/x64
x86_64-cloud-vm,JavaScript,jsonwebtoken,9.0.3,jsonwebtoken_preparsed,preparsed,11,20000,12.6434,10.2310,14.2150,42.9520,node v20.20.2,openssl 3.0.19,linux/x64
x86_64-cloud-vm,JavaScript,fastjwt,6.3.3,fastjwt_string,string,11,20000,9.4898,7.5640,12.5770,34.6360,node v20.20.2,openssl 3.0.19,linux/x64
x86_64-cloud-vm,JavaScript,fastjwt,6.3.3,fastjwt_preparsed,preparsed,11,20000,9.2688,7.7700,9.5640,34.8100,node v20.20.2,openssl 3.0.19,linux/x64
x86_64-cloud-vm,JavaScript,jose,6.2.12,jose_string,string,11,20000,142.8873,121.7540,187.7150,336.1770,node v20.20.2,openssl 3.0.19,linux/x64
x86_64-cloud-vm,JavaScript,jose,6.2.12,jose_preparsed,preparsed,11,20000,89.5140,75.8630,116.5090,270.5690,node v20.20.2,openssl 3.0.19,linux/x64
x86_64-cloud-vm,JavaScript,jsonwebtoken,9.0.3,jsonwebtoken_string,string,11,20000,45.2842,34.6980,63.3640,145.8920,node v26.10.0,openssl 3.5.8,linux/x64
x86_64-cloud-vm,JavaScript,jsonwebtoken,9.0.3,jsonwebtoken_preparsed,preparsed,11,20000,11.7621,9.8770,11.1880,42.2600,node v26.10.0,openssl 3.5.8,linux/x64
x86_64-cloud-vm,JavaScript,fastjwt,6.3.3,fastjwt_string,string,11,20000,9.7708,7.8670,9.6720,37.6480,node v26.10.0,openssl 3.5.8,linux/x64
x86_64-cloud-vm,JavaScript,fastjwt,6.3.3,fastjwt_preparsed,preparsed,11,20000,9.7644,7.9350,9.4850,36.0720,node v26.10.0,openssl 3.5.8,linux/x64
x86_64-cloud-vm,JavaScript,jose,6.2.12,jose_string,string,11,20000,114.5502,98.9220,148.1830,291.2890,node v26.10.0,openssl 3.5.8,linux/x64
x86_64-cloud-vm,JavaScript,jose,6.2.12,jose_preparsed,preparsed,11,20000,85.3299,73.9840,106.2500,214.2910,node v26.10.0,openssl 3.5.8,linux/x64
x86_64-cloud-vm,Python,pyjwt,2.15.0,pyjwt_string,string,11,20000,46.3813,41.0970,60.1110,110.9410,cpython 3.11.15,hashlib/hmac OpenSSL 3.0.13 30 Jan 2024,linux/x86_64
x86_64-cloud-vm,Python,pyjwt,2.15.0,pyjwt_preparsed,preparsed,11,20000,50.8947,41.4690,71.7300,127.6710,cpython 3.11.15,hashlib/hmac OpenSSL 3.0.13 30 Jan 2024,linux/x86_64
x86_64-cloud-vm,Go,golangjwt,v5.3.1,golangjwt_string,string,11,20000,6.1741,4.8200,7.3500,28.1460,go1.24.7,Go crypto/hmac,linux/amd64
x86_64-cloud-vm,Go,golangjwt,v5.3.1,golangjwt_preparsed,preparsed,11,20000,7.7289,5.0770,10.1970,41.8540,go1.24.7,Go crypto/hmac,linux/amd64
x86_64-cloud-vm,Java,nimbus,10.10,nimbus_string,string,11,20000,5.5487,4.1370,7.6600,17.2950,java 21.0.10,JCA SunJCE,linux/amd64
x86_64-cloud-vm,Java,nimbus,10.10,nimbus_preparsed,preparsed,11,20000,5.9527,4.2840,8.0130,21.5420,java 21.0.10,JCA SunJCE,linux/amd64
x86_64-cloud-vm,Java,jjwt,0.13.0,jjwt_string,string,11,20000,65.4903,18.6840,247.2220,368.9390,java 21.0.10,JCA SunJCE,linux/amd64
x86_64-cloud-vm,Java,jjwt,0.13.0,jjwt_preparsed,preparsed,11,20000,19.5288,12.3320,27.6420,88.3050,java 21.0.10,JCA SunJCE,linux/amd64
x86_64-cloud-vm,JavaScript,jsonwebtoken,9.0.3,jsonwebtoken_string,string,12,20000,518.8774,477.4320,606.9690,1037.6850,node v20.20.2,openssl 3.0.19,linux/x64
x86_64-cloud-vm,JavaScript,jsonwebtoken,9.0.3,jsonwebtoken_preparsed,preparsed,12,20000,14.5906,10.8090,18.7220,55.4020,node v20.20.2,openssl 3.0.19,linux/x64
x86_64-cloud-vm,JavaScript,fastjwt,6.3.3,fastjwt_string,string,12,20000,10.4734,7.7150,14.0910,36.8490,node v20.20.2,openssl 3.0.19,linux/x64
x86_64-cloud-vm,JavaScript,fastjwt,6.3.3,fastjwt_preparsed,preparsed,12,20000,9.5088,7.6420,11.0250,35.6730,node v20.20.2,openssl 3.0.19,linux/x64
x86_64-cloud-vm,JavaScript,jose,6.2.12,jose_string,string,12,20000,135.9136,119.1760,167.7530,295.2520,node v20.20.2,openssl 3.0.19,linux/x64
x86_64-cloud-vm,JavaScript,jose,6.2.12,jose_preparsed,preparsed,12,20000,87.5646,76.7160,113.4090,219.3220,node v20.20.2,openssl 3.0.19,linux/x64
x86_64-cloud-vm,JavaScript,jsonwebtoken,9.0.3,jsonwebtoken_string,string,12,20000,40.8238,34.7600,45.9770,102.1690,node v26.10.0,openssl 3.5.8,linux/x64
x86_64-cloud-vm,JavaScript,jsonwebtoken,9.0.3,jsonwebtoken_preparsed,preparsed,12,20000,12.7309,9.9870,16.6180,44.9590,node v26.10.0,openssl 3.5.8,linux/x64
x86_64-cloud-vm,JavaScript,fastjwt,6.3.3,fastjwt_string,string,12,20000,9.7248,8.0640,10.5460,38.1030,node v26.10.0,openssl 3.5.8,linux/x64
x86_64-cloud-vm,JavaScript,fastjwt,6.3.3,fastjwt_preparsed,preparsed,12,20000,9.0859,7.8010,8.9940,35.2980,node v26.10.0,openssl 3.5.8,linux/x64
x86_64-cloud-vm,JavaScript,jose,6.2.12,jose_string,string,12,20000,114.1862,99.4680,145.0370,263.0230,node v26.10.0,openssl 3.5.8,linux/x64
x86_64-cloud-vm,JavaScript,jose,6.2.12,jose_preparsed,preparsed,12,20000,85.2909,74.6720,111.2260,199.2040,node v26.10.0,openssl 3.5.8,linux/x64
x86_64-cloud-vm,Python,pyjwt,2.15.0,pyjwt_string,string,12,20000,47.0924,41.3260,59.5430,107.7510,cpython 3.11.15,hashlib/hmac OpenSSL 3.0.13 30 Jan 2024,linux/x86_64
x86_64-cloud-vm,Python,pyjwt,2.15.0,pyjwt_preparsed,preparsed,12,20000,43.7006,40.9860,46.8700,81.7670,cpython 3.11.15,hashlib/hmac OpenSSL 3.0.13 30 Jan 2024,linux/x86_64
x86_64-cloud-vm,Go,golangjwt,v5.3.1,golangjwt_string,string,12,20000,6.0044,4.7400,6.1170,26.4480,go1.24.7,Go crypto/hmac,linux/amd64
x86_64-cloud-vm,Go,golangjwt,v5.3.1,golangjwt_preparsed,preparsed,12,20000,5.7106,4.6220,5.8700,23.9470,go1.24.7,Go crypto/hmac,linux/amd64
x86_64-cloud-vm,Java,nimbus,10.10,nimbus_string,string,12,20000,5.6510,4.2630,7.6880,15.5560,java 21.0.10,JCA SunJCE,linux/amd64
x86_64-cloud-vm,Java,nimbus,10.10,nimbus_preparsed,preparsed,12,20000,5.8002,4.2290,7.7370,21.6770,java 21.0.10,JCA SunJCE,linux/amd64
x86_64-cloud-vm,Java,jjwt,0.13.0,jjwt_string,string,12,20000,44.8708,11.9770,214.9300,261.7380,java 21.0.10,JCA SunJCE,linux/amd64
x86_64-cloud-vm,Java,jjwt,0.13.0,jjwt_preparsed,preparsed,12,20000,19.5378,15.9300,24.8550,65.4700,java 21.0.10,JCA SunJCE,linux/amd64
x86_64-cloud-vm,JavaScript,jsonwebtoken,9.0.3,jsonwebtoken_string,string,13,20000,501.8509,472.7560,561.2470,984.3430,node v20.20.2,openssl 3.0.19,linux/x64
x86_64-cloud-vm,JavaScript,jsonwebtoken,9.0.3,jsonwebtoken_preparsed,preparsed,13,20000,12.7824,10.5400,14.0640,43.9650,node v20.20.2,openssl 3.0.19,linux/x64
x86_64-cloud-vm,JavaScript,fastjwt,6.3.3,fastjwt_string,string,13,20000,8.7276,7.5510,8.3930,30.7190,node v20.20.2,openssl 3.0.19,linux/x64
x86_64-cloud-vm,JavaScript,fastjwt,6.3.3,fastjwt_preparsed,preparsed,13,20000,8.5338,7.4400,8.1780,30.4570,node v20.20.2,openssl 3.0.19,linux/x64
x86_64-cloud-vm,JavaScript,jose,6.2.12,jose_string,string,13,20000,142.6948,126.3370,179.7940,292.8740,node v20.20.2,openssl 3.0.19,linux/x64
x86_64-cloud-vm,JavaScript,jose,6.2.12,jose_preparsed,preparsed,13,20000,86.4091,74.9820,113.9480,221.9200,node v20.20.2,openssl 3.0.19,linux/x64
x86_64-cloud-vm,JavaScript,jsonwebtoken,9.0.3,jsonwebtoken_string,string,13,20000,44.4684,34.3350,65.7770,137.7600,node v26.10.0,openssl 3.5.8,linux/x64
x86_64-cloud-vm,JavaScript,jsonwebtoken,9.0.3,jsonwebtoken_preparsed,preparsed,13,20000,12.6421,9.9910,15.8240,46.8640,node v26.10.0,openssl 3.5.8,linux/x64
x86_64-cloud-vm,JavaScript,fastjwt,6.3.3,fastjwt_string,string,13,20000,9.1980,7.7660,9.0210,34.9160,node v26.10.0,openssl 3.5.8,linux/x64
x86_64-cloud-vm,JavaScript,fastjwt,6.3.3,fastjwt_preparsed,preparsed,13,20000,9.4994,7.9000,9.2420,35.0990,node v26.10.0,openssl 3.5.8,linux/x64
x86_64-cloud-vm,JavaScript,jose,6.2.12,jose_string,string,13,20000,118.1247,99.5500,157.9360,305.5310,node v26.10.0,openssl 3.5.8,linux/x64
x86_64-cloud-vm,JavaScript,jose,6.2.12,jose_preparsed,preparsed,13,20000,83.7731,73.4930,105.1270,203.4600,node v26.10.0,openssl 3.5.8,linux/x64
x86_64-cloud-vm,Python,pyjwt,2.15.0,pyjwt_string,string,13,20000,43.5137,40.8010,47.0770,80.8430,cpython 3.11.15,hashlib/hmac OpenSSL 3.0.13 30 Jan 2024,linux/x86_64
x86_64-cloud-vm,Python,pyjwt,2.15.0,pyjwt_preparsed,preparsed,13,20000,45.3303,40.9040,56.5160,98.0580,cpython 3.11.15,hashlib/hmac OpenSSL 3.0.13 30 Jan 2024,linux/x86_64
x86_64-cloud-vm,Go,golangjwt,v5.3.1,golangjwt_string,string,13,20000,6.6514,4.8890,9.2530,28.2310,go1.24.7,Go crypto/hmac,linux/amd64
x86_64-cloud-vm,Go,golangjwt,v5.3.1,golangjwt_preparsed,preparsed,13,20000,6.0322,4.7190,7.4460,26.2880,go1.24.7,Go crypto/hmac,linux/amd64
x86_64-cloud-vm,Java,nimbus,10.10,nimbus_string,string,13,20000,6.9239,5.7990,8.9700,32.5510,java 21.0.10,JCA SunJCE,linux/amd64
x86_64-cloud-vm,Java,nimbus,10.10,nimbus_preparsed,preparsed,13,20000,5.5446,3.9570,7.4060,17.6180,java 21.0.10,JCA SunJCE,linux/amd64
x86_64-cloud-vm,Java,jjwt,0.13.0,jjwt_string,string,13,20000,40.3232,12.0290,210.9660,256.2880,java 21.0.10,JCA SunJCE,linux/amd64
x86_64-cloud-vm,Java,jjwt,0.13.0,jjwt_preparsed,preparsed,13,20000,56.0809,12.7650,232.3210,331.4430,java 21.0.10,JCA SunJCE,linux/amd64
x86_64-cloud-vm,JavaScript,jsonwebtoken,9.0.3,jsonwebtoken_string,string,14,20000,512.3376,478.3960,581.3860,1064.9710,node v20.20.2,openssl 3.0.19,linux/x64
x86_64-cloud-vm,JavaScript,jsonwebtoken,9.0.3,jsonwebtoken_preparsed,preparsed,14,20000,13.2992,10.4490,14.4280,45.5020,node v20.20.2,openssl 3.0.19,linux/x64
x86_64-cloud-vm,JavaScript,fastjwt,6.3.3,fastjwt_string,string,14,20000,9.0752,7.6160,8.5480,35.4350,node v20.20.2,openssl 3.0.19,linux/x64
x86_64-cloud-vm,JavaScript,fastjwt,6.3.3,fastjwt_preparsed,preparsed,14,20000,8.7206,7.5070,8.3980,32.0830,node v20.20.2,openssl 3.0.19,linux/x64
x86_64-cloud-vm,JavaScript,jose,6.2.12,jose_string,string,14,20000,132.5719,115.8160,166.8810,300.5050,node v20.20.2,openssl 3.0.19,linux/x64
x86_64-cloud-vm,JavaScript,jose,6.2.12,jose_preparsed,preparsed,14,20000,90.0982,77.3150,114.0690,249.9920,node v20.20.2,openssl 3.0.19,linux/x64
x86_64-cloud-vm,JavaScript,jsonwebtoken,9.0.3,jsonwebtoken_string,string,14,20000,40.2003,34.1540,43.9720,95.0530,node v26.10.0,openssl 3.5.8,linux/x64
x86_64-cloud-vm,JavaScript,jsonwebtoken,9.0.3,jsonwebtoken_preparsed,preparsed,14,20000,12.1109,9.7530,14.3950,45.4880,node v26.10.0,openssl 3.5.8,linux/x64
x86_64-cloud-vm,JavaScript,fastjwt,6.3.3,fastjwt_string,string,14,20000,9.2273,7.7330,9.1800,36.2660,node v26.10.0,openssl 3.5.8,linux/x64
x86_64-cloud-vm,JavaScript,fastjwt,6.3.3,fastjwt_preparsed,preparsed,14,20000,9.6004,8.0520,9.4360,37.2120,node v26.10.0,openssl 3.5.8,linux/x64
x86_64-cloud-vm,JavaScript,jose,6.2.12,jose_string,string,14,20000,113.1625,98.8910,144.0290,264.0420,node v26.10.0,openssl 3.5.8,linux/x64
x86_64-cloud-vm,JavaScript,jose,6.2.12,jose_preparsed,preparsed,14,20000,86.8052,76.0130,114.6960,216.5010,node v26.10.0,openssl 3.5.8,linux/x64
x86_64-cloud-vm,Python,pyjwt,2.15.0,pyjwt_string,string,14,20000,47.3361,41.3610,58.8590,121.7130,cpython 3.11.15,hashlib/hmac OpenSSL 3.0.13 30 Jan 2024,linux/x86_64
x86_64-cloud-vm,Python,pyjwt,2.15.0,pyjwt_preparsed,preparsed,14,20000,49.2167,41.9310,69.3930,118.5060,cpython 3.11.15,hashlib/hmac OpenSSL 3.0.13 30 Jan 2024,linux/x86_64
x86_64-cloud-vm,Go,golangjwt,v5.3.1,golangjwt_string,string,14,20000,5.8636,4.7230,6.0880,26.9280,go1.24.7,Go crypto/hmac,linux/amd64
x86_64-cloud-vm,Go,golangjwt,v5.3.1,golangjwt_preparsed,preparsed,14,20000,6.7300,4.7930,8.3150,29.6780,go1.24.7,Go crypto/hmac,linux/amd64
x86_64-cloud-vm,Java,nimbus,10.10,nimbus_string,string,14,20000,6.8861,6.2620,8.1610,36.2800,java 21.0.10,JCA SunJCE,linux/amd64
x86_64-cloud-vm,Java,nimbus,10.10,nimbus_preparsed,preparsed,14,20000,6.2166,5.2460,8.2640,26.8510,java 21.0.10,JCA SunJCE,linux/amd64
x86_64-cloud-vm,Java,jjwt,0.13.0,jjwt_string,string,14,20000,59.4508,12.4750,213.7730,262.1070,java 21.0.10,JCA SunJCE,linux/amd64
x86_64-cloud-vm,Java,jjwt,0.13.0,jjwt_preparsed,preparsed,14,20000,17.5262,11.8270,23.9080,65.5700,java 21.0.10,JCA SunJCE,linux/amd64
x86_64-cloud-vm,JavaScript,jsonwebtoken,9.0.3,jsonwebtoken_string,string,15,20000,507.3004,473.6100,583.8560,983.4830,node v20.20.2,openssl 3.0.19,linux/x64
x86_64-cloud-vm,JavaScript,jsonwebtoken,9.0.3,jsonwebtoken_preparsed,preparsed,15,20000,12.9273,10.1950,15.8110,48.0780,node v20.20.2,openssl 3.0.19,linux/x64
x86_64-cloud-vm,JavaScript,fastjwt,6.3.3,fastjwt_string,string,15,20000,8.9065,7.4790,8.7030,34.1810,node v20.20.2,openssl 3.0.19,linux/x64
x86_64-cloud-vm,JavaScript,fastjwt,6.3.3,fastjwt_preparsed,preparsed,15,20000,8.2875,7.2750,7.9900,30.7090,node v20.20.2,openssl 3.0.19,linux/x64
x86_64-cloud-vm,JavaScript,jose,6.2.12,jose_string,string,15,20000,139.4561,121.2300,175.5870,329.2860,node v20.20.2,openssl 3.0.19,linux/x64
x86_64-cloud-vm,JavaScript,jose,6.2.12,jose_preparsed,preparsed,15,20000,85.9053,75.3180,108.5480,225.2210,node v20.20.2,openssl 3.0.19,linux/x64
x86_64-cloud-vm,JavaScript,jsonwebtoken,9.0.3,jsonwebtoken_string,string,15,20000,40.3116,34.1890,44.9230,113.8960,node v26.10.0,openssl 3.5.8,linux/x64
x86_64-cloud-vm,JavaScript,jsonwebtoken,9.0.3,jsonwebtoken_preparsed,preparsed,15,20000,14.2430,10.5100,16.8200,52.5780,node v26.10.0,openssl 3.5.8,linux/x64
x86_64-cloud-vm,JavaScript,fastjwt,6.3.3,fastjwt_string,string,15,20000,9.4595,7.9960,9.2040,35.0530,node v26.10.0,openssl 3.5.8,linux/x64
x86_64-cloud-vm,JavaScript,fastjwt,6.3.3,fastjwt_preparsed,preparsed,15,20000,9.3467,7.8940,9.1540,34.6900,node v26.10.0,openssl 3.5.8,linux/x64
x86_64-cloud-vm,JavaScript,jose,6.2.12,jose_string,string,15,20000,108.4349,95.8110,140.2230,248.6740,node v26.10.0,openssl 3.5.8,linux/x64
x86_64-cloud-vm,JavaScript,jose,6.2.12,jose_preparsed,preparsed,15,20000,82.9621,73.1050,108.2640,189.0090,node v26.10.0,openssl 3.5.8,linux/x64
x86_64-cloud-vm,Python,pyjwt,2.15.0,pyjwt_string,string,15,20000,48.7129,41.4910,69.4250,116.2770,cpython 3.11.15,hashlib/hmac OpenSSL 3.0.13 30 Jan 2024,linux/x86_64
x86_64-cloud-vm,Python,pyjwt,2.15.0,pyjwt_preparsed,preparsed,15,20000,46.6833,41.0890,64.5900,102.7720,cpython 3.11.15,hashlib/hmac OpenSSL 3.0.13 30 Jan 2024,linux/x86_64
x86_64-cloud-vm,Go,golangjwt,v5.3.1,golangjwt_string,string,15,20000,5.6458,4.6740,5.7040,25.9440,go1.24.7,Go crypto/hmac,linux/amd64
x86_64-cloud-vm,Go,golangjwt,v5.3.1,golangjwt_preparsed,preparsed,15,20000,5.5859,4.6100,5.6830,23.5540,go1.24.7,Go crypto/hmac,linux/amd64
x86_64-cloud-vm,Java,nimbus,10.10,nimbus_string,string,15,20000,5.8865,4.1380,7.4820,24.3940,java 21.0.10,JCA SunJCE,linux/amd64
x86_64-cloud-vm,Java,nimbus,10.10,nimbus_preparsed,preparsed,15,20000,5.5456,3.9860,7.1880,14.7450,java 21.0.10,JCA SunJCE,linux/amd64
x86_64-cloud-vm,Java,jjwt,0.13.0,jjwt_string,string,15,20000,40.9197,12.5310,208.7180,276.9890,java 21.0.10,JCA SunJCE,linux/amd64
x86_64-cloud-vm,Java,jjwt,0.13.0,jjwt_preparsed,preparsed,15,20000,16.8824,12.0380,23.5160,55.9380,java 21.0.10,JCA SunJCE,linux/amd64
