pass,rate_rps,verify_count,verify_mean_us,verify_p50_us,verify_p90_us,verify_p99_us,handler_mean_us,host_load1
asc,5,901,221.42,198.83,376.09,597.25,775.78,3.95
asc,10,1801,235.01,205.01,427.30,1058.47,860.43,2.58
asc,25,4500,168.44,145.68,284.54,569.10,614.67,3.98
asc,50,9001,127.19,100.26,260.13,482.59,469.48,2.7
asc,100,17993,79.70,59.05,163.49,358.02,325.46,2.41
asc,200,36001,71.68,49.63,141.24,408.52,312.63,4.88
asc,400,72001,39.38,32.18,71.11,243.73,196.09,5.33
desc,5,901,200.88,179.73,287.42,899.57,747.41,2.35
desc,10,1801,188.06,169.50,283.25,879.60,682.91,2.36
desc,25,4501,160.58,137.47,276.47,557.76,585.44,1.95
desc,50,9001,116.67,88.18,256.52,327.55,447.46,2.53
desc,100,18001,66.93,53.65,140.79,286.62,283.22,3.38
desc,200,36001,42.78,34.30,74.66,239.34,199.40,4.9
desc,400,71987,34.61,30.93,60.88,147.41,171.30,4.21
