macro,value,source_file
AbCpuDelta,76.92,data/runs/INSITU-AB-authmode-jwt/openloop_ramp.csv
AbCpuJwt,146.38,data/runs/INSITU-AB-authmode-jwt/openloop_ramp.csv
AbCpuNone,69.45,data/runs/INSITU-AB-authmode-none/openloop_ramp.csv
AbCpuPerRequestUs,384.6,data/runs/INSITU-AB-authmode-jwt/openloop_ramp.csv
AbLatencyJwt,2.0332,data/runs/INSITU-AB-authmode-jwt/openloop_ramp.csv
AbLatencyNone,1.6802,data/runs/INSITU-AB-authmode-none/openloop_ramp.csv
AbRate,200,data/runs/INSITU-AB-authmode-jwt/openloop_ramp.csv
EnvKubernetesVersion,1.32.2,data/runs/2026-09-14T15-01-36Z-verifyrate-hs256-preparsed/run_metadata.json
EnvNodeVersion,26.6.0,data/runs/2026-09-14T15-01-36Z-verifyrate-hs256-preparsed/run_metadata.json
Fifty,50,data/runs/2026-09-14T15-01-36Z-verifyrate-hs256-preparsed/run_metadata.json
Five,5,data/runs/2026-09-14T15-01-36Z-verifyrate-hs256-preparsed/run_metadata.json
FourHundred,400,data/runs/2026-09-14T15-01-36Z-verifyrate-hs256-preparsed/run_metadata.json
GapEffectPreparsedRatio,24.2,data/runs/MECHANISM-2026-09-14-interarrival-gap/gap_keyform_incontainer.csv
GapEffectStringRatio,2.7,data/runs/MECHANISM-2026-09-14-interarrival-gap/gap_keyform_incontainer.csv
GapFiftyMsKeyRatio,6.6,data/runs/MECHANISM-2026-09-14-interarrival-gap/gap_keyform_incontainer.csv
GapFiftyMsPreparsed,157.01,data/runs/MECHANISM-2026-09-14-interarrival-gap/gap_keyform_incontainer.csv
GapFiftyMsString,1037.51,data/runs/MECHANISM-2026-09-14-interarrival-gap/gap_keyform_incontainer.csv
GapTenMsKeyRatio,6.7,data/runs/MECHANISM-2026-09-14-interarrival-gap/gap_keyform_incontainer.csv
GapTenMsPreparsed,111.49,data/runs/MECHANISM-2026-09-14-interarrival-gap/gap_keyform_incontainer.csv
GapTenMsString,747.82,data/runs/MECHANISM-2026-09-14-interarrival-gap/gap_keyform_incontainer.csv
GapTwoHundredMsKeyRatio,4.8,data/runs/MECHANISM-2026-09-14-interarrival-gap/gap_keyform_incontainer.csv
GapTwoHundredMsPreparsed,233.25,data/runs/MECHANISM-2026-09-14-interarrival-gap/gap_keyform_incontainer.csv
GapTwoHundredMsString,1125.88,data/runs/MECHANISM-2026-09-14-interarrival-gap/gap_keyform_incontainer.csv
GapTwoMsKeyRatio,7.3,data/runs/MECHANISM-2026-09-14-interarrival-gap/gap_keyform_incontainer.csv
GapTwoMsPreparsed,87.73,data/runs/MECHANISM-2026-09-14-interarrival-gap/gap_keyform_incontainer.csv
GapTwoMsString,637.32,data/runs/MECHANISM-2026-09-14-interarrival-gap/gap_keyform_incontainer.csv
Hundred,100,data/runs/2026-09-14T15-01-36Z-verifyrate-hs256-preparsed/run_metadata.json
InsituAppSharePct,28,data/runs/INSITU-2026-09-14-verify-cost/openloop_ramp.csv
InsituClientMean,1944,data/runs/INSITU-2026-09-14-verify-cost/openloop_ramp.csv
InsituHandlerMean,548.98,data/runs/INSITU-2026-09-14-verify-cost/after.prom
InsituVerifyMean,421.21,data/runs/INSITU-2026-09-14-verify-cost/after.prom
InsituVersusMicrobenchRatio,16.2,data/runs/INSITU-2026-09-14-verify-cost/after.prom + data/runs/2026-09-13T20-34-41Z-microbench/microbench.csv
KfAlgRatioPreparsed,3.9,data/runs/KEYFORM-2026-09-14/keyform_incontainer.csv
KfAlgRatioString,0.39,data/runs/KEYFORM-2026-09-14/keyform_incontainer.csv
KfHsConvPct,98.1,data/runs/KEYFORM-2026-09-14/keyform_incontainer.csv
KfHsPreparsed,8.26,data/runs/KEYFORM-2026-09-14/keyform_incontainer.csv
KfHsPreparsedIterations,40000,data/runs/KEYFORM-2026-09-14/keyform_incontainer.csv
KfHsPreparsedPFifty,7.17,data/runs/KEYFORM-2026-09-14/keyform_incontainer.csv
KfHsRatio,52.8,data/runs/KEYFORM-2026-09-14/keyform_incontainer.csv
KfHsString,435.72,data/runs/KEYFORM-2026-09-14/keyform_incontainer.csv
KfHsStringIterations,40000,data/runs/KEYFORM-2026-09-14/keyform_incontainer.csv
KfHsStringPFifty,421.17,data/runs/KEYFORM-2026-09-14/keyform_incontainer.csv
KfRsConvPct,81.4,data/runs/KEYFORM-2026-09-14/keyform_incontainer.csv
KfRsPreparsed,31.99,data/runs/KEYFORM-2026-09-14/keyform_incontainer.csv
KfRsPreparsedIterations,40000,data/runs/KEYFORM-2026-09-14/keyform_incontainer.csv
KfRsPreparsedPFifty,29.42,data/runs/KEYFORM-2026-09-14/keyform_incontainer.csv
KfRsRatio,5.4,data/runs/KEYFORM-2026-09-14/keyform_incontainer.csv
KfRsString,171.80,data/runs/KEYFORM-2026-09-14/keyform_incontainer.csv
KfRsStringIterations,40000,data/runs/KEYFORM-2026-09-14/keyform_incontainer.csv
KfRsStringPFifty,162.33,data/runs/KEYFORM-2026-09-14/keyform_incontainer.csv
MbFullVerifySpreadPct,2.7,data/runs/2026-09-13T20-34-41Z-microbench/microbench.spread.txt
MbHsFourKbDecode,2.090,data/runs/2026-09-13T20-34-41Z-microbench/microbench.csv
MbHsFourKbFull,31.40,data/runs/2026-09-13T20-34-41Z-microbench/microbench.csv
MbHsFourKbIterations,180000,data/runs/2026-09-13T20-34-41Z-microbench/microbench.csv
MbHsFourKbPrimitive,2.613,data/runs/2026-09-13T20-34-41Z-microbench/microbench.csv
MbHsFourKbPrimitivePct,8.3,data/runs/2026-09-13T20-34-41Z-microbench/microbench.csv
MbHsFourKbResidual,26.70,data/runs/2026-09-13T20-34-41Z-microbench/microbench.csv
MbHsFourKbResidualPct,85.0,data/runs/2026-09-13T20-34-41Z-microbench/microbench.csv
MbHsHalfKbDecode,0.895,data/runs/2026-09-13T20-34-41Z-microbench/microbench.csv
MbHsHalfKbFull,26.01,data/runs/2026-09-13T20-34-41Z-microbench/microbench.csv
MbHsHalfKbIterations,180000,data/runs/2026-09-13T20-34-41Z-microbench/microbench.csv
MbHsHalfKbPrimitive,1.484,data/runs/2026-09-13T20-34-41Z-microbench/microbench.csv
MbHsHalfKbPrimitivePct,5.7,data/runs/2026-09-13T20-34-41Z-microbench/microbench.csv
MbHsHalfKbResidual,23.63,data/runs/2026-09-13T20-34-41Z-microbench/microbench.csv
MbHsHalfKbResidualPct,90.9,data/runs/2026-09-13T20-34-41Z-microbench/microbench.csv
MbHsTwoKbDecode,1.355,data/runs/2026-09-13T20-34-41Z-microbench/microbench.csv
MbHsTwoKbFull,28.67,data/runs/2026-09-13T20-34-41Z-microbench/microbench.csv
MbHsTwoKbIterations,180000,data/runs/2026-09-13T20-34-41Z-microbench/microbench.csv
MbHsTwoKbPrimitive,1.904,data/runs/2026-09-13T20-34-41Z-microbench/microbench.csv
MbHsTwoKbPrimitivePct,6.6,data/runs/2026-09-13T20-34-41Z-microbench/microbench.csv
MbHsTwoKbResidual,25.41,data/runs/2026-09-13T20-34-41Z-microbench/microbench.csv
MbHsTwoKbResidualPct,88.6,data/runs/2026-09-13T20-34-41Z-microbench/microbench.csv
MbRsFourKbDecode,2.009,data/runs/2026-09-13T20-34-41Z-microbench/microbench.csv
MbRsFourKbFull,34.31,data/runs/2026-09-13T20-34-41Z-microbench/microbench.csv
MbRsFourKbIterations,180000,data/runs/2026-09-13T20-34-41Z-microbench/microbench.csv
MbRsFourKbPrimitive,12.422,data/runs/2026-09-13T20-34-41Z-microbench/microbench.csv
MbRsFourKbPrimitivePct,36.2,data/runs/2026-09-13T20-34-41Z-microbench/microbench.csv
MbRsFourKbResidual,19.88,data/runs/2026-09-13T20-34-41Z-microbench/microbench.csv
MbRsFourKbResidualPct,57.9,data/runs/2026-09-13T20-34-41Z-microbench/microbench.csv
MbRsHalfKbDecode,0.894,data/runs/2026-09-13T20-34-41Z-microbench/microbench.csv
MbRsHalfKbFull,29.00,data/runs/2026-09-13T20-34-41Z-microbench/microbench.csv
MbRsHalfKbIterations,180000,data/runs/2026-09-13T20-34-41Z-microbench/microbench.csv
MbRsHalfKbPrimitive,11.159,data/runs/2026-09-13T20-34-41Z-microbench/microbench.csv
MbRsHalfKbPrimitivePct,38.5,data/runs/2026-09-13T20-34-41Z-microbench/microbench.csv
MbRsHalfKbResidual,16.95,data/runs/2026-09-13T20-34-41Z-microbench/microbench.csv
MbRsHalfKbResidualPct,58.4,data/runs/2026-09-13T20-34-41Z-microbench/microbench.csv
MbRsTwoKbDecode,1.353,data/runs/2026-09-13T20-34-41Z-microbench/microbench.csv
MbRsTwoKbFull,30.90,data/runs/2026-09-13T20-34-41Z-microbench/microbench.csv
MbRsTwoKbIterations,180000,data/runs/2026-09-13T20-34-41Z-microbench/microbench.csv
MbRsTwoKbPrimitive,12.028,data/runs/2026-09-13T20-34-41Z-microbench/microbench.csv
MbRsTwoKbPrimitivePct,38.9,data/runs/2026-09-13T20-34-41Z-microbench/microbench.csv
MbRsTwoKbResidual,17.51,data/runs/2026-09-13T20-34-41Z-microbench/microbench.csv
MbRsTwoKbResidualPct,56.7,data/runs/2026-09-13T20-34-41Z-microbench/microbench.csv
MbWorstStageSpreadPct,12.6,data/runs/2026-09-13T20-34-41Z-microbench/microbench.spread.txt
Ten,10,data/runs/2026-09-14T15-01-36Z-verifyrate-hs256-preparsed/run_metadata.json
TightKeyRatio,43.1,data/runs/MECHANISM-2026-09-14-interarrival-gap/gap_keyform_incontainer.csv
TightPreparsed,9.63,data/runs/MECHANISM-2026-09-14-interarrival-gap/gap_keyform_incontainer.csv
TightString,415.43,data/runs/MECHANISM-2026-09-14-interarrival-gap/gap_keyform_incontainer.csv
TwentyFive,25,data/runs/2026-09-14T15-01-36Z-verifyrate-hs256-preparsed/run_metadata.json
TwoHundred,200,data/runs/2026-09-14T15-01-36Z-verifyrate-hs256-preparsed/run_metadata.json
VrAlgRatioFifty,1.60,data/runs/2026-09-14T06-41-56Z-verifyrate-rs256/verify_rate_curve.csv
VrAlgRatioFive,1.59,data/runs/2026-09-14T06-41-56Z-verifyrate-rs256/verify_rate_curve.csv
VrAlgRatioFourHundred,1.50,data/runs/2026-09-14T06-41-56Z-verifyrate-rs256/verify_rate_curve.csv
VrAlgRatioHundred,1.51,data/runs/2026-09-14T06-41-56Z-verifyrate-rs256/verify_rate_curve.csv
VrAlgRatioTen,1.44,data/runs/2026-09-14T06-41-56Z-verifyrate-rs256/verify_rate_curve.csv
VrAlgRatioTwentyFive,1.61,data/runs/2026-09-14T06-41-56Z-verifyrate-rs256/verify_rate_curve.csv
VrAlgRatioTwoHundred,1.03,data/runs/2026-09-14T06-41-56Z-verifyrate-rs256/verify_rate_curve.csv
VrConvPctFifty,83,data/runs/2026-09-14T05-57-22Z-verifyrate-hs256/verify_rate_curve.csv
VrConvPctFive,76,data/runs/2026-09-14T05-57-22Z-verifyrate-hs256/verify_rate_curve.csv
VrConvPctFourHundred,91,data/runs/2026-09-14T05-57-22Z-verifyrate-hs256/verify_rate_curve.csv
VrConvPctHundred,86,data/runs/2026-09-14T05-57-22Z-verifyrate-hs256/verify_rate_curve.csv
VrConvPctTen,76,data/runs/2026-09-14T05-57-22Z-verifyrate-hs256/verify_rate_curve.csv
VrConvPctTwentyFive,82,data/runs/2026-09-14T05-57-22Z-verifyrate-hs256/verify_rate_curve.csv
VrConvPctTwoHundred,86,data/runs/2026-09-14T05-57-22Z-verifyrate-hs256/verify_rate_curve.csv
VrHsPreparsedAscFiftyCount,9001,data/runs/2026-09-14T15-01-36Z-verifyrate-hs256-preparsed/verify_rate_curve.csv
VrHsPreparsedAscFiftyLoad,2.70,data/runs/2026-09-14T15-01-36Z-verifyrate-hs256-preparsed/verify_rate_curve.csv
VrHsPreparsedAscFiftyMean,127.19,data/runs/2026-09-14T15-01-36Z-verifyrate-hs256-preparsed/verify_rate_curve.csv
VrHsPreparsedAscFiftyPFifty,100.26,data/runs/2026-09-14T15-01-36Z-verifyrate-hs256-preparsed/verify_rate_curve.csv
VrHsPreparsedAscFiftyPNinetyNine,482.59,data/runs/2026-09-14T15-01-36Z-verifyrate-hs256-preparsed/verify_rate_curve.csv
VrHsPreparsedAscFiveCount,901,data/runs/2026-09-14T15-01-36Z-verifyrate-hs256-preparsed/verify_rate_curve.csv
VrHsPreparsedAscFiveLoad,3.95,data/runs/2026-09-14T15-01-36Z-verifyrate-hs256-preparsed/verify_rate_curve.csv
VrHsPreparsedAscFiveMean,221.42,data/runs/2026-09-14T15-01-36Z-verifyrate-hs256-preparsed/verify_rate_curve.csv
VrHsPreparsedAscFivePFifty,198.83,data/runs/2026-09-14T15-01-36Z-verifyrate-hs256-preparsed/verify_rate_curve.csv
VrHsPreparsedAscFivePNinetyNine,597.25,data/runs/2026-09-14T15-01-36Z-verifyrate-hs256-preparsed/verify_rate_curve.csv
VrHsPreparsedAscFourHundredCount,72001,data/runs/2026-09-14T15-01-36Z-verifyrate-hs256-preparsed/verify_rate_curve.csv
VrHsPreparsedAscFourHundredLoad,5.33,data/runs/2026-09-14T15-01-36Z-verifyrate-hs256-preparsed/verify_rate_curve.csv
VrHsPreparsedAscFourHundredMean,39.38,data/runs/2026-09-14T15-01-36Z-verifyrate-hs256-preparsed/verify_rate_curve.csv
VrHsPreparsedAscFourHundredPFifty,32.18,data/runs/2026-09-14T15-01-36Z-verifyrate-hs256-preparsed/verify_rate_curve.csv
VrHsPreparsedAscFourHundredPNinetyNine,243.73,data/runs/2026-09-14T15-01-36Z-verifyrate-hs256-preparsed/verify_rate_curve.csv
VrHsPreparsedAscHundredCount,17993,data/runs/2026-09-14T15-01-36Z-verifyrate-hs256-preparsed/verify_rate_curve.csv
VrHsPreparsedAscHundredLoad,2.41,data/runs/2026-09-14T15-01-36Z-verifyrate-hs256-preparsed/verify_rate_curve.csv
VrHsPreparsedAscHundredMean,79.70,data/runs/2026-09-14T15-01-36Z-verifyrate-hs256-preparsed/verify_rate_curve.csv
VrHsPreparsedAscHundredPFifty,59.05,data/runs/2026-09-14T15-01-36Z-verifyrate-hs256-preparsed/verify_rate_curve.csv
VrHsPreparsedAscHundredPNinetyNine,358.02,data/runs/2026-09-14T15-01-36Z-verifyrate-hs256-preparsed/verify_rate_curve.csv
VrHsPreparsedAscTenCount,1801,data/runs/2026-09-14T15-01-36Z-verifyrate-hs256-preparsed/verify_rate_curve.csv
VrHsPreparsedAscTenLoad,2.58,data/runs/2026-09-14T15-01-36Z-verifyrate-hs256-preparsed/verify_rate_curve.csv
VrHsPreparsedAscTenMean,235.01,data/runs/2026-09-14T15-01-36Z-verifyrate-hs256-preparsed/verify_rate_curve.csv
VrHsPreparsedAscTenPFifty,205.01,data/runs/2026-09-14T15-01-36Z-verifyrate-hs256-preparsed/verify_rate_curve.csv
VrHsPreparsedAscTenPNinetyNine,1058.47,data/runs/2026-09-14T15-01-36Z-verifyrate-hs256-preparsed/verify_rate_curve.csv
VrHsPreparsedAscTwentyFiveCount,4500,data/runs/2026-09-14T15-01-36Z-verifyrate-hs256-preparsed/verify_rate_curve.csv
VrHsPreparsedAscTwentyFiveLoad,3.98,data/runs/2026-09-14T15-01-36Z-verifyrate-hs256-preparsed/verify_rate_curve.csv
VrHsPreparsedAscTwentyFiveMean,168.44,data/runs/2026-09-14T15-01-36Z-verifyrate-hs256-preparsed/verify_rate_curve.csv
VrHsPreparsedAscTwentyFivePFifty,145.68,data/runs/2026-09-14T15-01-36Z-verifyrate-hs256-preparsed/verify_rate_curve.csv
VrHsPreparsedAscTwentyFivePNinetyNine,569.10,data/runs/2026-09-14T15-01-36Z-verifyrate-hs256-preparsed/verify_rate_curve.csv
VrHsPreparsedAscTwoHundredCount,36001,data/runs/2026-09-14T15-01-36Z-verifyrate-hs256-preparsed/verify_rate_curve.csv
VrHsPreparsedAscTwoHundredLoad,4.88,data/runs/2026-09-14T15-01-36Z-verifyrate-hs256-preparsed/verify_rate_curve.csv
VrHsPreparsedAscTwoHundredMean,71.68,data/runs/2026-09-14T15-01-36Z-verifyrate-hs256-preparsed/verify_rate_curve.csv
VrHsPreparsedAscTwoHundredPFifty,49.63,data/runs/2026-09-14T15-01-36Z-verifyrate-hs256-preparsed/verify_rate_curve.csv
VrHsPreparsedAscTwoHundredPNinetyNine,408.52,data/runs/2026-09-14T15-01-36Z-verifyrate-hs256-preparsed/verify_rate_curve.csv
VrHsPreparsedDescFiftyCount,9001,data/runs/2026-09-14T15-01-36Z-verifyrate-hs256-preparsed/verify_rate_curve.csv
VrHsPreparsedDescFiftyLoad,2.53,data/runs/2026-09-14T15-01-36Z-verifyrate-hs256-preparsed/verify_rate_curve.csv
VrHsPreparsedDescFiftyMean,116.67,data/runs/2026-09-14T15-01-36Z-verifyrate-hs256-preparsed/verify_rate_curve.csv
VrHsPreparsedDescFiftyPFifty,88.18,data/runs/2026-09-14T15-01-36Z-verifyrate-hs256-preparsed/verify_rate_curve.csv
VrHsPreparsedDescFiftyPNinetyNine,327.55,data/runs/2026-09-14T15-01-36Z-verifyrate-hs256-preparsed/verify_rate_curve.csv
VrHsPreparsedDescFiveCount,901,data/runs/2026-09-14T15-01-36Z-verifyrate-hs256-preparsed/verify_rate_curve.csv
VrHsPreparsedDescFiveLoad,2.35,data/runs/2026-09-14T15-01-36Z-verifyrate-hs256-preparsed/verify_rate_curve.csv
VrHsPreparsedDescFiveMean,200.88,data/runs/2026-09-14T15-01-36Z-verifyrate-hs256-preparsed/verify_rate_curve.csv
VrHsPreparsedDescFivePFifty,179.73,data/runs/2026-09-14T15-01-36Z-verifyrate-hs256-preparsed/verify_rate_curve.csv
VrHsPreparsedDescFivePNinetyNine,899.57,data/runs/2026-09-14T15-01-36Z-verifyrate-hs256-preparsed/verify_rate_curve.csv
VrHsPreparsedDescFourHundredCount,71987,data/runs/2026-09-14T15-01-36Z-verifyrate-hs256-preparsed/verify_rate_curve.csv
VrHsPreparsedDescFourHundredLoad,4.21,data/runs/2026-09-14T15-01-36Z-verifyrate-hs256-preparsed/verify_rate_curve.csv
VrHsPreparsedDescFourHundredMean,34.61,data/runs/2026-09-14T15-01-36Z-verifyrate-hs256-preparsed/verify_rate_curve.csv
VrHsPreparsedDescFourHundredPFifty,30.93,data/runs/2026-09-14T15-01-36Z-verifyrate-hs256-preparsed/verify_rate_curve.csv
VrHsPreparsedDescFourHundredPNinetyNine,147.41,data/runs/2026-09-14T15-01-36Z-verifyrate-hs256-preparsed/verify_rate_curve.csv
VrHsPreparsedDescHundredCount,18001,data/runs/2026-09-14T15-01-36Z-verifyrate-hs256-preparsed/verify_rate_curve.csv
VrHsPreparsedDescHundredLoad,3.38,data/runs/2026-09-14T15-01-36Z-verifyrate-hs256-preparsed/verify_rate_curve.csv
VrHsPreparsedDescHundredMean,66.93,data/runs/2026-09-14T15-01-36Z-verifyrate-hs256-preparsed/verify_rate_curve.csv
VrHsPreparsedDescHundredPFifty,53.65,data/runs/2026-09-14T15-01-36Z-verifyrate-hs256-preparsed/verify_rate_curve.csv
VrHsPreparsedDescHundredPNinetyNine,286.62,data/runs/2026-09-14T15-01-36Z-verifyrate-hs256-preparsed/verify_rate_curve.csv
VrHsPreparsedDescTenCount,1801,data/runs/2026-09-14T15-01-36Z-verifyrate-hs256-preparsed/verify_rate_curve.csv
VrHsPreparsedDescTenLoad,2.36,data/runs/2026-09-14T15-01-36Z-verifyrate-hs256-preparsed/verify_rate_curve.csv
VrHsPreparsedDescTenMean,188.06,data/runs/2026-09-14T15-01-36Z-verifyrate-hs256-preparsed/verify_rate_curve.csv
VrHsPreparsedDescTenPFifty,169.50,data/runs/2026-09-14T15-01-36Z-verifyrate-hs256-preparsed/verify_rate_curve.csv
VrHsPreparsedDescTenPNinetyNine,879.60,data/runs/2026-09-14T15-01-36Z-verifyrate-hs256-preparsed/verify_rate_curve.csv
VrHsPreparsedDescTwentyFiveCount,4501,data/runs/2026-09-14T15-01-36Z-verifyrate-hs256-preparsed/verify_rate_curve.csv
VrHsPreparsedDescTwentyFiveLoad,1.95,data/runs/2026-09-14T15-01-36Z-verifyrate-hs256-preparsed/verify_rate_curve.csv
VrHsPreparsedDescTwentyFiveMean,160.58,data/runs/2026-09-14T15-01-36Z-verifyrate-hs256-preparsed/verify_rate_curve.csv
VrHsPreparsedDescTwentyFivePFifty,137.47,data/runs/2026-09-14T15-01-36Z-verifyrate-hs256-preparsed/verify_rate_curve.csv
VrHsPreparsedDescTwentyFivePNinetyNine,557.76,data/runs/2026-09-14T15-01-36Z-verifyrate-hs256-preparsed/verify_rate_curve.csv
VrHsPreparsedDescTwoHundredCount,36001,data/runs/2026-09-14T15-01-36Z-verifyrate-hs256-preparsed/verify_rate_curve.csv
VrHsPreparsedDescTwoHundredLoad,4.90,data/runs/2026-09-14T15-01-36Z-verifyrate-hs256-preparsed/verify_rate_curve.csv
VrHsPreparsedDescTwoHundredMean,42.78,data/runs/2026-09-14T15-01-36Z-verifyrate-hs256-preparsed/verify_rate_curve.csv
VrHsPreparsedDescTwoHundredPFifty,34.30,data/runs/2026-09-14T15-01-36Z-verifyrate-hs256-preparsed/verify_rate_curve.csv
VrHsPreparsedDescTwoHundredPNinetyNine,239.34,data/runs/2026-09-14T15-01-36Z-verifyrate-hs256-preparsed/verify_rate_curve.csv
VrHsStringAscFiftyCount,9000,data/runs/2026-09-14T05-57-22Z-verifyrate-hs256/verify_rate_curve.csv
VrHsStringAscFiftyLoad,1.93,data/runs/2026-09-14T05-57-22Z-verifyrate-hs256/verify_rate_curve.csv
VrHsStringAscFiftyMean,758.57,data/runs/2026-09-14T05-57-22Z-verifyrate-hs256/verify_rate_curve.csv
VrHsStringAscFiftyPFifty,713.77,data/runs/2026-09-14T05-57-22Z-verifyrate-hs256/verify_rate_curve.csv
VrHsStringAscFiftyPNinetyNine,2236.45,data/runs/2026-09-14T05-57-22Z-verifyrate-hs256/verify_rate_curve.csv
VrHsStringAscFiveCount,901,data/runs/2026-09-14T05-57-22Z-verifyrate-hs256/verify_rate_curve.csv
VrHsStringAscFiveLoad,5.47,data/runs/2026-09-14T05-57-22Z-verifyrate-hs256/verify_rate_curve.csv
VrHsStringAscFiveMean,928.24,data/runs/2026-09-14T05-57-22Z-verifyrate-hs256/verify_rate_curve.csv
VrHsStringAscFivePFifty,955.20,data/runs/2026-09-14T05-57-22Z-verifyrate-hs256/verify_rate_curve.csv
VrHsStringAscFivePNinetyNine,2449.29,data/runs/2026-09-14T05-57-22Z-verifyrate-hs256/verify_rate_curve.csv
VrHsStringAscFourHundredCount,72001,data/runs/2026-09-14T05-57-22Z-verifyrate-hs256/verify_rate_curve.csv
VrHsStringAscFourHundredLoad,2.95,data/runs/2026-09-14T05-57-22Z-verifyrate-hs256/verify_rate_curve.csv
VrHsStringAscFourHundredMean,452.82,data/runs/2026-09-14T05-57-22Z-verifyrate-hs256/verify_rate_curve.csv
VrHsStringAscFourHundredPFifty,451.95,data/runs/2026-09-14T05-57-22Z-verifyrate-hs256/verify_rate_curve.csv
VrHsStringAscFourHundredPNinetyNine,737.79,data/runs/2026-09-14T05-57-22Z-verifyrate-hs256/verify_rate_curve.csv
VrHsStringAscHundredCount,18001,data/runs/2026-09-14T05-57-22Z-verifyrate-hs256/verify_rate_curve.csv
VrHsStringAscHundredLoad,1.96,data/runs/2026-09-14T05-57-22Z-verifyrate-hs256/verify_rate_curve.csv
VrHsStringAscHundredMean,571.59,data/runs/2026-09-14T05-57-22Z-verifyrate-hs256/verify_rate_curve.csv
VrHsStringAscHundredPFifty,537.71,data/runs/2026-09-14T05-57-22Z-verifyrate-hs256/verify_rate_curve.csv
VrHsStringAscHundredPNinetyNine,1184.80,data/runs/2026-09-14T05-57-22Z-verifyrate-hs256/verify_rate_curve.csv
VrHsStringAscTenCount,1801,data/runs/2026-09-14T05-57-22Z-verifyrate-hs256/verify_rate_curve.csv
VrHsStringAscTenLoad,2.77,data/runs/2026-09-14T05-57-22Z-verifyrate-hs256/verify_rate_curve.csv
VrHsStringAscTenMean,976.28,data/runs/2026-09-14T05-57-22Z-verifyrate-hs256/verify_rate_curve.csv
VrHsStringAscTenPFifty,1022.66,data/runs/2026-09-14T05-57-22Z-verifyrate-hs256/verify_rate_curve.csv
VrHsStringAscTenPNinetyNine,2464.28,data/runs/2026-09-14T05-57-22Z-verifyrate-hs256/verify_rate_curve.csv
VrHsStringAscTwentyFiveCount,4501,data/runs/2026-09-14T05-57-22Z-verifyrate-hs256/verify_rate_curve.csv
VrHsStringAscTwentyFiveLoad,3.05,data/runs/2026-09-14T05-57-22Z-verifyrate-hs256/verify_rate_curve.csv
VrHsStringAscTwentyFiveMean,918.54,data/runs/2026-09-14T05-57-22Z-verifyrate-hs256/verify_rate_curve.csv
VrHsStringAscTwentyFivePFifty,906.76,data/runs/2026-09-14T05-57-22Z-verifyrate-hs256/verify_rate_curve.csv
VrHsStringAscTwentyFivePNinetyNine,2461.02,data/runs/2026-09-14T05-57-22Z-verifyrate-hs256/verify_rate_curve.csv
VrHsStringAscTwoHundredCount,36000,data/runs/2026-09-14T05-57-22Z-verifyrate-hs256/verify_rate_curve.csv
VrHsStringAscTwoHundredLoad,2.05,data/runs/2026-09-14T05-57-22Z-verifyrate-hs256/verify_rate_curve.csv
VrHsStringAscTwoHundredMean,494.91,data/runs/2026-09-14T05-57-22Z-verifyrate-hs256/verify_rate_curve.csv
VrHsStringAscTwoHundredPFifty,470.82,data/runs/2026-09-14T05-57-22Z-verifyrate-hs256/verify_rate_curve.csv
VrHsStringAscTwoHundredPNinetyNine,1153.04,data/runs/2026-09-14T05-57-22Z-verifyrate-hs256/verify_rate_curve.csv
VrHsStringDescFiftyCount,9001,data/runs/2026-09-14T05-57-22Z-verifyrate-hs256/verify_rate_curve.csv
VrHsStringDescFiftyLoad,2.31,data/runs/2026-09-14T05-57-22Z-verifyrate-hs256/verify_rate_curve.csv
VrHsStringDescFiftyMean,737.12,data/runs/2026-09-14T05-57-22Z-verifyrate-hs256/verify_rate_curve.csv
VrHsStringDescFiftyPFifty,758.26,data/runs/2026-09-14T05-57-22Z-verifyrate-hs256/verify_rate_curve.csv
VrHsStringDescFiftyPNinetyNine,1742.30,data/runs/2026-09-14T05-57-22Z-verifyrate-hs256/verify_rate_curve.csv
VrHsStringDescFiveCount,901,data/runs/2026-09-14T05-57-22Z-verifyrate-hs256/verify_rate_curve.csv
VrHsStringDescFiveLoad,4.47,data/runs/2026-09-14T05-57-22Z-verifyrate-hs256/verify_rate_curve.csv
VrHsStringDescFiveMean,1027.97,data/runs/2026-09-14T05-57-22Z-verifyrate-hs256/verify_rate_curve.csv
VrHsStringDescFivePFifty,1120.35,data/runs/2026-09-14T05-57-22Z-verifyrate-hs256/verify_rate_curve.csv
VrHsStringDescFivePNinetyNine,2469.34,data/runs/2026-09-14T05-57-22Z-verifyrate-hs256/verify_rate_curve.csv
VrHsStringDescFourHundredCount,71929,data/runs/2026-09-14T05-57-22Z-verifyrate-hs256/verify_rate_curve.csv
VrHsStringDescFourHundredLoad,2.93,data/runs/2026-09-14T05-57-22Z-verifyrate-hs256/verify_rate_curve.csv
VrHsStringDescFourHundredMean,467.62,data/runs/2026-09-14T05-57-22Z-verifyrate-hs256/verify_rate_curve.csv
VrHsStringDescFourHundredPFifty,453.31,data/runs/2026-09-14T05-57-22Z-verifyrate-hs256/verify_rate_curve.csv
VrHsStringDescFourHundredPNinetyNine,970.54,data/runs/2026-09-14T05-57-22Z-verifyrate-hs256/verify_rate_curve.csv
VrHsStringDescHundredCount,18001,data/runs/2026-09-14T05-57-22Z-verifyrate-hs256/verify_rate_curve.csv
VrHsStringDescHundredLoad,2.63,data/runs/2026-09-14T05-57-22Z-verifyrate-hs256/verify_rate_curve.csv
VrHsStringDescHundredMean,607.78,data/runs/2026-09-14T05-57-22Z-verifyrate-hs256/verify_rate_curve.csv
VrHsStringDescHundredPFifty,562.23,data/runs/2026-09-14T05-57-22Z-verifyrate-hs256/verify_rate_curve.csv
VrHsStringDescHundredPNinetyNine,1188.73,data/runs/2026-09-14T05-57-22Z-verifyrate-hs256/verify_rate_curve.csv
VrHsStringDescTenCount,1800,data/runs/2026-09-14T05-57-22Z-verifyrate-hs256/verify_rate_curve.csv
VrHsStringDescTenLoad,2.42,data/runs/2026-09-14T05-57-22Z-verifyrate-hs256/verify_rate_curve.csv
VrHsStringDescTenMean,1017.34,data/runs/2026-09-14T05-57-22Z-verifyrate-hs256/verify_rate_curve.csv
VrHsStringDescTenPFifty,1047.25,data/runs/2026-09-14T05-57-22Z-verifyrate-hs256/verify_rate_curve.csv
VrHsStringDescTenPNinetyNine,2495.71,data/runs/2026-09-14T05-57-22Z-verifyrate-hs256/verify_rate_curve.csv
VrHsStringDescTwentyFiveCount,4500,data/runs/2026-09-14T05-57-22Z-verifyrate-hs256/verify_rate_curve.csv
VrHsStringDescTwentyFiveLoad,2.60,data/runs/2026-09-14T05-57-22Z-verifyrate-hs256/verify_rate_curve.csv
VrHsStringDescTwentyFiveMean,934.47,data/runs/2026-09-14T05-57-22Z-verifyrate-hs256/verify_rate_curve.csv
VrHsStringDescTwentyFivePFifty,988.97,data/runs/2026-09-14T05-57-22Z-verifyrate-hs256/verify_rate_curve.csv
VrHsStringDescTwentyFivePNinetyNine,2461.91,data/runs/2026-09-14T05-57-22Z-verifyrate-hs256/verify_rate_curve.csv
VrHsStringDescTwoHundredCount,36000,data/runs/2026-09-14T05-57-22Z-verifyrate-hs256/verify_rate_curve.csv
VrHsStringDescTwoHundredLoad,3.95,data/runs/2026-09-14T05-57-22Z-verifyrate-hs256/verify_rate_curve.csv
VrHsStringDescTwoHundredMean,532.50,data/runs/2026-09-14T05-57-22Z-verifyrate-hs256/verify_rate_curve.csv
VrHsStringDescTwoHundredPFifty,475.25,data/runs/2026-09-14T05-57-22Z-verifyrate-hs256/verify_rate_curve.csv
VrHsStringDescTwoHundredPNinetyNine,1162.25,data/runs/2026-09-14T05-57-22Z-verifyrate-hs256/verify_rate_curve.csv
VrPassAgreementPct,10.7,data/runs/2026-09-14T05-57-22Z-verifyrate-hs256/verify_rate_curve.csv
VrRatioFifty,6.0,data/runs/2026-09-14T05-57-22Z-verifyrate-hs256/verify_rate_curve.csv
VrRatioFive,4.2,data/runs/2026-09-14T05-57-22Z-verifyrate-hs256/verify_rate_curve.csv
VrRatioFourHundred,11.5,data/runs/2026-09-14T05-57-22Z-verifyrate-hs256/verify_rate_curve.csv
VrRatioHundred,7.2,data/runs/2026-09-14T05-57-22Z-verifyrate-hs256/verify_rate_curve.csv
VrRatioTen,4.2,data/runs/2026-09-14T05-57-22Z-verifyrate-hs256/verify_rate_curve.csv
VrRatioTwentyFive,5.5,data/runs/2026-09-14T05-57-22Z-verifyrate-hs256/verify_rate_curve.csv
VrRatioTwoHundred,6.9,data/runs/2026-09-14T05-57-22Z-verifyrate-hs256/verify_rate_curve.csv
VrRsPreparsedAscFiftyCount,9000,data/runs/2026-09-14T06-41-56Z-verifyrate-rs256/verify_rate_curve.csv
VrRsPreparsedAscFiftyLoad,1.22,data/runs/2026-09-14T06-41-56Z-verifyrate-rs256/verify_rate_curve.csv
VrRsPreparsedAscFiftyMean,203.19,data/runs/2026-09-14T06-41-56Z-verifyrate-rs256/verify_rate_curve.csv
VrRsPreparsedAscFiftyPFifty,146.25,data/runs/2026-09-14T06-41-56Z-verifyrate-rs256/verify_rate_curve.csv
VrRsPreparsedAscFiftyPNinetyNine,592.18,data/runs/2026-09-14T06-41-56Z-verifyrate-rs256/verify_rate_curve.csv
VrRsPreparsedAscFiveCount,901,data/runs/2026-09-14T06-41-56Z-verifyrate-rs256/verify_rate_curve.csv
VrRsPreparsedAscFiveLoad,2.77,data/runs/2026-09-14T06-41-56Z-verifyrate-rs256/verify_rate_curve.csv
VrRsPreparsedAscFiveMean,351.05,data/runs/2026-09-14T06-41-56Z-verifyrate-rs256/verify_rate_curve.csv
VrRsPreparsedAscFivePFifty,333.92,data/runs/2026-09-14T06-41-56Z-verifyrate-rs256/verify_rate_curve.csv
VrRsPreparsedAscFivePNinetyNine,1066.33,data/runs/2026-09-14T06-41-56Z-verifyrate-rs256/verify_rate_curve.csv
VrRsPreparsedAscFourHundredCount,72001,data/runs/2026-09-14T06-41-56Z-verifyrate-rs256/verify_rate_curve.csv
VrRsPreparsedAscFourHundredLoad,4.02,data/runs/2026-09-14T06-41-56Z-verifyrate-rs256/verify_rate_curve.csv
VrRsPreparsedAscFourHundredMean,59.11,data/runs/2026-09-14T06-41-56Z-verifyrate-rs256/verify_rate_curve.csv
VrRsPreparsedAscFourHundredPFifty,61.35,data/runs/2026-09-14T06-41-56Z-verifyrate-rs256/verify_rate_curve.csv
VrRsPreparsedAscFourHundredPNinetyNine,149.57,data/runs/2026-09-14T06-41-56Z-verifyrate-rs256/verify_rate_curve.csv
VrRsPreparsedAscHundredCount,17989,data/runs/2026-09-14T06-41-56Z-verifyrate-rs256/verify_rate_curve.csv
VrRsPreparsedAscHundredLoad,1.48,data/runs/2026-09-14T06-41-56Z-verifyrate-rs256/verify_rate_curve.csv
VrRsPreparsedAscHundredMean,120.42,data/runs/2026-09-14T06-41-56Z-verifyrate-rs256/verify_rate_curve.csv
VrRsPreparsedAscHundredPFifty,91.67,data/runs/2026-09-14T06-41-56Z-verifyrate-rs256/verify_rate_curve.csv
VrRsPreparsedAscHundredPNinetyNine,551.55,data/runs/2026-09-14T06-41-56Z-verifyrate-rs256/verify_rate_curve.csv
VrRsPreparsedAscTenCount,1801,data/runs/2026-09-14T06-41-56Z-verifyrate-rs256/verify_rate_curve.csv
VrRsPreparsedAscTenLoad,2.74,data/runs/2026-09-14T06-41-56Z-verifyrate-rs256/verify_rate_curve.csv
VrRsPreparsedAscTenMean,338.89,data/runs/2026-09-14T06-41-56Z-verifyrate-rs256/verify_rate_curve.csv
VrRsPreparsedAscTenPFifty,321.54,data/runs/2026-09-14T06-41-56Z-verifyrate-rs256/verify_rate_curve.csv
VrRsPreparsedAscTenPNinetyNine,1092.64,data/runs/2026-09-14T06-41-56Z-verifyrate-rs256/verify_rate_curve.csv
VrRsPreparsedAscTwentyFiveCount,4500,data/runs/2026-09-14T06-41-56Z-verifyrate-rs256/verify_rate_curve.csv
VrRsPreparsedAscTwentyFiveLoad,2.77,data/runs/2026-09-14T06-41-56Z-verifyrate-rs256/verify_rate_curve.csv
VrRsPreparsedAscTwentyFiveMean,270.77,data/runs/2026-09-14T06-41-56Z-verifyrate-rs256/verify_rate_curve.csv
VrRsPreparsedAscTwentyFivePFifty,278.22,data/runs/2026-09-14T06-41-56Z-verifyrate-rs256/verify_rate_curve.csv
VrRsPreparsedAscTwentyFivePNinetyNine,595.35,data/runs/2026-09-14T06-41-56Z-verifyrate-rs256/verify_rate_curve.csv
VrRsPreparsedAscTwoHundredCount,36001,data/runs/2026-09-14T06-41-56Z-verifyrate-rs256/verify_rate_curve.csv
VrRsPreparsedAscTwoHundredLoad,2.06,data/runs/2026-09-14T06-41-56Z-verifyrate-rs256/verify_rate_curve.csv
VrRsPreparsedAscTwoHundredMean,73.92,data/runs/2026-09-14T06-41-56Z-verifyrate-rs256/verify_rate_curve.csv
VrRsPreparsedAscTwoHundredPFifty,64.65,data/runs/2026-09-14T06-41-56Z-verifyrate-rs256/verify_rate_curve.csv
VrRsPreparsedAscTwoHundredPNinetyNine,351.86,data/runs/2026-09-14T06-41-56Z-verifyrate-rs256/verify_rate_curve.csv
VrRsPreparsedDescFiftyCount,9000,data/runs/2026-09-14T06-41-56Z-verifyrate-rs256/verify_rate_curve.csv
VrRsPreparsedDescFiftyLoad,3.29,data/runs/2026-09-14T06-41-56Z-verifyrate-rs256/verify_rate_curve.csv
VrRsPreparsedDescFiftyMean,193.82,data/runs/2026-09-14T06-41-56Z-verifyrate-rs256/verify_rate_curve.csv
VrRsPreparsedDescFiftyPFifty,141.50,data/runs/2026-09-14T06-41-56Z-verifyrate-rs256/verify_rate_curve.csv
VrRsPreparsedDescFiftyPNinetyNine,590.01,data/runs/2026-09-14T06-41-56Z-verifyrate-rs256/verify_rate_curve.csv
VrRsPreparsedDescFiveCount,900,data/runs/2026-09-14T06-41-56Z-verifyrate-rs256/verify_rate_curve.csv
VrRsPreparsedDescFiveLoad,1.87,data/runs/2026-09-14T06-41-56Z-verifyrate-rs256/verify_rate_curve.csv
VrRsPreparsedDescFiveMean,292.11,data/runs/2026-09-14T06-41-56Z-verifyrate-rs256/verify_rate_curve.csv
VrRsPreparsedDescFivePFifty,300.68,data/runs/2026-09-14T06-41-56Z-verifyrate-rs256/verify_rate_curve.csv
VrRsPreparsedDescFivePNinetyNine,599.32,data/runs/2026-09-14T06-41-56Z-verifyrate-rs256/verify_rate_curve.csv
VrRsPreparsedDescFourHundredCount,72001,data/runs/2026-09-14T06-41-56Z-verifyrate-rs256/verify_rate_curve.csv
VrRsPreparsedDescFourHundredLoad,3.32,data/runs/2026-09-14T06-41-56Z-verifyrate-rs256/verify_rate_curve.csv
VrRsPreparsedDescFourHundredMean,58.88,data/runs/2026-09-14T06-41-56Z-verifyrate-rs256/verify_rate_curve.csv
VrRsPreparsedDescFourHundredPFifty,61.41,data/runs/2026-09-14T06-41-56Z-verifyrate-rs256/verify_rate_curve.csv
VrRsPreparsedDescFourHundredPNinetyNine,149.67,data/runs/2026-09-14T06-41-56Z-verifyrate-rs256/verify_rate_curve.csv
VrRsPreparsedDescHundredCount,18001,data/runs/2026-09-14T06-41-56Z-verifyrate-rs256/verify_rate_curve.csv
VrRsPreparsedDescHundredLoad,4.07,data/runs/2026-09-14T06-41-56Z-verifyrate-rs256/verify_rate_curve.csv
VrRsPreparsedDescHundredMean,111.88,data/runs/2026-09-14T06-41-56Z-verifyrate-rs256/verify_rate_curve.csv
VrRsPreparsedDescHundredPFifty,93.64,data/runs/2026-09-14T06-41-56Z-verifyrate-rs256/verify_rate_curve.csv
VrRsPreparsedDescHundredPNinetyNine,546.44,data/runs/2026-09-14T06-41-56Z-verifyrate-rs256/verify_rate_curve.csv
VrRsPreparsedDescTenCount,1800,data/runs/2026-09-14T06-41-56Z-verifyrate-rs256/verify_rate_curve.csv
VrRsPreparsedDescTenLoad,2.62,data/runs/2026-09-14T06-41-56Z-verifyrate-rs256/verify_rate_curve.csv
VrRsPreparsedDescTenMean,286.13,data/runs/2026-09-14T06-41-56Z-verifyrate-rs256/verify_rate_curve.csv
VrRsPreparsedDescTenPFifty,281.79,data/runs/2026-09-14T06-41-56Z-verifyrate-rs256/verify_rate_curve.csv
VrRsPreparsedDescTenPNinetyNine,927.27,data/runs/2026-09-14T06-41-56Z-verifyrate-rs256/verify_rate_curve.csv
VrRsPreparsedDescTwentyFiveCount,4501,data/runs/2026-09-14T06-41-56Z-verifyrate-rs256/verify_rate_curve.csv
VrRsPreparsedDescTwentyFiveLoad,2.12,data/runs/2026-09-14T06-41-56Z-verifyrate-rs256/verify_rate_curve.csv
VrRsPreparsedDescTwentyFiveMean,251.70,data/runs/2026-09-14T06-41-56Z-verifyrate-rs256/verify_rate_curve.csv
VrRsPreparsedDescTwentyFivePFifty,245.76,data/runs/2026-09-14T06-41-56Z-verifyrate-rs256/verify_rate_curve.csv
VrRsPreparsedDescTwentyFivePNinetyNine,594.08,data/runs/2026-09-14T06-41-56Z-verifyrate-rs256/verify_rate_curve.csv
VrRsPreparsedDescTwoHundredCount,36001,data/runs/2026-09-14T06-41-56Z-verifyrate-rs256/verify_rate_curve.csv
VrRsPreparsedDescTwoHundredLoad,3.00,data/runs/2026-09-14T06-41-56Z-verifyrate-rs256/verify_rate_curve.csv
VrRsPreparsedDescTwoHundredMean,73.94,data/runs/2026-09-14T06-41-56Z-verifyrate-rs256/verify_rate_curve.csv
VrRsPreparsedDescTwoHundredPFifty,64.60,data/runs/2026-09-14T06-41-56Z-verifyrate-rs256/verify_rate_curve.csv
VrRsPreparsedDescTwoHundredPNinetyNine,349.40,data/runs/2026-09-14T06-41-56Z-verifyrate-rs256/verify_rate_curve.csv
VrSavedFifty,631.38,data/runs/2026-09-14T05-57-22Z-verifyrate-hs256/verify_rate_curve.csv
VrSavedFive,706.82,data/runs/2026-09-14T05-57-22Z-verifyrate-hs256/verify_rate_curve.csv
VrSavedFourHundred,413.44,data/runs/2026-09-14T05-57-22Z-verifyrate-hs256/verify_rate_curve.csv
VrSavedHundred,491.89,data/runs/2026-09-14T05-57-22Z-verifyrate-hs256/verify_rate_curve.csv
VrSavedTen,741.27,data/runs/2026-09-14T05-57-22Z-verifyrate-hs256/verify_rate_curve.csv
VrSavedTwentyFive,750.10,data/runs/2026-09-14T05-57-22Z-verifyrate-hs256/verify_rate_curve.csv
VrSavedTwoHundred,423.23,data/runs/2026-09-14T05-57-22Z-verifyrate-hs256/verify_rate_curve.csv
