macro,value,source
CErrorStringsVThreeFiveEight,0.483,data/runs/2026-09-24T17-10-07Z-openssl-c-probe/openssl_c_probe.csv
CErrorStringsVThreeFiveEightCiHi,0.491,data/runs/2026-09-24T17-10-07Z-openssl-c-probe/openssl_c_probe.csv
CErrorStringsVThreeFiveEightCiLo,0.479,data/runs/2026-09-24T17-10-07Z-openssl-c-probe/openssl_c_probe.csv
CErrorStringsVThreeFourThree,0.500,data/runs/2026-09-24T17-10-07Z-openssl-c-probe/openssl_c_probe.csv
CErrorStringsVThreeFourThreeCiHi,0.503,data/runs/2026-09-24T17-10-07Z-openssl-c-probe/openssl_c_probe.csv
CErrorStringsVThreeFourThreeCiLo,0.495,data/runs/2026-09-24T17-10-07Z-openssl-c-probe/openssl_c_probe.csv
CErrorStringsVThreeOneEight,0.497,data/runs/2026-09-24T17-10-07Z-openssl-c-probe/openssl_c_probe.csv
CErrorStringsVThreeOneEightCiHi,0.500,data/runs/2026-09-24T17-10-07Z-openssl-c-probe/openssl_c_probe.csv
CErrorStringsVThreeOneEightCiLo,0.493,data/runs/2026-09-24T17-10-07Z-openssl-c-probe/openssl_c_probe.csv
CErrorStringsVThreeSixOne,0.472,data/runs/2026-09-24T17-10-07Z-openssl-c-probe/openssl_c_probe.csv
CErrorStringsVThreeSixOneCiHi,0.475,data/runs/2026-09-24T17-10-07Z-openssl-c-probe/openssl_c_probe.csv
CErrorStringsVThreeSixOneCiLo,0.470,data/runs/2026-09-24T17-10-07Z-openssl-c-probe/openssl_c_probe.csv
CErrorStringsVThreeThreeFive,0.474,data/runs/2026-09-24T17-10-07Z-openssl-c-probe/openssl_c_probe.csv
CErrorStringsVThreeThreeFiveCiHi,0.475,data/runs/2026-09-24T17-10-07Z-openssl-c-probe/openssl_c_probe.csv
CErrorStringsVThreeThreeFiveCiLo,0.473,data/runs/2026-09-24T17-10-07Z-openssl-c-probe/openssl_c_probe.csv
CErrorStringsVThreeTwoSix,0.459,data/runs/2026-09-24T17-10-07Z-openssl-c-probe/openssl_c_probe.csv
CErrorStringsVThreeTwoSixCiHi,0.460,data/runs/2026-09-24T17-10-07Z-openssl-c-probe/openssl_c_probe.csv
CErrorStringsVThreeTwoSixCiLo,0.457,data/runs/2026-09-24T17-10-07Z-openssl-c-probe/openssl_c_probe.csv
CErrorStringsVThreeZeroNineteen,0.869,data/runs/2026-09-24T17-10-07Z-openssl-c-probe/openssl_c_probe.csv
CErrorStringsVThreeZeroNineteenCiHi,0.874,data/runs/2026-09-24T17-10-07Z-openssl-c-probe/openssl_c_probe.csv
CErrorStringsVThreeZeroNineteenCiLo,0.859,data/runs/2026-09-24T17-10-07Z-openssl-c-probe/openssl_c_probe.csv
CErrorStringsVThreeZeroSixteen,0.796,data/runs/2026-09-24T17-10-07Z-openssl-c-probe/openssl_c_probe.csv
CErrorStringsVThreeZeroSixteenCiHi,0.818,data/runs/2026-09-24T17-10-07Z-openssl-c-probe/openssl_c_probe.csv
CErrorStringsVThreeZeroSixteenCiLo,0.659,data/runs/2026-09-24T17-10-07Z-openssl-c-probe/openssl_c_probe.csv
CFirstFastVersion,3.1.8,data/runs/2026-09-24T17-10-07Z-openssl-c-probe/openssl_c_probe.csv
CFullCiMaxHalfWidthPct,0.9,data/runs/2026-09-24T17-10-07Z-openssl-c-probe/openssl_c_probe.csv
CFullRatioOldNew,46.69,data/runs/2026-09-24T17-10-07Z-openssl-c-probe/openssl_c_probe.csv
CFullRatioOldNewCiHi,46.90,data/runs/2026-09-24T17-10-07Z-openssl-c-probe/openssl_c_probe.csv
CFullRatioOldNewCiLo,46.16,data/runs/2026-09-24T17-10-07Z-openssl-c-probe/openssl_c_probe.csv
CFullSpan,62.10,data/runs/2026-09-24T17-10-07Z-openssl-c-probe/openssl_c_probe.csv
CFullVThreeFiveEight,8.447,data/runs/2026-09-24T17-10-07Z-openssl-c-probe/openssl_c_probe.csv
CFullVThreeFiveEightCiHi,8.475,data/runs/2026-09-24T17-10-07Z-openssl-c-probe/openssl_c_probe.csv
CFullVThreeFiveEightCiLo,8.432,data/runs/2026-09-24T17-10-07Z-openssl-c-probe/openssl_c_probe.csv
CFullVThreeFourThree,7.245,data/runs/2026-09-24T17-10-07Z-openssl-c-probe/openssl_c_probe.csv
CFullVThreeFourThreeCiHi,7.276,data/runs/2026-09-24T17-10-07Z-openssl-c-probe/openssl_c_probe.csv
CFullVThreeFourThreeCiLo,7.220,data/runs/2026-09-24T17-10-07Z-openssl-c-probe/openssl_c_probe.csv
CFullVThreeOneEight,57.48,data/runs/2026-09-24T17-10-07Z-openssl-c-probe/openssl_c_probe.csv
CFullVThreeOneEightCiHi,57.73,data/runs/2026-09-24T17-10-07Z-openssl-c-probe/openssl_c_probe.csv
CFullVThreeOneEightCiLo,57.47,data/runs/2026-09-24T17-10-07Z-openssl-c-probe/openssl_c_probe.csv
CFullVThreeSixOne,8.803,data/runs/2026-09-24T17-10-07Z-openssl-c-probe/openssl_c_probe.csv
CFullVThreeSixOneCiHi,8.840,data/runs/2026-09-24T17-10-07Z-openssl-c-probe/openssl_c_probe.csv
CFullVThreeSixOneCiLo,8.726,data/runs/2026-09-24T17-10-07Z-openssl-c-probe/openssl_c_probe.csv
CFullVThreeThreeFive,6.946,data/runs/2026-09-24T17-10-07Z-openssl-c-probe/openssl_c_probe.csv
CFullVThreeThreeFiveCiHi,6.977,data/runs/2026-09-24T17-10-07Z-openssl-c-probe/openssl_c_probe.csv
CFullVThreeThreeFiveCiLo,6.914,data/runs/2026-09-24T17-10-07Z-openssl-c-probe/openssl_c_probe.csv
CFullVThreeTwoSix,6.998,data/runs/2026-09-24T17-10-07Z-openssl-c-probe/openssl_c_probe.csv
CFullVThreeTwoSixCiHi,7.030,data/runs/2026-09-24T17-10-07Z-openssl-c-probe/openssl_c_probe.csv
CFullVThreeTwoSixCiLo,6.983,data/runs/2026-09-24T17-10-07Z-openssl-c-probe/openssl_c_probe.csv
CFullVThreeZeroNineteen,431.3,data/runs/2026-09-24T17-10-07Z-openssl-c-probe/openssl_c_probe.csv
CFullVThreeZeroNineteenCiHi,431.8,data/runs/2026-09-24T17-10-07Z-openssl-c-probe/openssl_c_probe.csv
CFullVThreeZeroNineteenCiLo,427.9,data/runs/2026-09-24T17-10-07Z-openssl-c-probe/openssl_c_probe.csv
CFullVThreeZeroSixteen,394.4,data/runs/2026-09-24T17-10-07Z-openssl-c-probe/openssl_c_probe.csv
CFullVThreeZeroSixteenCiHi,396.5,data/runs/2026-09-24T17-10-07Z-openssl-c-probe/openssl_c_probe.csv
CFullVThreeZeroSixteenCiLo,390.9,data/runs/2026-09-24T17-10-07Z-openssl-c-probe/openssl_c_probe.csv
CPrivateParseVThreeFiveEight,5.757,data/runs/2026-09-24T17-10-07Z-openssl-c-probe/openssl_c_probe.csv
CPrivateParseVThreeFiveEightCiHi,5.771,data/runs/2026-09-24T17-10-07Z-openssl-c-probe/openssl_c_probe.csv
CPrivateParseVThreeFiveEightCiLo,5.742,data/runs/2026-09-24T17-10-07Z-openssl-c-probe/openssl_c_probe.csv
CPrivateParseVThreeFourThree,4.554,data/runs/2026-09-24T17-10-07Z-openssl-c-probe/openssl_c_probe.csv
CPrivateParseVThreeFourThreeCiHi,4.575,data/runs/2026-09-24T17-10-07Z-openssl-c-probe/openssl_c_probe.csv
CPrivateParseVThreeFourThreeCiLo,4.538,data/runs/2026-09-24T17-10-07Z-openssl-c-probe/openssl_c_probe.csv
CPrivateParseVThreeOneEight,54.84,data/runs/2026-09-24T17-10-07Z-openssl-c-probe/openssl_c_probe.csv
CPrivateParseVThreeOneEightCiHi,55.32,data/runs/2026-09-24T17-10-07Z-openssl-c-probe/openssl_c_probe.csv
CPrivateParseVThreeOneEightCiLo,54.81,data/runs/2026-09-24T17-10-07Z-openssl-c-probe/openssl_c_probe.csv
CPrivateParseVThreeSixOne,5.985,data/runs/2026-09-24T17-10-07Z-openssl-c-probe/openssl_c_probe.csv
CPrivateParseVThreeSixOneCiHi,6.026,data/runs/2026-09-24T17-10-07Z-openssl-c-probe/openssl_c_probe.csv
CPrivateParseVThreeSixOneCiLo,5.913,data/runs/2026-09-24T17-10-07Z-openssl-c-probe/openssl_c_probe.csv
CPrivateParseVThreeThreeFive,4.465,data/runs/2026-09-24T17-10-07Z-openssl-c-probe/openssl_c_probe.csv
CPrivateParseVThreeThreeFiveCiHi,4.496,data/runs/2026-09-24T17-10-07Z-openssl-c-probe/openssl_c_probe.csv
CPrivateParseVThreeThreeFiveCiLo,4.445,data/runs/2026-09-24T17-10-07Z-openssl-c-probe/openssl_c_probe.csv
CPrivateParseVThreeTwoSix,4.487,data/runs/2026-09-24T17-10-07Z-openssl-c-probe/openssl_c_probe.csv
CPrivateParseVThreeTwoSixCiHi,4.499,data/runs/2026-09-24T17-10-07Z-openssl-c-probe/openssl_c_probe.csv
CPrivateParseVThreeTwoSixCiLo,4.459,data/runs/2026-09-24T17-10-07Z-openssl-c-probe/openssl_c_probe.csv
CPrivateParseVThreeZeroNineteen,424.0,data/runs/2026-09-24T17-10-07Z-openssl-c-probe/openssl_c_probe.csv
CPrivateParseVThreeZeroNineteenCiHi,427.6,data/runs/2026-09-24T17-10-07Z-openssl-c-probe/openssl_c_probe.csv
CPrivateParseVThreeZeroNineteenCiLo,422.2,data/runs/2026-09-24T17-10-07Z-openssl-c-probe/openssl_c_probe.csv
CPrivateParseVThreeZeroSixteen,390.9,data/runs/2026-09-24T17-10-07Z-openssl-c-probe/openssl_c_probe.csv
CPrivateParseVThreeZeroSixteenCiHi,392.0,data/runs/2026-09-24T17-10-07Z-openssl-c-probe/openssl_c_probe.csv
CPrivateParseVThreeZeroSixteenCiLo,389.6,data/runs/2026-09-24T17-10-07Z-openssl-c-probe/openssl_c_probe.csv
CPrivateShareVThreeFiveEight,68,data/runs/2026-09-24T17-10-07Z-openssl-c-probe/openssl_c_probe.csv
CPrivateShareVThreeFourThree,63,data/runs/2026-09-24T17-10-07Z-openssl-c-probe/openssl_c_probe.csv
CPrivateShareVThreeOneEight,95,data/runs/2026-09-24T17-10-07Z-openssl-c-probe/openssl_c_probe.csv
CPrivateShareVThreeSixOne,68,data/runs/2026-09-24T17-10-07Z-openssl-c-probe/openssl_c_probe.csv
CPrivateShareVThreeThreeFive,64,data/runs/2026-09-24T17-10-07Z-openssl-c-probe/openssl_c_probe.csv
CPrivateShareVThreeTwoSix,64,data/runs/2026-09-24T17-10-07Z-openssl-c-probe/openssl_c_probe.csv
CPrivateShareVThreeZeroNineteen,98,data/runs/2026-09-24T17-10-07Z-openssl-c-probe/openssl_c_probe.csv
CPrivateShareVThreeZeroSixteen,99,data/runs/2026-09-24T17-10-07Z-openssl-c-probe/openssl_c_probe.csv
CProbeCallsPerInvocation,5000,data/runs/2026-09-24T17-10-07Z-openssl-c-probe/openssl_c_probe.csv
CProbeCompiler,GCC 13.3.0,data/runs/2026-09-24T17-10-07Z-openssl-c-probe/builds.csv
CProbeCpuModel,Intel(R) Xeon(R) Processor @ 2.80GHz,data/runs/2026-09-24T17-10-07Z-openssl-c-probe/run_metadata.json
CProbeCvMax,28.0,data/runs/2026-09-24T17-10-07Z-openssl-c-probe/openssl_c_probe.csv
CProbeCvMedian,1.5,data/runs/2026-09-24T17-10-07Z-openssl-c-probe/openssl_c_probe.csv
CProbeErrorsQueued,1,data/runs/2026-09-24T17-10-07Z-openssl-c-probe/openssl_c_probe.csv
CProbeIdentityMismatches,0,data/runs/2026-09-24T17-10-07Z-openssl-c-probe/openssl_c_probe.csv
CProbeInvocations,15,data/runs/2026-09-24T17-10-07Z-openssl-c-probe/openssl_c_probe.csv
CProbeVersionCount,8,data/runs/2026-09-24T17-10-07Z-openssl-c-probe/openssl_c_probe.csv
CProbeVersionFirst,3.0.16,data/runs/2026-09-24T17-10-07Z-openssl-c-probe/openssl_c_probe.csv
CProbeVersionLast,3.6.1,data/runs/2026-09-24T17-10-07Z-openssl-c-probe/openssl_c_probe.csv
CPublicTriesVThreeFiveEight,2.051,data/runs/2026-09-24T17-10-07Z-openssl-c-probe/openssl_c_probe.csv
CPublicTriesVThreeFiveEightCiHi,2.061,data/runs/2026-09-24T17-10-07Z-openssl-c-probe/openssl_c_probe.csv
CPublicTriesVThreeFiveEightCiLo,2.049,data/runs/2026-09-24T17-10-07Z-openssl-c-probe/openssl_c_probe.csv
CPublicTriesVThreeFourThree,2.098,data/runs/2026-09-24T17-10-07Z-openssl-c-probe/openssl_c_probe.csv
CPublicTriesVThreeFourThreeCiHi,2.101,data/runs/2026-09-24T17-10-07Z-openssl-c-probe/openssl_c_probe.csv
CPublicTriesVThreeFourThreeCiLo,2.092,data/runs/2026-09-24T17-10-07Z-openssl-c-probe/openssl_c_probe.csv
CPublicTriesVThreeOneEight,2.196,data/runs/2026-09-24T17-10-07Z-openssl-c-probe/openssl_c_probe.csv
CPublicTriesVThreeOneEightCiHi,2.205,data/runs/2026-09-24T17-10-07Z-openssl-c-probe/openssl_c_probe.csv
CPublicTriesVThreeOneEightCiLo,2.194,data/runs/2026-09-24T17-10-07Z-openssl-c-probe/openssl_c_probe.csv
CPublicTriesVThreeSixOne,2.234,data/runs/2026-09-24T17-10-07Z-openssl-c-probe/openssl_c_probe.csv
CPublicTriesVThreeSixOneCiHi,2.241,data/runs/2026-09-24T17-10-07Z-openssl-c-probe/openssl_c_probe.csv
CPublicTriesVThreeSixOneCiLo,2.230,data/runs/2026-09-24T17-10-07Z-openssl-c-probe/openssl_c_probe.csv
CPublicTriesVThreeThreeFive,2.074,data/runs/2026-09-24T17-10-07Z-openssl-c-probe/openssl_c_probe.csv
CPublicTriesVThreeThreeFiveCiHi,2.077,data/runs/2026-09-24T17-10-07Z-openssl-c-probe/openssl_c_probe.csv
CPublicTriesVThreeThreeFiveCiLo,2.071,data/runs/2026-09-24T17-10-07Z-openssl-c-probe/openssl_c_probe.csv
CPublicTriesVThreeTwoSix,2.057,data/runs/2026-09-24T17-10-07Z-openssl-c-probe/openssl_c_probe.csv
CPublicTriesVThreeTwoSixCiHi,2.067,data/runs/2026-09-24T17-10-07Z-openssl-c-probe/openssl_c_probe.csv
CPublicTriesVThreeTwoSixCiLo,2.056,data/runs/2026-09-24T17-10-07Z-openssl-c-probe/openssl_c_probe.csv
CPublicTriesVThreeZeroNineteen,2.231,data/runs/2026-09-24T17-10-07Z-openssl-c-probe/openssl_c_probe.csv
CPublicTriesVThreeZeroNineteenCiHi,2.239,data/runs/2026-09-24T17-10-07Z-openssl-c-probe/openssl_c_probe.csv
CPublicTriesVThreeZeroNineteenCiLo,2.228,data/runs/2026-09-24T17-10-07Z-openssl-c-probe/openssl_c_probe.csv
CPublicTriesVThreeZeroSixteen,2.287,data/runs/2026-09-24T17-10-07Z-openssl-c-probe/openssl_c_probe.csv
CPublicTriesVThreeZeroSixteenCiHi,2.294,data/runs/2026-09-24T17-10-07Z-openssl-c-probe/openssl_c_probe.csv
CPublicTriesVThreeZeroSixteenCiLo,2.284,data/runs/2026-09-24T17-10-07Z-openssl-c-probe/openssl_c_probe.csv
CSpkiOkVThreeFiveEight,11.26,data/runs/2026-09-24T17-10-07Z-openssl-c-probe/openssl_c_probe.csv
CSpkiOkVThreeFiveEightCiHi,11.29,data/runs/2026-09-24T17-10-07Z-openssl-c-probe/openssl_c_probe.csv
CSpkiOkVThreeFiveEightCiLo,11.23,data/runs/2026-09-24T17-10-07Z-openssl-c-probe/openssl_c_probe.csv
CSpkiOkVThreeFourThree,11.19,data/runs/2026-09-24T17-10-07Z-openssl-c-probe/openssl_c_probe.csv
CSpkiOkVThreeFourThreeCiHi,11.21,data/runs/2026-09-24T17-10-07Z-openssl-c-probe/openssl_c_probe.csv
CSpkiOkVThreeFourThreeCiLo,11.17,data/runs/2026-09-24T17-10-07Z-openssl-c-probe/openssl_c_probe.csv
CSpkiOkVThreeOneEight,36.09,data/runs/2026-09-24T17-10-07Z-openssl-c-probe/openssl_c_probe.csv
CSpkiOkVThreeOneEightCiHi,36.22,data/runs/2026-09-24T17-10-07Z-openssl-c-probe/openssl_c_probe.csv
CSpkiOkVThreeOneEightCiLo,36.03,data/runs/2026-09-24T17-10-07Z-openssl-c-probe/openssl_c_probe.csv
CSpkiOkVThreeSixOne,11.16,data/runs/2026-09-24T17-10-07Z-openssl-c-probe/openssl_c_probe.csv
CSpkiOkVThreeSixOneCiHi,11.18,data/runs/2026-09-24T17-10-07Z-openssl-c-probe/openssl_c_probe.csv
CSpkiOkVThreeSixOneCiLo,11.13,data/runs/2026-09-24T17-10-07Z-openssl-c-probe/openssl_c_probe.csv
CSpkiOkVThreeThreeFive,12.04,data/runs/2026-09-24T17-10-07Z-openssl-c-probe/openssl_c_probe.csv
CSpkiOkVThreeThreeFiveCiHi,12.09,data/runs/2026-09-24T17-10-07Z-openssl-c-probe/openssl_c_probe.csv
CSpkiOkVThreeThreeFiveCiLo,12.02,data/runs/2026-09-24T17-10-07Z-openssl-c-probe/openssl_c_probe.csv
CSpkiOkVThreeTwoSix,11.75,data/runs/2026-09-24T17-10-07Z-openssl-c-probe/openssl_c_probe.csv
CSpkiOkVThreeTwoSixCiHi,11.80,data/runs/2026-09-24T17-10-07Z-openssl-c-probe/openssl_c_probe.csv
CSpkiOkVThreeTwoSixCiLo,11.71,data/runs/2026-09-24T17-10-07Z-openssl-c-probe/openssl_c_probe.csv
CSpkiOkVThreeZeroNineteen,132.6,data/runs/2026-09-24T17-10-07Z-openssl-c-probe/openssl_c_probe.csv
CSpkiOkVThreeZeroNineteenCiHi,134.3,data/runs/2026-09-24T17-10-07Z-openssl-c-probe/openssl_c_probe.csv
CSpkiOkVThreeZeroNineteenCiLo,131.8,data/runs/2026-09-24T17-10-07Z-openssl-c-probe/openssl_c_probe.csv
CSpkiOkVThreeZeroSixteen,112.9,data/runs/2026-09-24T17-10-07Z-openssl-c-probe/openssl_c_probe.csv
CSpkiOkVThreeZeroSixteenCiHi,114.1,data/runs/2026-09-24T17-10-07Z-openssl-c-probe/openssl_c_probe.csv
CSpkiOkVThreeZeroSixteenCiLo,112.6,data/runs/2026-09-24T17-10-07Z-openssl-c-probe/openssl_c_probe.csv
CTimerVThreeFiveEight,0.026,data/runs/2026-09-24T17-10-07Z-openssl-c-probe/openssl_c_probe.csv
CTimerVThreeFiveEightCiHi,0.026,data/runs/2026-09-24T17-10-07Z-openssl-c-probe/openssl_c_probe.csv
CTimerVThreeFiveEightCiLo,0.026,data/runs/2026-09-24T17-10-07Z-openssl-c-probe/openssl_c_probe.csv
CTimerVThreeFourThree,0.026,data/runs/2026-09-24T17-10-07Z-openssl-c-probe/openssl_c_probe.csv
CTimerVThreeFourThreeCiHi,0.026,data/runs/2026-09-24T17-10-07Z-openssl-c-probe/openssl_c_probe.csv
CTimerVThreeFourThreeCiLo,0.026,data/runs/2026-09-24T17-10-07Z-openssl-c-probe/openssl_c_probe.csv
CTimerVThreeOneEight,0.026,data/runs/2026-09-24T17-10-07Z-openssl-c-probe/openssl_c_probe.csv
CTimerVThreeOneEightCiHi,0.026,data/runs/2026-09-24T17-10-07Z-openssl-c-probe/openssl_c_probe.csv
CTimerVThreeOneEightCiLo,0.026,data/runs/2026-09-24T17-10-07Z-openssl-c-probe/openssl_c_probe.csv
CTimerVThreeSixOne,0.026,data/runs/2026-09-24T17-10-07Z-openssl-c-probe/openssl_c_probe.csv
CTimerVThreeSixOneCiHi,0.026,data/runs/2026-09-24T17-10-07Z-openssl-c-probe/openssl_c_probe.csv
CTimerVThreeSixOneCiLo,0.026,data/runs/2026-09-24T17-10-07Z-openssl-c-probe/openssl_c_probe.csv
CTimerVThreeThreeFive,0.026,data/runs/2026-09-24T17-10-07Z-openssl-c-probe/openssl_c_probe.csv
CTimerVThreeThreeFiveCiHi,0.028,data/runs/2026-09-24T17-10-07Z-openssl-c-probe/openssl_c_probe.csv
CTimerVThreeThreeFiveCiLo,0.026,data/runs/2026-09-24T17-10-07Z-openssl-c-probe/openssl_c_probe.csv
CTimerVThreeTwoSix,0.026,data/runs/2026-09-24T17-10-07Z-openssl-c-probe/openssl_c_probe.csv
CTimerVThreeTwoSixCiHi,0.026,data/runs/2026-09-24T17-10-07Z-openssl-c-probe/openssl_c_probe.csv
CTimerVThreeTwoSixCiLo,0.026,data/runs/2026-09-24T17-10-07Z-openssl-c-probe/openssl_c_probe.csv
CTimerVThreeZeroNineteen,0.026,data/runs/2026-09-24T17-10-07Z-openssl-c-probe/openssl_c_probe.csv
CTimerVThreeZeroNineteenCiHi,0.026,data/runs/2026-09-24T17-10-07Z-openssl-c-probe/openssl_c_probe.csv
CTimerVThreeZeroNineteenCiLo,0.026,data/runs/2026-09-24T17-10-07Z-openssl-c-probe/openssl_c_probe.csv
CTimerVThreeZeroSixteen,0.026,data/runs/2026-09-24T17-10-07Z-openssl-c-probe/openssl_c_probe.csv
CTimerVThreeZeroSixteenCiHi,0.026,data/runs/2026-09-24T17-10-07Z-openssl-c-probe/openssl_c_probe.csv
CTimerVThreeZeroSixteenCiLo,0.026,data/runs/2026-09-24T17-10-07Z-openssl-c-probe/openssl_c_probe.csv
CVersionLiteralVThreeFiveEight,3.5.8,data/runs/2026-09-24T17-10-07Z-openssl-c-probe/openssl_c_probe.csv
CVersionLiteralVThreeFourThree,3.4.3,data/runs/2026-09-24T17-10-07Z-openssl-c-probe/openssl_c_probe.csv
CVersionLiteralVThreeOneEight,3.1.8,data/runs/2026-09-24T17-10-07Z-openssl-c-probe/openssl_c_probe.csv
CVersionLiteralVThreeSixOne,3.6.1,data/runs/2026-09-24T17-10-07Z-openssl-c-probe/openssl_c_probe.csv
CVersionLiteralVThreeThreeFive,3.3.5,data/runs/2026-09-24T17-10-07Z-openssl-c-probe/openssl_c_probe.csv
CVersionLiteralVThreeTwoSix,3.2.6,data/runs/2026-09-24T17-10-07Z-openssl-c-probe/openssl_c_probe.csv
CVersionLiteralVThreeZeroNineteen,3.0.19,data/runs/2026-09-24T17-10-07Z-openssl-c-probe/openssl_c_probe.csv
CVersionLiteralVThreeZeroSixteen,3.0.16,data/runs/2026-09-24T17-10-07Z-openssl-c-probe/openssl_c_probe.csv
ExcCallsPerInvocation,10000,data/runs/2026-09-24T17-17-38Z-exception-cost/exception_cost.csv
ExcCpuModel,Intel(R) Xeon(R) Processor @ 2.80GHz,data/runs/2026-09-24T17-17-38Z-exception-cost/run_metadata.json
ExcCvMax,27.7,data/runs/2026-09-24T17-17-38Z-exception-cost/exception_cost.csv
ExcCvMedian,2.9,data/runs/2026-09-24T17-17-38Z-exception-cost/exception_cost.csv
ExcDepth,8,data/runs/2026-09-24T17-17-38Z-exception-cost/exception_cost.csv
ExcErrorCode,ERR\_OSSL\_UNSUPPORTED,data/runs/2026-09-24T17-17-38Z-exception-cost/exception_cost.csv
ExcInvocations,15,data/runs/2026-09-24T17-17-38Z-exception-cost/exception_cost.csv
RtEighteenDecompC,394.4,data/runs/2026-09-24T17-17-38Z-exception-cost/exception_cost.csv
RtEighteenDecompCCiHi,396.5,data/runs/2026-09-24T17-17-38Z-exception-cost/exception_cost.csv
RtEighteenDecompCCiLo,389.2,data/runs/2026-09-24T17-17-38Z-exception-cost/exception_cost.csv
RtEighteenDecompCPct,101,data/runs/2026-09-24T17-17-38Z-exception-cost/exception_cost.csv
RtEighteenDecompCVersion,3.0.16,data/runs/2026-09-24T17-17-38Z-exception-cost/exception_cost.csv
RtEighteenDecompExcPct,1.2,data/runs/2026-09-24T17-17-38Z-exception-cost/exception_cost.csv
RtEighteenDecompLeftover,-8.694,data/runs/2026-09-24T17-17-38Z-exception-cost/exception_cost.csv
RtEighteenDecompLeftoverCiHi,-3.497,data/runs/2026-09-24T17-17-38Z-exception-cost/exception_cost.csv
RtEighteenDecompLeftoverCiLo,-12.476,data/runs/2026-09-24T17-17-38Z-exception-cost/exception_cost.csv
RtEighteenDecompLeftoverPct,-2.2,data/runs/2026-09-24T17-17-38Z-exception-cost/exception_cost.csv
RtEighteenExcNoStack,2.204,data/runs/2026-09-24T17-17-38Z-exception-cost/exception_cost.csv
RtEighteenExcNoStackCiHi,2.232,data/runs/2026-09-24T17-17-38Z-exception-cost/exception_cost.csv
RtEighteenExcNoStackCiLo,2.200,data/runs/2026-09-24T17-17-38Z-exception-cost/exception_cost.csv
RtEighteenExcNodeInternal,12.88,data/runs/2026-09-24T17-17-38Z-exception-cost/exception_cost.csv
RtEighteenExcNodeInternalCiHi,13.23,data/runs/2026-09-24T17-17-38Z-exception-cost/exception_cost.csv
RtEighteenExcNodeInternalCiLo,12.71,data/runs/2026-09-24T17-17-38Z-exception-cost/exception_cost.csv
RtEighteenExcNodeLike,4.781,data/runs/2026-09-24T17-17-38Z-exception-cost/exception_cost.csv
RtEighteenExcNodeLikeCiHi,4.795,data/runs/2026-09-24T17-17-38Z-exception-cost/exception_cost.csv
RtEighteenExcNodeLikeCiLo,4.767,data/runs/2026-09-24T17-17-38Z-exception-cost/exception_cost.csv
RtEighteenExcPlain,4.867,data/runs/2026-09-24T17-17-38Z-exception-cost/exception_cost.csv
RtEighteenExcPlainCiHi,4.898,data/runs/2026-09-24T17-17-38Z-exception-cost/exception_cost.csv
RtEighteenExcPlainCiLo,4.858,data/runs/2026-09-24T17-17-38Z-exception-cost/exception_cost.csv
RtEighteenLiteral,18.20.8,data/runs/2026-09-24T17-17-38Z-exception-cost/environments.csv
RtEighteenOpenssl,3.0.16,data/runs/2026-09-24T17-17-38Z-exception-cost/environments.csv
RtEighteenProbe,390.5,data/runs/2026-09-24T17-17-38Z-exception-cost/exception_cost.csv
RtEighteenProbeCiHi,392.9,data/runs/2026-09-24T17-17-38Z-exception-cost/exception_cost.csv
RtEighteenProbeCiLo,386.9,data/runs/2026-09-24T17-17-38Z-exception-cost/exception_cost.csv
RtEighteenProbeNoStack,382.7,data/runs/2026-09-24T17-17-38Z-exception-cost/exception_cost.csv
RtEighteenProbeNoStackCiHi,388.2,data/runs/2026-09-24T17-17-38Z-exception-cost/exception_cost.csv
RtEighteenProbeNoStackCiLo,380.4,data/runs/2026-09-24T17-17-38Z-exception-cost/exception_cost.csv
RtEighteenStackCapture,5.397,data/runs/2026-09-24T17-17-38Z-exception-cost/exception_cost.csv
RtEighteenStackCaptureCiHi,9.122,data/runs/2026-09-24T17-17-38Z-exception-cost/exception_cost.csv
RtEighteenStackCaptureCiLo,2.657,data/runs/2026-09-24T17-17-38Z-exception-cost/exception_cost.csv
RtEighteenTimer,0.110,data/runs/2026-09-24T17-17-38Z-exception-cost/exception_cost.csv
RtEighteenTimerCiHi,0.115,data/runs/2026-09-24T17-17-38Z-exception-cost/exception_cost.csv
RtEighteenTimerCiLo,0.103,data/runs/2026-09-24T17-17-38Z-exception-cost/exception_cost.csv
RtEighteenVeight,10,data/runs/2026-09-24T17-17-38Z-exception-cost/environments.csv
RtEighteenVeightFull,10.2.154.26,data/runs/2026-09-24T17-17-38Z-exception-cost/environments.csv
RtTwentyDecompC,431.3,data/runs/2026-09-24T17-17-38Z-exception-cost/exception_cost.csv
RtTwentyDecompCCiHi,431.8,data/runs/2026-09-24T17-17-38Z-exception-cost/exception_cost.csv
RtTwentyDecompCCiLo,429.2,data/runs/2026-09-24T17-17-38Z-exception-cost/exception_cost.csv
RtTwentyDecompCPct,97,data/runs/2026-09-24T17-17-38Z-exception-cost/exception_cost.csv
RtTwentyDecompCVersion,3.0.19,data/runs/2026-09-24T17-17-38Z-exception-cost/exception_cost.csv
RtTwentyDecompExcPct,1.1,data/runs/2026-09-24T17-17-38Z-exception-cost/exception_cost.csv
RtTwentyDecompLeftover,7.292,data/runs/2026-09-24T17-17-38Z-exception-cost/exception_cost.csv
RtTwentyDecompLeftoverCiHi,11.561,data/runs/2026-09-24T17-17-38Z-exception-cost/exception_cost.csv
RtTwentyDecompLeftoverCiLo,5.325,data/runs/2026-09-24T17-17-38Z-exception-cost/exception_cost.csv
RtTwentyDecompLeftoverPct,1.6,data/runs/2026-09-24T17-17-38Z-exception-cost/exception_cost.csv
RtTwentyExcNoStack,2.157,data/runs/2026-09-24T17-17-38Z-exception-cost/exception_cost.csv
RtTwentyExcNoStackCiHi,2.185,data/runs/2026-09-24T17-17-38Z-exception-cost/exception_cost.csv
RtTwentyExcNoStackCiLo,2.134,data/runs/2026-09-24T17-17-38Z-exception-cost/exception_cost.csv
RtTwentyExcNodeInternal,8.635,data/runs/2026-09-24T17-17-38Z-exception-cost/exception_cost.csv
RtTwentyExcNodeInternalCiHi,9.035,data/runs/2026-09-24T17-17-38Z-exception-cost/exception_cost.csv
RtTwentyExcNodeInternalCiLo,8.511,data/runs/2026-09-24T17-17-38Z-exception-cost/exception_cost.csv
RtTwentyExcNodeLike,4.796,data/runs/2026-09-24T17-17-38Z-exception-cost/exception_cost.csv
RtTwentyExcNodeLikeCiHi,4.815,data/runs/2026-09-24T17-17-38Z-exception-cost/exception_cost.csv
RtTwentyExcNodeLikeCiLo,4.780,data/runs/2026-09-24T17-17-38Z-exception-cost/exception_cost.csv
RtTwentyExcPlain,4.874,data/runs/2026-09-24T17-17-38Z-exception-cost/exception_cost.csv
RtTwentyExcPlainCiHi,4.901,data/runs/2026-09-24T17-17-38Z-exception-cost/exception_cost.csv
RtTwentyExcPlainCiLo,4.861,data/runs/2026-09-24T17-17-38Z-exception-cost/exception_cost.csv
RtTwentyFourDecompC,8.447,data/runs/2026-09-24T17-17-38Z-exception-cost/exception_cost.csv
RtTwentyFourDecompCCiHi,8.469,data/runs/2026-09-24T17-17-38Z-exception-cost/exception_cost.csv
RtTwentyFourDecompCCiLo,8.412,data/runs/2026-09-24T17-17-38Z-exception-cost/exception_cost.csv
RtTwentyFourDecompCPct,43,data/runs/2026-09-24T17-17-38Z-exception-cost/exception_cost.csv
RtTwentyFourDecompCVersion,3.5.8,data/runs/2026-09-24T17-17-38Z-exception-cost/exception_cost.csv
RtTwentyFourDecompExcPct,21.2,data/runs/2026-09-24T17-17-38Z-exception-cost/exception_cost.csv
RtTwentyFourDecompLeftover,6.952,data/runs/2026-09-24T17-17-38Z-exception-cost/exception_cost.csv
RtTwentyFourDecompLeftoverCiHi,7.103,data/runs/2026-09-24T17-17-38Z-exception-cost/exception_cost.csv
RtTwentyFourDecompLeftoverCiLo,6.803,data/runs/2026-09-24T17-17-38Z-exception-cost/exception_cost.csv
RtTwentyFourDecompLeftoverPct,35.6,data/runs/2026-09-24T17-17-38Z-exception-cost/exception_cost.csv
RtTwentyFourExcNoStack,1.809,data/runs/2026-09-24T17-17-38Z-exception-cost/exception_cost.csv
RtTwentyFourExcNoStackCiHi,1.819,data/runs/2026-09-24T17-17-38Z-exception-cost/exception_cost.csv
RtTwentyFourExcNoStackCiLo,1.801,data/runs/2026-09-24T17-17-38Z-exception-cost/exception_cost.csv
RtTwentyFourExcNodeInternal,9.351,data/runs/2026-09-24T17-17-38Z-exception-cost/exception_cost.csv
RtTwentyFourExcNodeInternalCiHi,9.389,data/runs/2026-09-24T17-17-38Z-exception-cost/exception_cost.csv
RtTwentyFourExcNodeInternalCiLo,9.315,data/runs/2026-09-24T17-17-38Z-exception-cost/exception_cost.csv
RtTwentyFourExcNodeLike,4.136,data/runs/2026-09-24T17-17-38Z-exception-cost/exception_cost.csv
RtTwentyFourExcNodeLikeCiHi,4.145,data/runs/2026-09-24T17-17-38Z-exception-cost/exception_cost.csv
RtTwentyFourExcNodeLikeCiLo,4.127,data/runs/2026-09-24T17-17-38Z-exception-cost/exception_cost.csv
RtTwentyFourExcPlain,4.612,data/runs/2026-09-24T17-17-38Z-exception-cost/exception_cost.csv
RtTwentyFourExcPlainCiHi,4.627,data/runs/2026-09-24T17-17-38Z-exception-cost/exception_cost.csv
RtTwentyFourExcPlainCiLo,4.587,data/runs/2026-09-24T17-17-38Z-exception-cost/exception_cost.csv
RtTwentyFourLiteral,24.21.0,data/runs/2026-09-24T17-17-38Z-exception-cost/environments.csv
RtTwentyFourOpenssl,3.5.8,data/runs/2026-09-24T17-17-38Z-exception-cost/environments.csv
RtTwentyFourProbe,19.54,data/runs/2026-09-24T17-17-38Z-exception-cost/exception_cost.csv
RtTwentyFourProbeCiHi,19.66,data/runs/2026-09-24T17-17-38Z-exception-cost/exception_cost.csv
RtTwentyFourProbeCiLo,19.41,data/runs/2026-09-24T17-17-38Z-exception-cost/exception_cost.csv
RtTwentyFourProbeNoStack,15.79,data/runs/2026-09-24T17-17-38Z-exception-cost/exception_cost.csv
RtTwentyFourProbeNoStackCiHi,15.84,data/runs/2026-09-24T17-17-38Z-exception-cost/exception_cost.csv
RtTwentyFourProbeNoStackCiLo,15.75,data/runs/2026-09-24T17-17-38Z-exception-cost/exception_cost.csv
RtTwentyFourStackCapture,3.746,data/runs/2026-09-24T17-17-38Z-exception-cost/exception_cost.csv
RtTwentyFourStackCaptureCiHi,3.813,data/runs/2026-09-24T17-17-38Z-exception-cost/exception_cost.csv
RtTwentyFourStackCaptureCiLo,3.623,data/runs/2026-09-24T17-17-38Z-exception-cost/exception_cost.csv
RtTwentyFourTimer,0.066,data/runs/2026-09-24T17-17-38Z-exception-cost/exception_cost.csv
RtTwentyFourTimerCiHi,0.068,data/runs/2026-09-24T17-17-38Z-exception-cost/exception_cost.csv
RtTwentyFourTimerCiLo,0.065,data/runs/2026-09-24T17-17-38Z-exception-cost/exception_cost.csv
RtTwentyFourVeight,13,data/runs/2026-09-24T17-17-38Z-exception-cost/environments.csv
RtTwentyFourVeightFull,13.6.233.17,data/runs/2026-09-24T17-17-38Z-exception-cost/environments.csv
RtTwentyLiteral,20.20.2,data/runs/2026-09-24T17-17-38Z-exception-cost/environments.csv
RtTwentyOpenssl,3.0.19,data/runs/2026-09-24T17-17-38Z-exception-cost/environments.csv
RtTwentyProbe,443.4,data/runs/2026-09-24T17-17-38Z-exception-cost/exception_cost.csv
RtTwentyProbeCiHi,446.3,data/runs/2026-09-24T17-17-38Z-exception-cost/exception_cost.csv
RtTwentyProbeCiLo,441.1,data/runs/2026-09-24T17-17-38Z-exception-cost/exception_cost.csv
RtTwentyProbeNoStack,437.3,data/runs/2026-09-24T17-17-38Z-exception-cost/exception_cost.csv
RtTwentyProbeNoStackCiHi,439.6,data/runs/2026-09-24T17-17-38Z-exception-cost/exception_cost.csv
RtTwentyProbeNoStackCiLo,435.5,data/runs/2026-09-24T17-17-38Z-exception-cost/exception_cost.csv
RtTwentySixDecompC,8.447,data/runs/2026-09-24T17-17-38Z-exception-cost/exception_cost.csv
RtTwentySixDecompCCiHi,8.475,data/runs/2026-09-24T17-17-38Z-exception-cost/exception_cost.csv
RtTwentySixDecompCCiLo,8.432,data/runs/2026-09-24T17-17-38Z-exception-cost/exception_cost.csv
RtTwentySixDecompCPct,47,data/runs/2026-09-24T17-17-38Z-exception-cost/exception_cost.csv
RtTwentySixDecompCVersion,3.5.8,data/runs/2026-09-24T17-17-38Z-exception-cost/exception_cost.csv
RtTwentySixDecompExcPct,19.0,data/runs/2026-09-24T17-17-38Z-exception-cost/exception_cost.csv
RtTwentySixDecompLeftover,6.145,data/runs/2026-09-24T17-17-38Z-exception-cost/exception_cost.csv
RtTwentySixDecompLeftoverCiHi,6.249,data/runs/2026-09-24T17-17-38Z-exception-cost/exception_cost.csv
RtTwentySixDecompLeftoverCiLo,5.988,data/runs/2026-09-24T17-17-38Z-exception-cost/exception_cost.csv
RtTwentySixDecompLeftoverPct,34.1,data/runs/2026-09-24T17-17-38Z-exception-cost/exception_cost.csv
RtTwentySixExcNoStack,1.930,data/runs/2026-09-24T17-17-38Z-exception-cost/exception_cost.csv
RtTwentySixExcNoStackCiHi,1.943,data/runs/2026-09-24T17-17-38Z-exception-cost/exception_cost.csv
RtTwentySixExcNoStackCiLo,1.923,data/runs/2026-09-24T17-17-38Z-exception-cost/exception_cost.csv
RtTwentySixExcNodeInternal,6.411,data/runs/2026-09-24T17-17-38Z-exception-cost/exception_cost.csv
RtTwentySixExcNodeInternalCiHi,6.692,data/runs/2026-09-24T17-17-38Z-exception-cost/exception_cost.csv
RtTwentySixExcNodeInternalCiLo,6.330,data/runs/2026-09-24T17-17-38Z-exception-cost/exception_cost.csv
RtTwentySixExcNodeLike,3.421,data/runs/2026-09-24T17-17-38Z-exception-cost/exception_cost.csv
RtTwentySixExcNodeLikeCiHi,3.565,data/runs/2026-09-24T17-17-38Z-exception-cost/exception_cost.csv
RtTwentySixExcNodeLikeCiLo,3.403,data/runs/2026-09-24T17-17-38Z-exception-cost/exception_cost.csv
RtTwentySixExcPlain,2.522,data/runs/2026-09-24T17-17-38Z-exception-cost/exception_cost.csv
RtTwentySixExcPlainCiHi,2.617,data/runs/2026-09-24T17-17-38Z-exception-cost/exception_cost.csv
RtTwentySixExcPlainCiLo,2.514,data/runs/2026-09-24T17-17-38Z-exception-cost/exception_cost.csv
RtTwentySixLiteral,26.10.0,data/runs/2026-09-24T17-17-38Z-exception-cost/environments.csv
RtTwentySixOpenssl,3.5.8,data/runs/2026-09-24T17-17-38Z-exception-cost/environments.csv
RtTwentySixProbe,18.01,data/runs/2026-09-24T17-17-38Z-exception-cost/exception_cost.csv
RtTwentySixProbeCiHi,18.11,data/runs/2026-09-24T17-17-38Z-exception-cost/exception_cost.csv
RtTwentySixProbeCiLo,17.90,data/runs/2026-09-24T17-17-38Z-exception-cost/exception_cost.csv
RtTwentySixProbeNoStack,16.16,data/runs/2026-09-24T17-17-38Z-exception-cost/exception_cost.csv
RtTwentySixProbeNoStackCiHi,16.25,data/runs/2026-09-24T17-17-38Z-exception-cost/exception_cost.csv
RtTwentySixProbeNoStackCiLo,16.13,data/runs/2026-09-24T17-17-38Z-exception-cost/exception_cost.csv
RtTwentySixStackCapture,1.767,data/runs/2026-09-24T17-17-38Z-exception-cost/exception_cost.csv
RtTwentySixStackCaptureCiHi,1.997,data/runs/2026-09-24T17-17-38Z-exception-cost/exception_cost.csv
RtTwentySixStackCaptureCiLo,1.724,data/runs/2026-09-24T17-17-38Z-exception-cost/exception_cost.csv
RtTwentySixTimer,0.067,data/runs/2026-09-24T17-17-38Z-exception-cost/exception_cost.csv
RtTwentySixTimerCiHi,0.068,data/runs/2026-09-24T17-17-38Z-exception-cost/exception_cost.csv
RtTwentySixTimerCiLo,0.066,data/runs/2026-09-24T17-17-38Z-exception-cost/exception_cost.csv
RtTwentySixVeight,14,data/runs/2026-09-24T17-17-38Z-exception-cost/environments.csv
RtTwentySixVeightFull,14.6.202.34,data/runs/2026-09-24T17-17-38Z-exception-cost/environments.csv
RtTwentyStackCapture,4.917,data/runs/2026-09-24T17-17-38Z-exception-cost/exception_cost.csv
RtTwentyStackCaptureCiHi,8.704,data/runs/2026-09-24T17-17-38Z-exception-cost/exception_cost.csv
RtTwentyStackCaptureCiLo,3.370,data/runs/2026-09-24T17-17-38Z-exception-cost/exception_cost.csv
RtTwentyThreeDecompC,394.4,data/runs/2026-09-24T17-17-38Z-exception-cost/exception_cost.csv
RtTwentyThreeDecompCCiHi,395.3,data/runs/2026-09-24T17-17-38Z-exception-cost/exception_cost.csv
RtTwentyThreeDecompCCiLo,389.2,data/runs/2026-09-24T17-17-38Z-exception-cost/exception_cost.csv
RtTwentyThreeDecompCPct,103,data/runs/2026-09-24T17-17-38Z-exception-cost/exception_cost.csv
RtTwentyThreeDecompCVersion,3.0.16,data/runs/2026-09-24T17-17-38Z-exception-cost/exception_cost.csv
RtTwentyThreeDecompExcPct,1.0,data/runs/2026-09-24T17-17-38Z-exception-cost/exception_cost.csv
RtTwentyThreeDecompLeftover,-14.88,data/runs/2026-09-24T17-17-38Z-exception-cost/exception_cost.csv
RtTwentyThreeDecompLeftoverCiHi,-8.66,data/runs/2026-09-24T17-17-38Z-exception-cost/exception_cost.csv
RtTwentyThreeDecompLeftoverCiLo,-18.64,data/runs/2026-09-24T17-17-38Z-exception-cost/exception_cost.csv
RtTwentyThreeDecompLeftoverPct,-3.9,data/runs/2026-09-24T17-17-38Z-exception-cost/exception_cost.csv
RtTwentyThreeExcNoStack,1.682,data/runs/2026-09-24T17-17-38Z-exception-cost/exception_cost.csv
RtTwentyThreeExcNoStackCiHi,1.683,data/runs/2026-09-24T17-17-38Z-exception-cost/exception_cost.csv
RtTwentyThreeExcNoStackCiLo,1.674,data/runs/2026-09-24T17-17-38Z-exception-cost/exception_cost.csv
RtTwentyThreeExcNodeInternal,7.718,data/runs/2026-09-24T17-17-38Z-exception-cost/exception_cost.csv
RtTwentyThreeExcNodeInternalCiHi,7.826,data/runs/2026-09-24T17-17-38Z-exception-cost/exception_cost.csv
RtTwentyThreeExcNodeInternalCiLo,7.662,data/runs/2026-09-24T17-17-38Z-exception-cost/exception_cost.csv
RtTwentyThreeExcNodeLike,3.959,data/runs/2026-09-24T17-17-38Z-exception-cost/exception_cost.csv
RtTwentyThreeExcNodeLikeCiHi,3.973,data/runs/2026-09-24T17-17-38Z-exception-cost/exception_cost.csv
RtTwentyThreeExcNodeLikeCiLo,3.951,data/runs/2026-09-24T17-17-38Z-exception-cost/exception_cost.csv
RtTwentyThreeExcPlain,4.526,data/runs/2026-09-24T17-17-38Z-exception-cost/exception_cost.csv
RtTwentyThreeExcPlainCiHi,4.562,data/runs/2026-09-24T17-17-38Z-exception-cost/exception_cost.csv
RtTwentyThreeExcPlainCiLo,4.516,data/runs/2026-09-24T17-17-38Z-exception-cost/exception_cost.csv
RtTwentyThreeLiteral,23.11.1,data/runs/2026-09-24T17-17-38Z-exception-cost/environments.csv
RtTwentyThreeOpenssl,3.0.16,data/runs/2026-09-24T17-17-38Z-exception-cost/environments.csv
RtTwentyThreeProbe,383.5,data/runs/2026-09-24T17-17-38Z-exception-cost/exception_cost.csv
RtTwentyThreeProbeCiHi,386.8,data/runs/2026-09-24T17-17-38Z-exception-cost/exception_cost.csv
RtTwentyThreeProbeCiLo,379.9,data/runs/2026-09-24T17-17-38Z-exception-cost/exception_cost.csv
RtTwentyThreeProbeNoStack,379.9,data/runs/2026-09-24T17-17-38Z-exception-cost/exception_cost.csv
RtTwentyThreeProbeNoStackCiHi,384.9,data/runs/2026-09-24T17-17-38Z-exception-cost/exception_cost.csv
RtTwentyThreeProbeNoStackCiLo,375.1,data/runs/2026-09-24T17-17-38Z-exception-cost/exception_cost.csv
RtTwentyThreeStackCapture,4.675,data/runs/2026-09-24T17-17-38Z-exception-cost/exception_cost.csv
RtTwentyThreeStackCaptureCiHi,9.334,data/runs/2026-09-24T17-17-38Z-exception-cost/exception_cost.csv
RtTwentyThreeStackCaptureCiLo,-1.535,data/runs/2026-09-24T17-17-38Z-exception-cost/exception_cost.csv
RtTwentyThreeTimer,0.068,data/runs/2026-09-24T17-17-38Z-exception-cost/exception_cost.csv
RtTwentyThreeTimerCiHi,0.069,data/runs/2026-09-24T17-17-38Z-exception-cost/exception_cost.csv
RtTwentyThreeTimerCiLo,0.067,data/runs/2026-09-24T17-17-38Z-exception-cost/exception_cost.csv
RtTwentyThreeVeight,12,data/runs/2026-09-24T17-17-38Z-exception-cost/environments.csv
RtTwentyThreeVeightFull,12.9.202.28,data/runs/2026-09-24T17-17-38Z-exception-cost/environments.csv
RtTwentyTimer,0.070,data/runs/2026-09-24T17-17-38Z-exception-cost/exception_cost.csv
RtTwentyTimerCiHi,0.083,data/runs/2026-09-24T17-17-38Z-exception-cost/exception_cost.csv
RtTwentyTimerCiLo,0.068,data/runs/2026-09-24T17-17-38Z-exception-cost/exception_cost.csv
RtTwentyTwoDecompC,8.447,data/runs/2026-09-24T17-17-38Z-exception-cost/exception_cost.csv
RtTwentyTwoDecompCCiHi,8.475,data/runs/2026-09-24T17-17-38Z-exception-cost/exception_cost.csv
RtTwentyTwoDecompCCiLo,8.412,data/runs/2026-09-24T17-17-38Z-exception-cost/exception_cost.csv
RtTwentyTwoDecompCPct,44,data/runs/2026-09-24T17-17-38Z-exception-cost/exception_cost.csv
RtTwentyTwoDecompCVersion,3.5.8,data/runs/2026-09-24T17-17-38Z-exception-cost/exception_cost.csv
RtTwentyTwoDecompExcPct,21.2,data/runs/2026-09-24T17-17-38Z-exception-cost/exception_cost.csv
RtTwentyTwoDecompLeftover,6.515,data/runs/2026-09-24T17-17-38Z-exception-cost/exception_cost.csv
RtTwentyTwoDecompLeftoverCiHi,6.678,data/runs/2026-09-24T17-17-38Z-exception-cost/exception_cost.csv
RtTwentyTwoDecompLeftoverCiLo,6.427,data/runs/2026-09-24T17-17-38Z-exception-cost/exception_cost.csv
RtTwentyTwoDecompLeftoverPct,34.3,data/runs/2026-09-24T17-17-38Z-exception-cost/exception_cost.csv
RtTwentyTwoExcNoStack,1.710,data/runs/2026-09-24T17-17-38Z-exception-cost/exception_cost.csv
RtTwentyTwoExcNoStackCiHi,1.719,data/runs/2026-09-24T17-17-38Z-exception-cost/exception_cost.csv
RtTwentyTwoExcNoStackCiLo,1.708,data/runs/2026-09-24T17-17-38Z-exception-cost/exception_cost.csv
RtTwentyTwoExcNodeInternal,7.735,data/runs/2026-09-24T17-17-38Z-exception-cost/exception_cost.csv
RtTwentyTwoExcNodeInternalCiHi,7.889,data/runs/2026-09-24T17-17-38Z-exception-cost/exception_cost.csv
RtTwentyTwoExcNodeInternalCiLo,7.641,data/runs/2026-09-24T17-17-38Z-exception-cost/exception_cost.csv
RtTwentyTwoExcNodeLike,4.021,data/runs/2026-09-24T17-17-38Z-exception-cost/exception_cost.csv
RtTwentyTwoExcNodeLikeCiHi,4.044,data/runs/2026-09-24T17-17-38Z-exception-cost/exception_cost.csv
RtTwentyTwoExcNodeLikeCiLo,3.999,data/runs/2026-09-24T17-17-38Z-exception-cost/exception_cost.csv
RtTwentyTwoExcPlain,4.553,data/runs/2026-09-24T17-17-38Z-exception-cost/exception_cost.csv
RtTwentyTwoExcPlainCiHi,4.569,data/runs/2026-09-24T17-17-38Z-exception-cost/exception_cost.csv
RtTwentyTwoExcPlainCiLo,4.538,data/runs/2026-09-24T17-17-38Z-exception-cost/exception_cost.csv
RtTwentyTwoLiteral,22.23.3,data/runs/2026-09-24T17-17-38Z-exception-cost/environments.csv
RtTwentyTwoOpenssl,3.5.8,data/runs/2026-09-24T17-17-38Z-exception-cost/environments.csv
RtTwentyTwoProbe,18.98,data/runs/2026-09-24T17-17-38Z-exception-cost/exception_cost.csv
RtTwentyTwoProbeCiHi,19.11,data/runs/2026-09-24T17-17-38Z-exception-cost/exception_cost.csv
RtTwentyTwoProbeCiLo,18.91,data/runs/2026-09-24T17-17-38Z-exception-cost/exception_cost.csv
RtTwentyTwoProbeNoStack,15.18,data/runs/2026-09-24T17-17-38Z-exception-cost/exception_cost.csv
RtTwentyTwoProbeNoStackCiHi,15.27,data/runs/2026-09-24T17-17-38Z-exception-cost/exception_cost.csv
RtTwentyTwoProbeNoStackCiLo,15.15,data/runs/2026-09-24T17-17-38Z-exception-cost/exception_cost.csv
RtTwentyTwoStackCapture,3.805,data/runs/2026-09-24T17-17-38Z-exception-cost/exception_cost.csv
RtTwentyTwoStackCaptureCiHi,3.946,data/runs/2026-09-24T17-17-38Z-exception-cost/exception_cost.csv
RtTwentyTwoStackCaptureCiLo,3.645,data/runs/2026-09-24T17-17-38Z-exception-cost/exception_cost.csv
RtTwentyTwoTimer,0.061,data/runs/2026-09-24T17-17-38Z-exception-cost/exception_cost.csv
RtTwentyTwoTimerCiHi,0.063,data/runs/2026-09-24T17-17-38Z-exception-cost/exception_cost.csv
RtTwentyTwoTimerCiLo,0.061,data/runs/2026-09-24T17-17-38Z-exception-cost/exception_cost.csv
RtTwentyTwoVeight,12,data/runs/2026-09-24T17-17-38Z-exception-cost/environments.csv
RtTwentyTwoVeightFull,12.4.254.21,data/runs/2026-09-24T17-17-38Z-exception-cost/environments.csv
RtTwentyVeight,11,data/runs/2026-09-24T17-17-38Z-exception-cost/environments.csv
RtTwentyVeightFull,11.3.244.8,data/runs/2026-09-24T17-17-38Z-exception-cost/environments.csv
XhCallsPerInvocation,40000,data/runs/2026-09-24T17-39-59Z-keypath-mechanism/keypath_stats.json
XhCreateSecretKey,1.261,data/runs/2026-09-24T17-39-59Z-keypath-mechanism/keypath_stats.json
XhCreateSecretKeyCiHi,1.270,data/runs/2026-09-24T17-39-59Z-keypath-mechanism/keypath_stats.json
XhCreateSecretKeyCiLo,1.253,data/runs/2026-09-24T17-39-59Z-keypath-mechanism/keypath_stats.json
XhCvMax,20.9,data/runs/2026-09-24T17-39-59Z-keypath-mechanism/keypath_stats.json
XhDecodeOnly,1.795,data/runs/2026-09-24T17-39-59Z-keypath-mechanism/keypath_stats.json
XhDecodeOnlyCiHi,1.803,data/runs/2026-09-24T17-39-59Z-keypath-mechanism/keypath_stats.json
XhDecodeOnlyCiLo,1.787,data/runs/2026-09-24T17-39-59Z-keypath-mechanism/keypath_stats.json
XhDecompExplainedPct,75.8,data/runs/2026-09-24T17-39-59Z-keypath-mechanism/keypath_stats.json
XhHmacKeyObject,2.974,data/runs/2026-09-24T17-39-59Z-keypath-mechanism/keypath_stats.json
XhHmacKeyObjectCiHi,2.986,data/runs/2026-09-24T17-39-59Z-keypath-mechanism/keypath_stats.json
XhHmacKeyObjectCiLo,2.961,data/runs/2026-09-24T17-39-59Z-keypath-mechanism/keypath_stats.json
XhHmacString,3.105,data/runs/2026-09-24T17-39-59Z-keypath-mechanism/keypath_stats.json
XhHmacStringCiHi,3.113,data/runs/2026-09-24T17-39-59Z-keypath-mechanism/keypath_stats.json
XhHmacStringCiLo,3.086,data/runs/2026-09-24T17-39-59Z-keypath-mechanism/keypath_stats.json
XhInvocations,15,data/runs/2026-09-24T17-39-59Z-keypath-mechanism/keypath_stats.json
XhJwtPreparsed,9.083,data/runs/2026-09-24T17-39-59Z-keypath-mechanism/keypath_stats.json
XhJwtPreparsedCiHi,9.118,data/runs/2026-09-24T17-39-59Z-keypath-mechanism/keypath_stats.json
XhJwtPreparsedCiLo,9.050,data/runs/2026-09-24T17-39-59Z-keypath-mechanism/keypath_stats.json
XhJwtString,36.48,data/runs/2026-09-24T17-39-59Z-keypath-mechanism/keypath_stats.json
XhJwtStringCiHi,36.75,data/runs/2026-09-24T17-39-59Z-keypath-mechanism/keypath_stats.json
XhJwtStringCiLo,36.32,data/runs/2026-09-24T17-39-59Z-keypath-mechanism/keypath_stats.json
XhJwtStringSafe,11.09,data/runs/2026-09-24T17-39-59Z-keypath-mechanism/keypath_stats.json
XhJwtStringSafeCiHi,11.33,data/runs/2026-09-24T17-39-59Z-keypath-mechanism/keypath_stats.json
XhJwtStringSafeCiLo,11.04,data/runs/2026-09-24T17-39-59Z-keypath-mechanism/keypath_stats.json
XhNode,22.22.2,data/runs/2026-09-24T17-39-59Z-keypath-mechanism/keypath_stats.json
XhOpenssl,3.5.5,data/runs/2026-09-24T17-39-59Z-keypath-mechanism/keypath_stats.json
XhProbeShareOfCall,53,data/runs/2026-09-24T17-39-59Z-keypath-mechanism/keypath_stats.json
XhProbeSucceeds,13.66,data/runs/2026-09-24T17-39-59Z-keypath-mechanism/keypath_stats.json
XhProbeSucceedsCiHi,13.69,data/runs/2026-09-24T17-39-59Z-keypath-mechanism/keypath_stats.json
XhProbeSucceedsCiLo,13.65,data/runs/2026-09-24T17-39-59Z-keypath-mechanism/keypath_stats.json
XhProbeThrows,19.42,data/runs/2026-09-24T17-39-59Z-keypath-mechanism/keypath_stats.json
XhProbeThrowsCiHi,19.46,data/runs/2026-09-24T17-39-59Z-keypath-mechanism/keypath_stats.json
XhProbeThrowsCiLo,19.35,data/runs/2026-09-24T17-39-59Z-keypath-mechanism/keypath_stats.json
XhStringPenalty,27.30,data/runs/2026-09-24T17-39-59Z-keypath-mechanism/keypath_stats.json
XhStringPenaltyCiHi,27.61,data/runs/2026-09-24T17-39-59Z-keypath-mechanism/keypath_stats.json
XhStringPenaltyCiLo,27.13,data/runs/2026-09-24T17-39-59Z-keypath-mechanism/keypath_stats.json
XhTimerOverhead,0.058,data/runs/2026-09-24T17-39-59Z-keypath-mechanism/keypath_stats.json
XhTimerOverheadCiHi,0.061,data/runs/2026-09-24T17-39-59Z-keypath-mechanism/keypath_stats.json
XhTimerOverheadCiLo,0.058,data/runs/2026-09-24T17-39-59Z-keypath-mechanism/keypath_stats.json
XlibCallsPerInvocation,20000,data/runs/2026-09-24T17-29-16Z-crosslib/crosslib.csv
XlibCvMax,20.2,data/runs/2026-09-24T17-29-16Z-crosslib/crosslib.csv
XlibCvMedian,2.8,data/runs/2026-09-24T17-29-16Z-crosslib/crosslib.csv
XlibFastjwtNewSslBackend,OpenSSL 3.5.8,data/runs/2026-09-24T17-29-16Z-crosslib/crosslib.csv
XlibFastjwtNewSslPenalty,-0.068,data/runs/2026-09-24T17-29-16Z-crosslib/crosslib.csv
XlibFastjwtNewSslPenaltyCiHi,0.197,data/runs/2026-09-24T17-29-16Z-crosslib/crosslib.csv
XlibFastjwtNewSslPenaltyCiLo,-0.134,data/runs/2026-09-24T17-29-16Z-crosslib/crosslib.csv
XlibFastjwtNewSslPenaltyExcludesZero,no,data/runs/2026-09-24T17-29-16Z-crosslib/crosslib.csv
XlibFastjwtNewSslPreparsed,7.934,data/runs/2026-09-24T17-29-16Z-crosslib/crosslib.csv
XlibFastjwtNewSslPreparsedCiHi,7.992,data/runs/2026-09-24T17-29-16Z-crosslib/crosslib.csv
XlibFastjwtNewSslPreparsedCiLo,7.866,data/runs/2026-09-24T17-29-16Z-crosslib/crosslib.csv
XlibFastjwtNewSslRatio,1.00,data/runs/2026-09-24T17-29-16Z-crosslib/crosslib.csv
XlibFastjwtNewSslRuntime,node v26.10.0,data/runs/2026-09-24T17-29-16Z-crosslib/crosslib.csv
XlibFastjwtNewSslString,7.917,data/runs/2026-09-24T17-29-16Z-crosslib/crosslib.csv
XlibFastjwtNewSslStringCiHi,8.044,data/runs/2026-09-24T17-29-16Z-crosslib/crosslib.csv
XlibFastjwtNewSslStringCiLo,7.851,data/runs/2026-09-24T17-29-16Z-crosslib/crosslib.csv
XlibFastjwtNewSslVersion,6.3.3,data/runs/2026-09-24T17-29-16Z-crosslib/crosslib.csv
XlibFastjwtOldSslBackend,OpenSSL 3.0.19,data/runs/2026-09-24T17-29-16Z-crosslib/crosslib.csv
XlibFastjwtOldSslPenalty,0.070,data/runs/2026-09-24T17-29-16Z-crosslib/crosslib.csv
XlibFastjwtOldSslPenaltyCiHi,0.111,data/runs/2026-09-24T17-29-16Z-crosslib/crosslib.csv
XlibFastjwtOldSslPenaltyCiLo,-0.116,data/runs/2026-09-24T17-29-16Z-crosslib/crosslib.csv
XlibFastjwtOldSslPenaltyExcludesZero,no,data/runs/2026-09-24T17-29-16Z-crosslib/crosslib.csv
XlibFastjwtOldSslPreparsed,7.570,data/runs/2026-09-24T17-29-16Z-crosslib/crosslib.csv
XlibFastjwtOldSslPreparsedCiHi,7.642,data/runs/2026-09-24T17-29-16Z-crosslib/crosslib.csv
XlibFastjwtOldSslPreparsedCiLo,7.445,data/runs/2026-09-24T17-29-16Z-crosslib/crosslib.csv
XlibFastjwtOldSslRatio,1.00,data/runs/2026-09-24T17-29-16Z-crosslib/crosslib.csv
XlibFastjwtOldSslRuntime,node v20.20.2,data/runs/2026-09-24T17-29-16Z-crosslib/crosslib.csv
XlibFastjwtOldSslString,7.564,data/runs/2026-09-24T17-29-16Z-crosslib/crosslib.csv
XlibFastjwtOldSslStringCiHi,7.666,data/runs/2026-09-24T17-29-16Z-crosslib/crosslib.csv
XlibFastjwtOldSslStringCiLo,7.487,data/runs/2026-09-24T17-29-16Z-crosslib/crosslib.csv
XlibFastjwtOldSslVersion,6.3.3,data/runs/2026-09-24T17-29-16Z-crosslib/crosslib.csv
XlibGolangjwtBackend,Go crypto/hmac,data/runs/2026-09-24T17-29-16Z-crosslib/crosslib.csv
XlibGolangjwtPenalty,0.034,data/runs/2026-09-24T17-29-16Z-crosslib/crosslib.csv
XlibGolangjwtPenaltyCiHi,0.117,data/runs/2026-09-24T17-29-16Z-crosslib/crosslib.csv
XlibGolangjwtPenaltyCiLo,-0.042,data/runs/2026-09-24T17-29-16Z-crosslib/crosslib.csv
XlibGolangjwtPenaltyExcludesZero,no,data/runs/2026-09-24T17-29-16Z-crosslib/crosslib.csv
XlibGolangjwtPreparsed,4.764,data/runs/2026-09-24T17-29-16Z-crosslib/crosslib.csv
XlibGolangjwtPreparsedCiHi,4.832,data/runs/2026-09-24T17-29-16Z-crosslib/crosslib.csv
XlibGolangjwtPreparsedCiLo,4.719,data/runs/2026-09-24T17-29-16Z-crosslib/crosslib.csv
XlibGolangjwtRatio,1.01,data/runs/2026-09-24T17-29-16Z-crosslib/crosslib.csv
XlibGolangjwtRuntime,go1.24.7,data/runs/2026-09-24T17-29-16Z-crosslib/crosslib.csv
XlibGolangjwtString,4.810,data/runs/2026-09-24T17-29-16Z-crosslib/crosslib.csv
XlibGolangjwtStringCiHi,4.881,data/runs/2026-09-24T17-29-16Z-crosslib/crosslib.csv
XlibGolangjwtStringCiLo,4.734,data/runs/2026-09-24T17-29-16Z-crosslib/crosslib.csv
XlibGolangjwtVersion,5.3.1,data/runs/2026-09-24T17-29-16Z-crosslib/crosslib.csv
XlibInvocations,15,data/runs/2026-09-24T17-29-16Z-crosslib/crosslib.csv
XlibJjwtBackend,JCA SunJCE,data/runs/2026-09-24T17-29-16Z-crosslib/crosslib.csv
XlibJjwtPenalty,-0.406,data/runs/2026-09-24T17-29-16Z-crosslib/crosslib.csv
XlibJjwtPenaltyCiHi,0.648,data/runs/2026-09-24T17-29-16Z-crosslib/crosslib.csv
XlibJjwtPenaltyCiLo,-0.715,data/runs/2026-09-24T17-29-16Z-crosslib/crosslib.csv
XlibJjwtPenaltyExcludesZero,no,data/runs/2026-09-24T17-29-16Z-crosslib/crosslib.csv
XlibJjwtPreparsed,12.33,data/runs/2026-09-24T17-29-16Z-crosslib/crosslib.csv
XlibJjwtPreparsedCiHi,12.78,data/runs/2026-09-24T17-29-16Z-crosslib/crosslib.csv
XlibJjwtPreparsedCiLo,12.04,data/runs/2026-09-24T17-29-16Z-crosslib/crosslib.csv
XlibJjwtRatio,0.99,data/runs/2026-09-24T17-29-16Z-crosslib/crosslib.csv
XlibJjwtRuntime,java 21.0.10,data/runs/2026-09-24T17-29-16Z-crosslib/crosslib.csv
XlibJjwtString,12.15,data/runs/2026-09-24T17-29-16Z-crosslib/crosslib.csv
XlibJjwtStringCiHi,13.12,data/runs/2026-09-24T17-29-16Z-crosslib/crosslib.csv
XlibJjwtStringCiLo,11.98,data/runs/2026-09-24T17-29-16Z-crosslib/crosslib.csv
XlibJjwtVersion,0.13.0,data/runs/2026-09-24T17-29-16Z-crosslib/crosslib.csv
XlibJoseNewSslBackend,OpenSSL 3.5.8,data/runs/2026-09-24T17-29-16Z-crosslib/crosslib.csv
XlibJoseNewSslPenalty,24.80,data/runs/2026-09-24T17-29-16Z-crosslib/crosslib.csv
XlibJoseNewSslPenaltyCiHi,26.51,data/runs/2026-09-24T17-29-16Z-crosslib/crosslib.csv
XlibJoseNewSslPenaltyCiLo,21.91,data/runs/2026-09-24T17-29-16Z-crosslib/crosslib.csv
XlibJoseNewSslPenaltyExcludesZero,yes,data/runs/2026-09-24T17-29-16Z-crosslib/crosslib.csv
XlibJoseNewSslPreparsed,73.98,data/runs/2026-09-24T17-29-16Z-crosslib/crosslib.csv
XlibJoseNewSslPreparsedCiHi,75.81,data/runs/2026-09-24T17-29-16Z-crosslib/crosslib.csv
XlibJoseNewSslPreparsedCiLo,71.27,data/runs/2026-09-24T17-29-16Z-crosslib/crosslib.csv
XlibJoseNewSslRatio,1.34,data/runs/2026-09-24T17-29-16Z-crosslib/crosslib.csv
XlibJoseNewSslRuntime,node v26.10.0,data/runs/2026-09-24T17-29-16Z-crosslib/crosslib.csv
XlibJoseNewSslString,98.89,data/runs/2026-09-24T17-29-16Z-crosslib/crosslib.csv
XlibJoseNewSslStringCiHi,100.02,data/runs/2026-09-24T17-29-16Z-crosslib/crosslib.csv
XlibJoseNewSslStringCiLo,95.81,data/runs/2026-09-24T17-29-16Z-crosslib/crosslib.csv
XlibJoseNewSslVersion,6.2.12,data/runs/2026-09-24T17-29-16Z-crosslib/crosslib.csv
XlibJoseOldSslBackend,OpenSSL 3.0.19,data/runs/2026-09-24T17-29-16Z-crosslib/crosslib.csv
XlibJoseOldSslPenalty,42.66,data/runs/2026-09-24T17-29-16Z-crosslib/crosslib.csv
XlibJoseOldSslPenaltyCiHi,45.89,data/runs/2026-09-24T17-29-16Z-crosslib/crosslib.csv
XlibJoseOldSslPenaltyCiLo,38.50,data/runs/2026-09-24T17-29-16Z-crosslib/crosslib.csv
XlibJoseOldSslPenaltyExcludesZero,yes,data/runs/2026-09-24T17-29-16Z-crosslib/crosslib.csv
XlibJoseOldSslPreparsed,78.42,data/runs/2026-09-24T17-29-16Z-crosslib/crosslib.csv
XlibJoseOldSslPreparsedCiHi,81.65,data/runs/2026-09-24T17-29-16Z-crosslib/crosslib.csv
XlibJoseOldSslPreparsedCiLo,75.86,data/runs/2026-09-24T17-29-16Z-crosslib/crosslib.csv
XlibJoseOldSslRatio,1.55,data/runs/2026-09-24T17-29-16Z-crosslib/crosslib.csv
XlibJoseOldSslRuntime,node v20.20.2,data/runs/2026-09-24T17-29-16Z-crosslib/crosslib.csv
XlibJoseOldSslString,121.2,data/runs/2026-09-24T17-29-16Z-crosslib/crosslib.csv
XlibJoseOldSslStringCiHi,124.5,data/runs/2026-09-24T17-29-16Z-crosslib/crosslib.csv
XlibJoseOldSslStringCiLo,119.9,data/runs/2026-09-24T17-29-16Z-crosslib/crosslib.csv
XlibJoseOldSslVersion,6.2.12,data/runs/2026-09-24T17-29-16Z-crosslib/crosslib.csv
XlibJsonwebtokenNewSslBackend,OpenSSL 3.5.8,data/runs/2026-09-24T17-29-16Z-crosslib/crosslib.csv
XlibJsonwebtokenNewSslPenalty,24.56,data/runs/2026-09-24T17-29-16Z-crosslib/crosslib.csv
XlibJsonwebtokenNewSslPenaltyCiHi,24.82,data/runs/2026-09-24T17-29-16Z-crosslib/crosslib.csv
XlibJsonwebtokenNewSslPenaltyCiLo,24.07,data/runs/2026-09-24T17-29-16Z-crosslib/crosslib.csv
XlibJsonwebtokenNewSslPenaltyExcludesZero,yes,data/runs/2026-09-24T17-29-16Z-crosslib/crosslib.csv
XlibJsonwebtokenNewSslPreparsed,9.844,data/runs/2026-09-24T17-29-16Z-crosslib/crosslib.csv
XlibJsonwebtokenNewSslPreparsedCiHi,9.991,data/runs/2026-09-24T17-29-16Z-crosslib/crosslib.csv
XlibJsonwebtokenNewSslPreparsedCiLo,9.634,data/runs/2026-09-24T17-29-16Z-crosslib/crosslib.csv
XlibJsonwebtokenNewSslRatio,3.48,data/runs/2026-09-24T17-29-16Z-crosslib/crosslib.csv
XlibJsonwebtokenNewSslRuntime,node v26.10.0,data/runs/2026-09-24T17-29-16Z-crosslib/crosslib.csv
XlibJsonwebtokenNewSslString,34.22,data/runs/2026-09-24T17-29-16Z-crosslib/crosslib.csv
XlibJsonwebtokenNewSslStringCiHi,34.70,data/runs/2026-09-24T17-29-16Z-crosslib/crosslib.csv
XlibJsonwebtokenNewSslStringCiLo,33.98,data/runs/2026-09-24T17-29-16Z-crosslib/crosslib.csv
XlibJsonwebtokenNewSslVersion,9.0.3,data/runs/2026-09-24T17-29-16Z-crosslib/crosslib.csv
XlibJsonwebtokenOldSslBackend,OpenSSL 3.0.19,data/runs/2026-09-24T17-29-16Z-crosslib/crosslib.csv
XlibJsonwebtokenOldSslPenalty,465.9,data/runs/2026-09-24T17-29-16Z-crosslib/crosslib.csv
XlibJsonwebtokenOldSslPenaltyCiHi,467.8,data/runs/2026-09-24T17-29-16Z-crosslib/crosslib.csv
XlibJsonwebtokenOldSslPenaltyCiLo,465.2,data/runs/2026-09-24T17-29-16Z-crosslib/crosslib.csv
XlibJsonwebtokenOldSslPenaltyExcludesZero,yes,data/runs/2026-09-24T17-29-16Z-crosslib/crosslib.csv
XlibJsonwebtokenOldSslPreparsed,10.23,data/runs/2026-09-24T17-29-16Z-crosslib/crosslib.csv
XlibJsonwebtokenOldSslPreparsedCiHi,10.45,data/runs/2026-09-24T17-29-16Z-crosslib/crosslib.csv
XlibJsonwebtokenOldSslPreparsedCiLo,10.16,data/runs/2026-09-24T17-29-16Z-crosslib/crosslib.csv
XlibJsonwebtokenOldSslRatio,46.55,data/runs/2026-09-24T17-29-16Z-crosslib/crosslib.csv
XlibJsonwebtokenOldSslRuntime,node v20.20.2,data/runs/2026-09-24T17-29-16Z-crosslib/crosslib.csv
XlibJsonwebtokenOldSslString,476.2,data/runs/2026-09-24T17-29-16Z-crosslib/crosslib.csv
XlibJsonwebtokenOldSslStringCiHi,477.5,data/runs/2026-09-24T17-29-16Z-crosslib/crosslib.csv
XlibJsonwebtokenOldSslStringCiLo,475.4,data/runs/2026-09-24T17-29-16Z-crosslib/crosslib.csv
XlibJsonwebtokenOldSslVersion,9.0.3,data/runs/2026-09-24T17-29-16Z-crosslib/crosslib.csv
XlibJwtOverJoseOldSsl,11,data/runs/2026-09-24T17-29-16Z-crosslib/crosslib.csv
XlibLibCount,seven,data/runs/2026-09-24T17-29-16Z-crosslib/crosslib.csv
XlibNimbusBackend,JCA SunJCE,data/runs/2026-09-24T17-29-16Z-crosslib/crosslib.csv
XlibNimbusPenalty,0.304,data/runs/2026-09-24T17-29-16Z-crosslib/crosslib.csv
XlibNimbusPenaltyCiHi,1.016,data/runs/2026-09-24T17-29-16Z-crosslib/crosslib.csv
XlibNimbusPenaltyCiLo,-0.098,data/runs/2026-09-24T17-29-16Z-crosslib/crosslib.csv
XlibNimbusPenaltyExcludesZero,no,data/runs/2026-09-24T17-29-16Z-crosslib/crosslib.csv
XlibNimbusPreparsed,4.229,data/runs/2026-09-24T17-29-16Z-crosslib/crosslib.csv
XlibNimbusPreparsedCiHi,4.418,data/runs/2026-09-24T17-29-16Z-crosslib/crosslib.csv
XlibNimbusPreparsedCiLo,4.134,data/runs/2026-09-24T17-29-16Z-crosslib/crosslib.csv
XlibNimbusRatio,1.03,data/runs/2026-09-24T17-29-16Z-crosslib/crosslib.csv
XlibNimbusRuntime,java 21.0.10,data/runs/2026-09-24T17-29-16Z-crosslib/crosslib.csv
XlibNimbusString,4.358,data/runs/2026-09-24T17-29-16Z-crosslib/crosslib.csv
XlibNimbusStringCiHi,5.799,data/runs/2026-09-24T17-29-16Z-crosslib/crosslib.csv
XlibNimbusStringCiLo,4.247,data/runs/2026-09-24T17-29-16Z-crosslib/crosslib.csv
XlibNimbusVersion,10.10,data/runs/2026-09-24T17-29-16Z-crosslib/crosslib.csv
XlibPenaltyLibCount,two,data/runs/2026-09-24T17-29-16Z-crosslib/crosslib.csv
XlibPyjwtBackend,"hashlib, OpenSSL 3.0.13",data/runs/2026-09-24T17-29-16Z-crosslib/crosslib.csv
XlibPyjwtPenalty,-0.103,data/runs/2026-09-24T17-29-16Z-crosslib/crosslib.csv
XlibPyjwtPenaltyCiHi,0.338,data/runs/2026-09-24T17-29-16Z-crosslib/crosslib.csv
XlibPyjwtPenaltyCiLo,-0.457,data/runs/2026-09-24T17-29-16Z-crosslib/crosslib.csv
XlibPyjwtPenaltyExcludesZero,no,data/runs/2026-09-24T17-29-16Z-crosslib/crosslib.csv
XlibPyjwtPreparsed,41.28,data/runs/2026-09-24T17-29-16Z-crosslib/crosslib.csv
XlibPyjwtPreparsedCiHi,41.49,data/runs/2026-09-24T17-29-16Z-crosslib/crosslib.csv
XlibPyjwtPreparsedCiLo,41.08,data/runs/2026-09-24T17-29-16Z-crosslib/crosslib.csv
XlibPyjwtRatio,1.00,data/runs/2026-09-24T17-29-16Z-crosslib/crosslib.csv
XlibPyjwtRuntime,cpython 3.11.15,data/runs/2026-09-24T17-29-16Z-crosslib/crosslib.csv
XlibPyjwtString,41.33,data/runs/2026-09-24T17-29-16Z-crosslib/crosslib.csv
XlibPyjwtStringCiHi,41.40,data/runs/2026-09-24T17-29-16Z-crosslib/crosslib.csv
XlibPyjwtStringCiLo,41.22,data/runs/2026-09-24T17-29-16Z-crosslib/crosslib.csv
XlibPyjwtVersion,2.15.0,data/runs/2026-09-24T17-29-16Z-crosslib/crosslib.csv
XlibZeroPenaltyLibCount,five,data/runs/2026-09-24T17-29-16Z-crosslib/crosslib.csv
XmCallsPerInvocation,20000,data/runs/2026-09-24T17-44-01Z-keypath-runtime-matrix/keypath_stats.json
XmEighteenArch,x64,data/runs/2026-09-24T17-44-01Z-keypath-runtime-matrix/environments.csv
XmEighteenDecodeOnly,2.32,data/runs/2026-09-24T17-44-01Z-keypath-runtime-matrix/keypath_stats.json
XmEighteenHmacString,4.64,data/runs/2026-09-24T17-44-01Z-keypath-runtime-matrix/keypath_stats.json
XmEighteenJwtPreparsed,12.66,data/runs/2026-09-24T17-44-01Z-keypath-runtime-matrix/keypath_stats.json
XmEighteenJwtPreparsedCiHi,12.81,data/runs/2026-09-24T17-44-01Z-keypath-runtime-matrix/keypath_stats.json
XmEighteenJwtPreparsedCiLo,12.57,data/runs/2026-09-24T17-44-01Z-keypath-runtime-matrix/keypath_stats.json
XmEighteenJwtString,694.5,data/runs/2026-09-24T17-44-01Z-keypath-runtime-matrix/keypath_stats.json
XmEighteenJwtStringCiHi,696.9,data/runs/2026-09-24T17-44-01Z-keypath-runtime-matrix/keypath_stats.json
XmEighteenJwtStringCiLo,690.4,data/runs/2026-09-24T17-44-01Z-keypath-runtime-matrix/keypath_stats.json
XmEighteenOpenssl,3.0.16,data/runs/2026-09-24T17-44-01Z-keypath-runtime-matrix/keypath_stats.json
XmEighteenProbeSucceeds,181.25,data/runs/2026-09-24T17-44-01Z-keypath-runtime-matrix/keypath_stats.json
XmEighteenProbeThrows,607.1,data/runs/2026-09-24T17-44-01Z-keypath-runtime-matrix/keypath_stats.json
XmEighteenProbeThrowsCiHi,613.7,data/runs/2026-09-24T17-44-01Z-keypath-runtime-matrix/keypath_stats.json
XmEighteenProbeThrowsCiLo,602.8,data/runs/2026-09-24T17-44-01Z-keypath-runtime-matrix/keypath_stats.json
XmInvocations,10,data/runs/2026-09-24T17-44-01Z-keypath-runtime-matrix/keypath_stats.json
XmOrderingMatchesArm,a different,data/runs/2026-09-24T17-44-01Z-keypath-runtime-matrix/keypath_stats.json
XmSeriesSplitHolds,holds,data/runs/2026-09-24T17-44-01Z-keypath-runtime-matrix/keypath_stats.json
XmSpanDecodeOnly,1.36,data/runs/2026-09-24T17-44-01Z-keypath-runtime-matrix/keypath_stats.json
XmSpanHmacString,1.21,data/runs/2026-09-24T17-44-01Z-keypath-runtime-matrix/keypath_stats.json
XmSpanJwtPreparsed,1.31,data/runs/2026-09-24T17-44-01Z-keypath-runtime-matrix/keypath_stats.json
XmSpanProbeSucceeds,14.75,data/runs/2026-09-24T17-44-01Z-keypath-runtime-matrix/keypath_stats.json
XmSpanProbeThrows,30.50,data/runs/2026-09-24T17-44-01Z-keypath-runtime-matrix/keypath_stats.json
XmTwentyArch,x64,data/runs/2026-09-24T17-44-01Z-keypath-runtime-matrix/environments.csv
XmTwentyDecodeOnly,2.32,data/runs/2026-09-24T17-44-01Z-keypath-runtime-matrix/keypath_stats.json
XmTwentyHmacString,4.15,data/runs/2026-09-24T17-44-01Z-keypath-runtime-matrix/keypath_stats.json
XmTwentyJwtPreparsed,11.89,data/runs/2026-09-24T17-44-01Z-keypath-runtime-matrix/keypath_stats.json
XmTwentyJwtPreparsedCiHi,11.99,data/runs/2026-09-24T17-44-01Z-keypath-runtime-matrix/keypath_stats.json
XmTwentyJwtPreparsedCiLo,11.68,data/runs/2026-09-24T17-44-01Z-keypath-runtime-matrix/keypath_stats.json
XmTwentyJwtString,632.0,data/runs/2026-09-24T17-44-01Z-keypath-runtime-matrix/keypath_stats.json
XmTwentyJwtStringCiHi,633.7,data/runs/2026-09-24T17-44-01Z-keypath-runtime-matrix/keypath_stats.json
XmTwentyJwtStringCiLo,628.1,data/runs/2026-09-24T17-44-01Z-keypath-runtime-matrix/keypath_stats.json
XmTwentyOpenssl,3.0.19,data/runs/2026-09-24T17-44-01Z-keypath-runtime-matrix/keypath_stats.json
XmTwentyProbeSucceeds,196.98,data/runs/2026-09-24T17-44-01Z-keypath-runtime-matrix/keypath_stats.json
XmTwentyProbeThrows,556.3,data/runs/2026-09-24T17-44-01Z-keypath-runtime-matrix/keypath_stats.json
XmTwentyProbeThrowsCiHi,559.6,data/runs/2026-09-24T17-44-01Z-keypath-runtime-matrix/keypath_stats.json
XmTwentyProbeThrowsCiLo,552.2,data/runs/2026-09-24T17-44-01Z-keypath-runtime-matrix/keypath_stats.json
XmTwentySixGlibcArch,x64,data/runs/2026-09-24T17-44-01Z-keypath-runtime-matrix/environments.csv
XmTwentySixGlibcDecodeOnly,1.71,data/runs/2026-09-24T17-44-01Z-keypath-runtime-matrix/keypath_stats.json
XmTwentySixGlibcHmacString,3.84,data/runs/2026-09-24T17-44-01Z-keypath-runtime-matrix/keypath_stats.json
XmTwentySixGlibcJwtPreparsed,9.701,data/runs/2026-09-24T17-44-01Z-keypath-runtime-matrix/keypath_stats.json
XmTwentySixGlibcJwtPreparsedCiHi,9.790,data/runs/2026-09-24T17-44-01Z-keypath-runtime-matrix/keypath_stats.json
XmTwentySixGlibcJwtPreparsedCiLo,9.528,data/runs/2026-09-24T17-44-01Z-keypath-runtime-matrix/keypath_stats.json
XmTwentySixGlibcJwtString,39.64,data/runs/2026-09-24T17-44-01Z-keypath-runtime-matrix/keypath_stats.json
XmTwentySixGlibcJwtStringCiHi,39.93,data/runs/2026-09-24T17-44-01Z-keypath-runtime-matrix/keypath_stats.json
XmTwentySixGlibcJwtStringCiLo,39.21,data/runs/2026-09-24T17-44-01Z-keypath-runtime-matrix/keypath_stats.json
XmTwentySixGlibcOpenssl,3.5.7,data/runs/2026-09-24T17-44-01Z-keypath-runtime-matrix/keypath_stats.json
XmTwentySixGlibcProbeSucceeds,13.35,data/runs/2026-09-24T17-44-01Z-keypath-runtime-matrix/keypath_stats.json
XmTwentySixGlibcProbeThrows,19.91,data/runs/2026-09-24T17-44-01Z-keypath-runtime-matrix/keypath_stats.json
XmTwentySixGlibcProbeThrowsCiHi,20.06,data/runs/2026-09-24T17-44-01Z-keypath-runtime-matrix/keypath_stats.json
XmTwentySixGlibcProbeThrowsCiLo,19.75,data/runs/2026-09-24T17-44-01Z-keypath-runtime-matrix/keypath_stats.json
XmTwentySixMuslArch,x64,data/runs/2026-09-24T17-44-01Z-keypath-runtime-matrix/environments.csv
XmTwentySixMuslDecodeOnly,1.82,data/runs/2026-09-24T17-44-01Z-keypath-runtime-matrix/keypath_stats.json
XmTwentySixMuslHmacString,4.57,data/runs/2026-09-24T17-44-01Z-keypath-runtime-matrix/keypath_stats.json
XmTwentySixMuslJwtPreparsed,10.94,data/runs/2026-09-24T17-44-01Z-keypath-runtime-matrix/keypath_stats.json
XmTwentySixMuslJwtPreparsedCiHi,11.12,data/runs/2026-09-24T17-44-01Z-keypath-runtime-matrix/keypath_stats.json
XmTwentySixMuslJwtPreparsedCiLo,10.67,data/runs/2026-09-24T17-44-01Z-keypath-runtime-matrix/keypath_stats.json
XmTwentySixMuslJwtString,74.25,data/runs/2026-09-24T17-44-01Z-keypath-runtime-matrix/keypath_stats.json
XmTwentySixMuslJwtStringCiHi,74.95,data/runs/2026-09-24T17-44-01Z-keypath-runtime-matrix/keypath_stats.json
XmTwentySixMuslJwtStringCiLo,73.55,data/runs/2026-09-24T17-44-01Z-keypath-runtime-matrix/keypath_stats.json
XmTwentySixMuslOpenssl,3.5.7,data/runs/2026-09-24T17-44-01Z-keypath-runtime-matrix/keypath_stats.json
XmTwentySixMuslProbeSucceeds,18.86,data/runs/2026-09-24T17-44-01Z-keypath-runtime-matrix/keypath_stats.json
XmTwentySixMuslProbeThrows,42.13,data/runs/2026-09-24T17-44-01Z-keypath-runtime-matrix/keypath_stats.json
XmTwentySixMuslProbeThrowsCiHi,42.70,data/runs/2026-09-24T17-44-01Z-keypath-runtime-matrix/keypath_stats.json
XmTwentySixMuslProbeThrowsCiLo,41.90,data/runs/2026-09-24T17-44-01Z-keypath-runtime-matrix/keypath_stats.json
