condition,invocation,n,mean_us,median_us,p90_us,p99_us,min_us,max_us,stddev_us,timer_overhead_us,node_version,platform
jwt_hs_string,1,40000,31.6167,30.5830,32.3750,38.5420,29.2910,430.7500,9.7881,0.0420,v26.6.0,darwin/arm64
jwt_hs_preparsed,1,40000,6.2247,6.0000,6.1670,7.5420,5.6660,126.0410,3.9016,0.0420,v26.6.0,darwin/arm64
jwt_hs_string_safe,1,40000,8.0527,7.3750,7.7080,12.7080,6.9590,453.5410,8.7067,0.0420,v26.6.0,darwin/arm64
jwt_rs_pem_string,1,40000,54.0881,52.7080,54.9580,63.4160,50.5420,1402.2920,30.7545,0.0420,v26.6.0,darwin/arm64
jwt_rs_preparsed,1,40000,25.8755,25.4170,26.4580,30.9580,24.5840,449.9160,5.9284,0.0420,v26.6.0,darwin/arm64
probe_throws,1,40000,19.0797,18.6250,20.0000,22.0830,17.7080,226.9590,4.0880,0.0420,v26.6.0,darwin/arm64
probe_succeeds,1,40000,14.5815,13.8340,15.0830,17.5410,13.1660,3015.9170,34.0755,0.0420,v26.6.0,darwin/arm64
create_secret_key,1,40000,0.7251,0.5420,0.5840,0.7090,0.4580,1231.2500,12.7941,0.0420,v26.6.0,darwin/arm64
hmac_string,1,40000,2.3032,2.2090,2.2920,2.6250,2.0410,359.0000,4.1150,0.0420,v26.6.0,darwin/arm64
hmac_keyobject,1,40000,2.1701,2.0830,2.2080,2.4590,1.9170,430.1250,4.1916,0.0420,v26.6.0,darwin/arm64
decode_only,1,40000,1.3191,1.2920,1.3340,1.4170,1.1660,82.5420,1.0272,0.0420,v26.6.0,darwin/arm64
timer_overhead,1,40000,0.0486,0.0420,0.0420,0.0840,0.0000,189.4580,0.9590,0.0420,v26.6.0,darwin/arm64
jwt_hs_string,2,40000,31.5433,30.4160,32.4580,38.7500,28.7910,535.4170,11.8042,0.0420,v26.6.0,darwin/arm64
jwt_hs_preparsed,2,40000,6.3520,6.1660,6.2920,7.4580,5.8330,132.2500,3.7242,0.0420,v26.6.0,darwin/arm64
jwt_hs_string_safe,2,40000,7.5570,7.1670,7.4170,9.2500,6.7920,247.5000,7.1194,0.0420,v26.6.0,darwin/arm64
jwt_rs_pem_string,2,40000,54.0320,52.4580,54.7500,70.5000,50.1670,1429.6250,31.6090,0.0420,v26.6.0,darwin/arm64
jwt_rs_preparsed,2,40000,26.3044,25.7910,27.0830,31.8750,25.0410,269.4580,5.7763,0.0420,v26.6.0,darwin/arm64
probe_throws,2,40000,18.8314,18.1250,19.8330,24.2090,17.3330,268.3750,4.8972,0.0420,v26.6.0,darwin/arm64
probe_succeeds,2,40000,14.5358,13.8330,15.0830,17.3750,13.1660,3009.0830,32.1694,0.0420,v26.6.0,darwin/arm64
create_secret_key,2,40000,0.7247,0.5830,0.6250,0.7500,0.4580,1248.8750,11.8740,0.0420,v26.6.0,darwin/arm64
hmac_string,2,40000,2.3058,2.2080,2.2920,2.6660,2.0410,383.2090,4.1054,0.0420,v26.6.0,darwin/arm64
hmac_keyobject,2,40000,2.1994,2.1250,2.2080,2.5000,1.9580,335.5000,3.5844,0.0420,v26.6.0,darwin/arm64
decode_only,2,40000,1.2812,1.2500,1.2920,1.3750,1.1250,69.7080,0.8717,0.0420,v26.6.0,darwin/arm64
timer_overhead,2,40000,0.0449,0.0420,0.0420,0.0840,0.0000,15.8340,0.1781,0.0420,v26.6.0,darwin/arm64
jwt_hs_string,3,40000,31.4733,30.4160,32.2920,37.0000,29.2920,277.7080,9.1951,0.0420,v26.6.0,darwin/arm64
jwt_hs_preparsed,3,40000,6.4967,6.2910,6.4170,7.7500,6.0000,163.9580,3.8020,0.0420,v26.6.0,darwin/arm64
jwt_hs_string_safe,3,40000,8.0910,7.4590,7.7500,12.7500,7.1250,446.9170,8.4703,0.0420,v26.6.0,darwin/arm64
jwt_rs_pem_string,3,40000,54.0782,52.8330,54.8340,57.9160,50.7500,2781.2500,31.0805,0.0420,v26.6.0,darwin/arm64
jwt_rs_preparsed,3,40000,25.7227,25.2910,26.6250,28.7500,24.7500,282.4590,4.6848,0.0420,v26.6.0,darwin/arm64
probe_throws,3,40000,18.8946,18.2500,19.7920,21.2500,17.7920,183.4170,3.3075,0.0420,v26.6.0,darwin/arm64
probe_succeeds,3,40000,14.6346,13.8330,15.4580,17.1250,13.0830,2871.4590,31.9131,0.0420,v26.6.0,darwin/arm64
create_secret_key,3,40000,0.7258,0.5830,0.6250,0.7080,0.4580,1115.5410,12.0735,0.0420,v26.6.0,darwin/arm64
hmac_string,3,40000,2.2657,2.2080,2.2910,2.5000,2.0410,239.8340,3.3072,0.0420,v26.6.0,darwin/arm64
hmac_keyobject,3,40000,2.1727,2.1250,2.2080,2.4170,1.9580,293.7090,3.2338,0.0420,v26.6.0,darwin/arm64
decode_only,3,40000,1.2986,1.2910,1.3330,1.4170,1.1250,63.2500,0.8962,0.0420,v26.6.0,darwin/arm64
timer_overhead,3,40000,0.0459,0.0420,0.0420,0.0840,0.0000,16.5000,0.1727,0.0420,v26.6.0,darwin/arm64
jwt_hs_string,4,40000,31.1135,30.0420,31.9160,34.6250,29.2500,315.5420,8.5854,0.0420,v26.6.0,darwin/arm64
jwt_hs_preparsed,4,40000,6.2508,6.0420,6.2500,6.9170,5.7910,122.5830,3.5313,0.0420,v26.6.0,darwin/arm64
jwt_hs_string_safe,4,40000,7.6539,7.3330,7.5000,8.6670,6.8750,179.5830,6.9693,0.0420,v26.6.0,darwin/arm64
jwt_rs_pem_string,4,40000,53.9235,52.7500,54.7500,58.6250,50.2500,1203.6670,28.4548,0.0420,v26.6.0,darwin/arm64
jwt_rs_preparsed,4,40000,25.7088,25.2910,26.6250,28.1250,24.7080,225.1250,4.0510,0.0420,v26.6.0,darwin/arm64
probe_throws,4,40000,18.5523,17.9160,19.5830,21.0410,17.3750,204.1250,3.4305,0.0420,v26.6.0,darwin/arm64
probe_succeeds,4,40000,14.4429,13.8330,15.2500,16.9580,13.2920,3390.9170,28.4722,0.0420,v26.6.0,darwin/arm64
create_secret_key,4,40000,0.7245,0.5830,0.6250,0.7500,0.4580,1217.8340,11.9667,0.0420,v26.6.0,darwin/arm64
hmac_string,4,40000,2.2880,2.2090,2.2920,2.6250,2.0420,294.1670,3.4408,0.0420,v26.6.0,darwin/arm64
hmac_keyobject,4,40000,2.2886,2.2500,2.2920,2.5000,2.0830,338.1250,3.5443,0.0420,v26.6.0,darwin/arm64
decode_only,4,40000,1.2821,1.2500,1.2920,1.3750,1.1250,65.5420,0.8512,0.0420,v26.6.0,darwin/arm64
timer_overhead,4,40000,0.0439,0.0420,0.0420,0.0840,0.0000,14.4590,0.1102,0.0420,v26.6.0,darwin/arm64
jwt_hs_string,5,40000,30.6937,29.9170,31.3750,33.4590,28.8330,223.6250,8.3204,0.0420,v26.6.0,darwin/arm64
jwt_hs_preparsed,5,40000,6.1050,5.9170,6.0420,6.7500,5.6250,114.2500,3.5052,0.0420,v26.6.0,darwin/arm64
jwt_hs_string_safe,5,40000,7.4727,7.1250,7.2910,8.2500,6.7910,200.5420,7.2953,0.0420,v26.6.0,darwin/arm64
jwt_rs_pem_string,5,40000,53.5334,52.3750,54.3330,57.3330,50.3330,1778.9170,32.0524,0.0420,v26.6.0,darwin/arm64
jwt_rs_preparsed,5,40000,25.5468,25.0420,26.4590,29.8330,24.5410,394.0420,4.7605,0.0420,v26.6.0,darwin/arm64
probe_throws,5,40000,18.7360,18.1250,19.6670,21.3750,17.5000,181.4590,3.5413,0.0420,v26.6.0,darwin/arm64
probe_succeeds,5,40000,14.7150,13.9170,15.5840,17.5000,13.3330,2751.5000,29.3606,0.0420,v26.6.0,darwin/arm64
create_secret_key,5,40000,0.6926,0.5420,0.6250,0.7090,0.4580,1105.0830,10.8153,0.0420,v26.6.0,darwin/arm64
hmac_string,5,40000,2.2638,2.2080,2.2910,2.5420,2.0420,284.7500,3.5580,0.0420,v26.6.0,darwin/arm64
hmac_keyobject,5,40000,2.2054,2.1670,2.2500,2.4170,2.0000,310.3330,3.0356,0.0420,v26.6.0,darwin/arm64
decode_only,5,40000,1.3082,1.2920,1.3340,1.4170,1.1660,67.1250,0.8980,0.0420,v26.6.0,darwin/arm64
timer_overhead,5,40000,0.0448,0.0420,0.0420,0.0840,0.0000,16.6670,0.1750,0.0420,v26.6.0,darwin/arm64
jwt_hs_string,6,40000,30.9051,30.1660,31.5000,34.0000,28.6670,270.4170,8.7241,0.0420,v26.6.0,darwin/arm64
jwt_hs_preparsed,6,40000,6.3051,6.0840,6.2500,7.2500,5.7920,185.4170,3.7699,0.0420,v26.6.0,darwin/arm64
jwt_hs_string_safe,6,40000,7.6042,7.2910,7.4590,8.3750,6.9580,188.2080,6.6369,0.0420,v26.6.0,darwin/arm64
jwt_rs_pem_string,6,40000,53.5419,52.4580,54.4170,57.3750,50.3750,1209.0830,28.4102,0.0420,v26.6.0,darwin/arm64
jwt_rs_preparsed,6,40000,25.9984,25.6250,26.8330,28.4170,25.1660,213.8330,3.9745,0.0420,v26.6.0,darwin/arm64
probe_throws,6,40000,18.5233,17.8340,19.5000,20.9580,17.4580,160.9160,3.3424,0.0420,v26.6.0,darwin/arm64
probe_succeeds,6,40000,14.3126,13.5830,15.0840,16.5830,13.1660,2910.0420,30.8293,0.0420,v26.6.0,darwin/arm64
create_secret_key,6,40000,0.7188,0.5420,0.6250,0.7080,0.4580,1137.1670,12.1587,0.0420,v26.6.0,darwin/arm64
hmac_string,6,40000,2.2725,2.2080,2.2920,2.5420,2.0000,283.7500,3.4999,0.0420,v26.6.0,darwin/arm64
hmac_keyobject,6,40000,2.2791,2.2090,2.2920,2.4590,2.0830,291.3750,3.2765,0.0420,v26.6.0,darwin/arm64
decode_only,6,40000,1.3096,1.2920,1.3340,1.4170,1.1660,69.7090,0.9499,0.0420,v26.6.0,darwin/arm64
timer_overhead,6,40000,0.0443,0.0420,0.0420,0.0840,0.0000,18.9160,0.1618,0.0420,v26.6.0,darwin/arm64
jwt_hs_string,7,40000,30.2720,29.2910,31.0000,33.1660,28.5840,241.0830,8.4007,0.0420,v26.6.0,darwin/arm64
jwt_hs_preparsed,7,40000,6.1667,5.9580,6.2090,6.8340,5.6660,126.5420,3.6015,0.0420,v26.6.0,darwin/arm64
jwt_hs_string_safe,7,40000,7.4166,7.0420,7.2080,8.1670,6.7500,277.0000,7.4360,0.0420,v26.6.0,darwin/arm64
jwt_rs_pem_string,7,40000,53.8129,52.5000,54.4590,61.1660,50.2920,1630.5840,30.7275,0.0420,v26.6.0,darwin/arm64
jwt_rs_preparsed,7,40000,25.5684,25.1670,26.5000,27.9160,24.7090,263.1670,4.2397,0.0420,v26.6.0,darwin/arm64
probe_throws,7,40000,18.5122,17.8340,19.5000,20.9170,17.4580,154.2080,3.2429,0.0420,v26.6.0,darwin/arm64
probe_succeeds,7,40000,14.7546,13.9170,15.3340,17.4590,13.1250,3131.0000,37.2935,0.0420,v26.6.0,darwin/arm64
create_secret_key,7,40000,0.7369,0.5830,0.6250,0.7090,0.4580,1244.4580,13.0485,0.0420,v26.6.0,darwin/arm64
hmac_string,7,40000,2.3324,2.2500,2.3340,2.6250,2.0830,328.4590,3.6352,0.0420,v26.6.0,darwin/arm64
hmac_keyobject,7,40000,2.1897,2.1250,2.2090,2.4170,2.0000,334.1250,3.4449,0.0420,v26.6.0,darwin/arm64
decode_only,7,40000,1.2826,1.2500,1.2920,1.3750,1.1250,69.2090,0.8816,0.0420,v26.6.0,darwin/arm64
timer_overhead,7,40000,0.0480,0.0420,0.0420,0.0840,0.0000,190.3330,0.9586,0.0420,v26.6.0,darwin/arm64
jwt_hs_string,8,40000,31.0529,30.1250,31.9170,34.1660,29.3750,235.5840,8.3423,0.0420,v26.6.0,darwin/arm64
jwt_hs_preparsed,8,40000,6.3325,6.1250,6.2920,7.0420,5.8340,107.3340,3.5740,0.0420,v26.6.0,darwin/arm64
jwt_hs_string_safe,8,40000,7.7557,7.3750,7.5840,9.0830,6.9160,259.0000,7.3331,0.0420,v26.6.0,darwin/arm64
jwt_rs_pem_string,8,40000,53.9577,52.7500,54.7500,58.9170,50.6250,1671.3750,31.6486,0.0420,v26.6.0,darwin/arm64
jwt_rs_preparsed,8,40000,25.8349,25.4580,26.7500,29.0410,24.7920,290.0000,4.6018,0.0420,v26.6.0,darwin/arm64
probe_throws,8,40000,18.4976,17.7920,19.5830,21.0000,17.2500,292.8330,3.5198,0.0420,v26.6.0,darwin/arm64
probe_succeeds,8,40000,14.5086,13.5420,15.2500,16.9580,13.0410,2665.1250,33.4697,0.0420,v26.6.0,darwin/arm64
create_secret_key,8,40000,0.7261,0.5840,0.6250,0.7500,0.5000,1129.1670,11.0268,0.0420,v26.6.0,darwin/arm64
hmac_string,8,40000,2.2664,2.2080,2.2910,2.5830,2.0410,291.4580,3.4864,0.0420,v26.6.0,darwin/arm64
hmac_keyobject,8,40000,2.1738,2.1250,2.2080,2.5000,1.9580,358.6670,3.2608,0.0420,v26.6.0,darwin/arm64
decode_only,8,40000,1.3115,1.2920,1.3340,1.4170,1.1660,63.1670,0.8922,0.0420,v26.6.0,darwin/arm64
timer_overhead,8,40000,0.0430,0.0420,0.0420,0.0840,0.0000,14.0840,0.1418,0.0420,v26.6.0,darwin/arm64
jwt_hs_string,9,40000,30.3601,29.6670,31.0000,33.9170,28.1250,303.8330,8.9205,0.0420,v26.6.0,darwin/arm64
jwt_hs_preparsed,9,40000,6.2807,6.0840,6.2090,7.0830,5.7920,100.8750,3.5884,0.0420,v26.6.0,darwin/arm64
jwt_hs_string_safe,9,40000,7.7470,7.3340,7.5420,8.9580,7.0410,327.4170,7.3922,0.0420,v26.6.0,darwin/arm64
jwt_rs_pem_string,9,40000,53.8147,52.6250,54.6250,58.1660,50.5830,2964.1670,31.4847,0.0420,v26.6.0,darwin/arm64
jwt_rs_preparsed,9,40000,25.5345,25.0830,26.5000,28.7920,24.5410,291.2080,4.2102,0.0420,v26.6.0,darwin/arm64
probe_throws,9,40000,18.5281,17.7500,19.7920,21.0420,17.2910,197.5830,3.5801,0.0420,v26.6.0,darwin/arm64
probe_succeeds,9,40000,14.6639,13.7920,15.4590,17.0830,13.2910,2725.0840,31.7030,0.0420,v26.6.0,darwin/arm64
create_secret_key,9,40000,0.7462,0.5830,0.6250,0.7090,0.4580,1182.9590,12.4772,0.0420,v26.6.0,darwin/arm64
hmac_string,9,40000,2.3430,2.2500,2.3330,2.6250,2.1250,353.0000,4.1761,0.0420,v26.6.0,darwin/arm64
hmac_keyobject,9,40000,2.2312,2.1660,2.2500,2.5830,2.0000,438.5000,3.8394,0.0420,v26.6.0,darwin/arm64
decode_only,9,40000,1.3228,1.2920,1.3340,1.4170,1.1660,64.4580,0.8962,0.0420,v26.6.0,darwin/arm64
timer_overhead,9,40000,0.0492,0.0420,0.0830,0.0840,0.0000,193.5830,0.9781,0.0420,v26.6.0,darwin/arm64
jwt_hs_string,10,40000,30.7759,29.7500,31.5420,34.1250,29.0410,261.2920,8.4571,0.0420,v26.6.0,darwin/arm64
jwt_hs_preparsed,10,40000,6.0913,5.9170,6.0420,6.6670,5.6250,96.9580,3.4489,0.0420,v26.6.0,darwin/arm64
jwt_hs_string_safe,10,40000,7.5844,7.2080,7.3750,8.5000,6.9160,202.1250,7.5259,0.0420,v26.6.0,darwin/arm64
jwt_rs_pem_string,10,40000,53.6292,52.4160,54.7090,58.9590,49.7910,1776.6250,32.0972,0.0420,v26.6.0,darwin/arm64
jwt_rs_preparsed,10,40000,25.9638,25.5000,26.8750,29.6250,25.0000,242.0420,4.3909,0.0420,v26.6.0,darwin/arm64
probe_throws,10,40000,19.0254,18.5420,19.8340,21.7080,17.4170,250.2080,3.7755,0.0420,v26.6.0,darwin/arm64
probe_succeeds,10,40000,14.3568,13.5000,15.2080,16.9170,12.8750,2834.1670,31.0986,0.0420,v26.6.0,darwin/arm64
create_secret_key,10,40000,0.6815,0.5830,0.6250,0.7080,0.4580,1167.9590,9.9591,0.0420,v26.6.0,darwin/arm64
hmac_string,10,40000,2.2636,2.2080,2.2500,2.5420,2.0420,290.1250,3.6198,0.0420,v26.6.0,darwin/arm64
hmac_keyobject,10,40000,2.2349,2.1670,2.2500,2.4590,2.0410,356.2500,3.3384,0.0420,v26.6.0,darwin/arm64
decode_only,10,40000,1.3097,1.2920,1.3340,1.4170,1.1660,66.8750,0.9151,0.0420,v26.6.0,darwin/arm64
timer_overhead,10,40000,0.0427,0.0420,0.0420,0.0840,0.0000,19.4160,0.1558,0.0420,v26.6.0,darwin/arm64
jwt_hs_string,11,40000,30.7965,29.7500,31.6670,33.8330,29.1250,219.3330,8.1020,0.0420,v26.6.0,darwin/arm64
jwt_hs_preparsed,11,40000,6.4364,6.2090,6.3750,7.5420,5.8750,141.1250,3.7766,0.0420,v26.6.0,darwin/arm64
jwt_hs_string_safe,11,40000,7.5948,7.2080,7.4170,8.9160,6.8750,298.9160,7.5081,0.0420,v26.6.0,darwin/arm64
jwt_rs_pem_string,11,40000,53.8832,52.7080,54.6250,57.7090,50.6250,2652.9580,31.2809,0.0420,v26.6.0,darwin/arm64
jwt_rs_preparsed,11,40000,25.7784,25.3340,26.5420,28.7090,24.8330,324.7910,5.2612,0.0420,v26.6.0,darwin/arm64
probe_throws,11,40000,18.4979,17.8330,19.4590,21.0000,17.3340,218.0410,3.4888,0.0420,v26.6.0,darwin/arm64
probe_succeeds,11,40000,14.5975,13.7080,15.2920,17.1250,13.1670,2849.2500,35.7747,0.0420,v26.6.0,darwin/arm64
create_secret_key,11,40000,0.7399,0.5830,0.6250,0.7090,0.4580,1194.5000,12.6170,0.0420,v26.6.0,darwin/arm64
hmac_string,11,40000,2.3462,2.2910,2.3340,2.6250,2.1250,314.5000,3.5906,0.0420,v26.6.0,darwin/arm64
hmac_keyobject,11,40000,2.2094,2.1660,2.2500,2.4580,2.0000,323.9580,3.1619,0.0420,v26.6.0,darwin/arm64
decode_only,11,40000,1.3370,1.2920,1.3750,1.4590,1.1660,76.3750,0.9682,0.0420,v26.6.0,darwin/arm64
timer_overhead,11,40000,0.0444,0.0420,0.0420,0.0840,0.0000,16.1660,0.1728,0.0420,v26.6.0,darwin/arm64
jwt_hs_string,12,40000,31.0444,29.9590,31.9580,34.7910,29.2090,280.0000,8.5128,0.0420,v26.6.0,darwin/arm64
jwt_hs_preparsed,12,40000,6.2595,6.0420,6.2500,7.3330,5.7500,211.5420,3.7297,0.0420,v26.6.0,darwin/arm64
jwt_hs_string_safe,12,40000,7.4551,7.0830,7.2500,8.3750,6.7910,223.5000,7.1323,0.0420,v26.6.0,darwin/arm64
jwt_rs_pem_string,12,40000,53.8742,52.6250,54.7500,59.2920,50.2920,1946.7500,31.6028,0.0420,v26.6.0,darwin/arm64
jwt_rs_preparsed,12,40000,25.7733,25.3340,26.6250,29.6250,24.7910,348.2090,4.7086,0.0420,v26.6.0,darwin/arm64
probe_throws,12,40000,18.7671,18.0420,19.8330,21.4170,17.5420,184.7500,3.4837,0.0420,v26.6.0,darwin/arm64
probe_succeeds,12,40000,14.8564,13.9580,15.5410,17.4160,13.4160,2802.5830,34.6504,0.0420,v26.6.0,darwin/arm64
create_secret_key,12,40000,0.7164,0.5420,0.5840,0.7080,0.4580,1123.5830,12.0784,0.0420,v26.6.0,darwin/arm64
hmac_string,12,40000,2.3044,2.2080,2.3330,2.6250,2.0410,293.4590,3.9267,0.0420,v26.6.0,darwin/arm64
hmac_keyobject,12,40000,2.2661,2.2080,2.2920,2.5000,2.0000,396.5000,3.7468,0.0420,v26.6.0,darwin/arm64
decode_only,12,40000,1.2901,1.2500,1.3330,1.4160,1.1250,79.0410,0.9712,0.0420,v26.6.0,darwin/arm64
timer_overhead,12,40000,0.0481,0.0420,0.0420,0.0840,0.0000,171.3330,0.8739,0.0420,v26.6.0,darwin/arm64
jwt_hs_string,13,40000,30.7664,29.7910,31.3330,41.7500,28.8330,260.0410,8.5598,0.0420,v26.6.0,darwin/arm64
jwt_hs_preparsed,13,40000,6.2339,5.9160,6.0840,10.1250,5.5000,236.8330,4.4252,0.0420,v26.6.0,darwin/arm64
jwt_hs_string_safe,13,40000,7.5154,7.1250,7.3330,8.5830,6.7920,246.4580,7.4934,0.0420,v26.6.0,darwin/arm64
jwt_rs_pem_string,13,40000,53.7665,52.5830,54.5420,57.7080,50.2500,1661.8340,31.6968,0.0420,v26.6.0,darwin/arm64
jwt_rs_preparsed,13,40000,25.9291,25.5420,26.8330,28.4170,25.0000,193.9170,3.9913,0.0420,v26.6.0,darwin/arm64
probe_throws,13,40000,19.1420,18.4580,20.2500,21.7090,17.9170,196.8750,3.7215,0.0420,v26.6.0,darwin/arm64
probe_succeeds,13,40000,14.8726,13.9160,15.5830,17.2920,13.4170,2910.4590,35.1857,0.0420,v26.6.0,darwin/arm64
create_secret_key,13,40000,0.6989,0.5830,0.6250,0.7080,0.4580,1130.2500,10.8980,0.0420,v26.6.0,darwin/arm64
hmac_string,13,40000,2.3166,2.2500,2.3330,2.6250,2.0830,373.7080,3.8294,0.0420,v26.6.0,darwin/arm64
hmac_keyobject,13,40000,2.2042,2.1250,2.2500,2.5420,2.0000,345.2500,3.6024,0.0420,v26.6.0,darwin/arm64
decode_only,13,40000,1.3119,1.2920,1.3340,1.4170,1.1660,64.3340,0.9120,0.0420,v26.6.0,darwin/arm64
timer_overhead,13,40000,0.0479,0.0420,0.0420,0.0840,0.0000,174.0830,0.8825,0.0420,v26.6.0,darwin/arm64
jwt_hs_string,14,40000,30.6860,29.5840,31.6670,33.2920,28.9580,217.7080,8.3467,0.0420,v26.6.0,darwin/arm64
jwt_hs_preparsed,14,40000,6.2558,6.0420,6.1670,7.4170,5.7080,141.3330,3.7640,0.0420,v26.6.0,darwin/arm64
jwt_hs_string_safe,14,40000,7.7388,7.3340,7.5830,8.7090,7.0000,194.3340,7.2344,0.0420,v26.6.0,darwin/arm64
jwt_rs_pem_string,14,40000,53.1509,52.0420,53.8330,56.6670,50.0410,2769.3750,30.9169,0.0420,v26.6.0,darwin/arm64
jwt_rs_preparsed,14,40000,25.8632,25.4580,26.7080,28.9580,24.7910,457.9590,4.8878,0.0420,v26.6.0,darwin/arm64
probe_throws,14,40000,18.6854,18.1670,19.5420,20.9590,17.5000,166.2920,3.3678,0.0420,v26.6.0,darwin/arm64
probe_succeeds,14,40000,14.5499,13.7920,15.4590,17.2090,13.2910,2856.8750,27.3674,0.0420,v26.6.0,darwin/arm64
create_secret_key,14,40000,0.7194,0.5420,0.5840,0.7080,0.4580,1137.9160,12.2591,0.0420,v26.6.0,darwin/arm64
hmac_string,14,40000,2.2862,2.2090,2.2920,2.5420,2.0830,277.0420,3.4297,0.0420,v26.6.0,darwin/arm64
hmac_keyobject,14,40000,2.2154,2.1670,2.2500,2.4170,2.0410,350.4590,3.2685,0.0420,v26.6.0,darwin/arm64
decode_only,14,40000,1.3368,1.3330,1.3750,1.4580,1.1660,64.0410,0.8885,0.0420,v26.6.0,darwin/arm64
timer_overhead,14,40000,0.0511,0.0420,0.0830,0.0840,0.0000,183.0830,0.9409,0.0420,v26.6.0,darwin/arm64
jwt_hs_string,15,40000,30.8571,29.7500,31.7080,34.9160,29.0420,248.5840,8.4025,0.0420,v26.6.0,darwin/arm64
jwt_hs_preparsed,15,40000,6.3127,6.1250,6.2910,7.0420,5.8330,123.9160,3.5473,0.0420,v26.6.0,darwin/arm64
jwt_hs_string_safe,15,40000,7.5200,7.1250,7.3340,8.5000,6.7920,191.1660,7.1518,0.0420,v26.6.0,darwin/arm64
jwt_rs_pem_string,15,40000,53.4578,52.1670,54.2080,62.4590,50.1660,1819.9160,31.4660,0.0420,v26.6.0,darwin/arm64
jwt_rs_preparsed,15,40000,25.6509,25.1670,26.5000,31.2080,24.7080,221.6250,4.1957,0.0420,v26.6.0,darwin/arm64
probe_throws,15,40000,18.7465,18.0410,19.7500,21.7500,17.5830,286.8750,3.5882,0.0420,v26.6.0,darwin/arm64
probe_succeeds,15,40000,14.2441,13.6250,14.7080,16.6670,13.0000,2888.7500,31.3890,0.0420,v26.6.0,darwin/arm64
create_secret_key,15,40000,0.7314,0.5830,0.6250,0.7090,0.4580,1691.7500,13.4308,0.0420,v26.6.0,darwin/arm64
hmac_string,15,40000,2.2852,2.2080,2.2920,2.5830,2.0420,294.4580,3.7503,0.0420,v26.6.0,darwin/arm64
hmac_keyobject,15,40000,2.1690,2.1250,2.2080,2.4160,2.0000,374.9580,3.3656,0.0420,v26.6.0,darwin/arm64
decode_only,15,40000,1.2921,1.2500,1.3330,1.4160,1.1660,67.0410,0.8724,0.0420,v26.6.0,darwin/arm64
timer_overhead,15,40000,0.0499,0.0420,0.0830,0.0840,0.0000,207.8340,1.0551,0.0420,v26.6.0,darwin/arm64
