# pod CPU samples, backend=cgroup interval=1s selector=app=service-a namespace=default
t_unix,pod,container,cpu_millicores,eventloop_lag_p99_ms
1789322182.772186,service-a-s9-deployment-5594fcdc45-k6k5l,service-a,103.807,2.965503
1789322182.9191859,service-a-s9-deployment-5594fcdc45-k6k5l,istio-proxy,19.394,
1789322184.169534,service-a-s9-deployment-5594fcdc45-k6k5l,service-a,99.060,3.076095
1789322184.305444,service-a-s9-deployment-5594fcdc45-k6k5l,istio-proxy,20.591,
1789322185.5768309,service-a-s9-deployment-5594fcdc45-k6k5l,service-a,109.160,2.846719
1789322185.709437,service-a-s9-deployment-5594fcdc45-k6k5l,istio-proxy,21.384,
1789322186.942061,service-a-s9-deployment-5594fcdc45-k6k5l,service-a,92.896,2.766847
1789322187.0850601,service-a-s9-deployment-5594fcdc45-k6k5l,istio-proxy,16.574,
1789322188.366789,service-a-s9-deployment-5594fcdc45-k6k5l,service-a,95.259,2.936831
1789322188.508107,service-a-s9-deployment-5594fcdc45-k6k5l,istio-proxy,20.487,
1789322189.777017,service-a-s9-deployment-5594fcdc45-k6k5l,service-a,110.151,2.832383
1789322189.907593,service-a-s9-deployment-5594fcdc45-k6k5l,istio-proxy,20.713,
1789322191.198276,service-a-s9-deployment-5594fcdc45-k6k5l,service-a,99.643,2.807807
1789322191.338804,service-a-s9-deployment-5594fcdc45-k6k5l,istio-proxy,21.399,
1789322192.621079,service-a-s9-deployment-5594fcdc45-k6k5l,service-a,127.651,2.885631
1789322192.761083,service-a-s9-deployment-5594fcdc45-k6k5l,istio-proxy,21.025,
1789322194.0187762,service-a-s9-deployment-5594fcdc45-k6k5l,service-a,131.328,2.832383
1789322194.158772,service-a-s9-deployment-5594fcdc45-k6k5l,istio-proxy,21.547,
1789322195.4304872,service-a-s9-deployment-5594fcdc45-k6k5l,service-a,94.944,2.723839
1789322195.571968,service-a-s9-deployment-5594fcdc45-k6k5l,istio-proxy,19.227,
1789322196.858685,service-a-s9-deployment-5594fcdc45-k6k5l,service-a,92.469,2.902015
1789322196.994982,service-a-s9-deployment-5594fcdc45-k6k5l,istio-proxy,19.557,
1789322198.2421892,service-a-s9-deployment-5594fcdc45-k6k5l,service-a,87.170,2.885631
1789322198.3785758,service-a-s9-deployment-5594fcdc45-k6k5l,istio-proxy,17.348,
1789322199.643996,service-a-s9-deployment-5594fcdc45-k6k5l,service-a,103.356,2.859007
1789322199.785609,service-a-s9-deployment-5594fcdc45-k6k5l,istio-proxy,21.724,
1789322201.0753732,service-a-s9-deployment-5594fcdc45-k6k5l,service-a,90.906,2.998271
1789322201.214321,service-a-s9-deployment-5594fcdc45-k6k5l,istio-proxy,18.289,
1789322202.461231,service-a-s9-deployment-5594fcdc45-k6k5l,service-a,106.450,2.934783
1789322202.590353,service-a-s9-deployment-5594fcdc45-k6k5l,istio-proxy,18.477,
1789322203.849452,service-a-s9-deployment-5594fcdc45-k6k5l,service-a,101.972,2.836479
1789322203.989509,service-a-s9-deployment-5594fcdc45-k6k5l,istio-proxy,22.459,
1789322205.257042,service-a-s9-deployment-5594fcdc45-k6k5l,service-a,99.793,2.760703
1789322205.40089,service-a-s9-deployment-5594fcdc45-k6k5l,istio-proxy,23.035,
1789322206.64797,service-a-s9-deployment-5594fcdc45-k6k5l,service-a,90.092,2.861055
1789322206.787775,service-a-s9-deployment-5594fcdc45-k6k5l,istio-proxy,18.342,
1789322208.044121,service-a-s9-deployment-5594fcdc45-k6k5l,service-a,95.657,2.838527
1789322208.1837409,service-a-s9-deployment-5594fcdc45-k6k5l,istio-proxy,20.740,
1789322209.449192,service-a-s9-deployment-5594fcdc45-k6k5l,service-a,102.905,3.174399
1789322209.583085,service-a-s9-deployment-5594fcdc45-k6k5l,istio-proxy,19.742,
1789322210.836214,service-a-s9-deployment-5594fcdc45-k6k5l,service-a,115.146,2.916351
1789322210.976098,service-a-s9-deployment-5594fcdc45-k6k5l,istio-proxy,22.216,
1789322212.227446,service-a-s9-deployment-5594fcdc45-k6k5l,service-a,119.764,2.934783
1789322212.366864,service-a-s9-deployment-5594fcdc45-k6k5l,istio-proxy,25.126,
1789322213.637852,service-a-s9-deployment-5594fcdc45-k6k5l,service-a,122.828,2.932735
1789322213.776481,service-a-s9-deployment-5594fcdc45-k6k5l,istio-proxy,26.421,
1789322215.026689,service-a-s9-deployment-5594fcdc45-k6k5l,service-a,120.148,2.957311
1789322215.154476,service-a-s9-deployment-5594fcdc45-k6k5l,istio-proxy,26.361,
1789322216.420746,service-a-s9-deployment-5594fcdc45-k6k5l,service-a,128.718,2.842623
1789322216.571508,service-a-s9-deployment-5594fcdc45-k6k5l,istio-proxy,28.078,
1789322217.8646889,service-a-s9-deployment-5594fcdc45-k6k5l,service-a,138.653,3.244031
1789322218.096307,service-a-s9-deployment-5594fcdc45-k6k5l,istio-proxy,34.959,
1789322219.356628,service-a-s9-deployment-5594fcdc45-k6k5l,service-a,150.737,3.158015
1789322219.501504,service-a-s9-deployment-5594fcdc45-k6k5l,istio-proxy,31.907,
1789322220.764738,service-a-s9-deployment-5594fcdc45-k6k5l,service-a,134.843,3.002367
1789322220.915984,service-a-s9-deployment-5594fcdc45-k6k5l,istio-proxy,26.432,
1789322222.175883,service-a-s9-deployment-5594fcdc45-k6k5l,service-a,125.265,2.973695
1789322222.325459,service-a-s9-deployment-5594fcdc45-k6k5l,istio-proxy,28.274,
1789322223.561932,service-a-s9-deployment-5594fcdc45-k6k5l,service-a,157.171,2.531327
1789322223.704999,service-a-s9-deployment-5594fcdc45-k6k5l,istio-proxy,31.145,
1789322224.9694211,service-a-s9-deployment-5594fcdc45-k6k5l,service-a,109.485,3.129343
1789322225.1449332,service-a-s9-deployment-5594fcdc45-k6k5l,istio-proxy,26.833,
1789322226.414967,service-a-s9-deployment-5594fcdc45-k6k5l,service-a,160.742,3.024895
1789322226.568434,service-a-s9-deployment-5594fcdc45-k6k5l,istio-proxy,28.821,
1789322227.8098922,service-a-s9-deployment-5594fcdc45-k6k5l,service-a,136.615,2.994175
1789322227.943962,service-a-s9-deployment-5594fcdc45-k6k5l,istio-proxy,28.379,
1789322229.2236118,service-a-s9-deployment-5594fcdc45-k6k5l,service-a,123.116,2.990079
1789322229.357434,service-a-s9-deployment-5594fcdc45-k6k5l,istio-proxy,27.599,
1789322230.652085,service-a-s9-deployment-5594fcdc45-k6k5l,service-a,134.903,2.908159
1789322230.796823,service-a-s9-deployment-5594fcdc45-k6k5l,istio-proxy,26.739,
1789322232.046676,service-a-s9-deployment-5594fcdc45-k6k5l,service-a,139.218,2.902015
1789322232.177731,service-a-s9-deployment-5594fcdc45-k6k5l,istio-proxy,28.903,
1789322233.46171,service-a-s9-deployment-5594fcdc45-k6k5l,service-a,143.601,2.916351
1789322233.597022,service-a-s9-deployment-5594fcdc45-k6k5l,istio-proxy,31.223,
1789322234.872264,service-a-s9-deployment-5594fcdc45-k6k5l,service-a,124.548,3.000319
1789322235.005706,service-a-s9-deployment-5594fcdc45-k6k5l,istio-proxy,26.422,
1789322236.2557719,service-a-s9-deployment-5594fcdc45-k6k5l,service-a,142.957,3.340287
1789322236.3938282,service-a-s9-deployment-5594fcdc45-k6k5l,istio-proxy,30.408,
1789322237.657444,service-a-s9-deployment-5594fcdc45-k6k5l,service-a,115.725,3.115007
1789322237.788192,service-a-s9-deployment-5594fcdc45-k6k5l,istio-proxy,25.431,
1789322239.06433,service-a-s9-deployment-5594fcdc45-k6k5l,service-a,147.427,3.164159
1789322239.19984,service-a-s9-deployment-5594fcdc45-k6k5l,istio-proxy,27.359,
1789322240.460737,service-a-s9-deployment-5594fcdc45-k6k5l,service-a,125.277,3.143679
1789322240.591273,service-a-s9-deployment-5594fcdc45-k6k5l,istio-proxy,27.976,
1789322241.856758,service-a-s9-deployment-5594fcdc45-k6k5l,service-a,135.462,2.988031
1789322241.9907331,service-a-s9-deployment-5594fcdc45-k6k5l,istio-proxy,33.020,
1789322243.254719,service-a-s9-deployment-5594fcdc45-k6k5l,service-a,158.809,3.383295
1789322243.3948102,service-a-s9-deployment-5594fcdc45-k6k5l,istio-proxy,34.972,
1789322244.647624,service-a-s9-deployment-5594fcdc45-k6k5l,service-a,142.068,2.846719
1789322244.778712,service-a-s9-deployment-5594fcdc45-k6k5l,istio-proxy,31.304,
1789322246.0306308,service-a-s9-deployment-5594fcdc45-k6k5l,service-a,173.450,3.225599
1789322246.163647,service-a-s9-deployment-5594fcdc45-k6k5l,istio-proxy,36.116,
1789322247.4276018,service-a-s9-deployment-5594fcdc45-k6k5l,service-a,167.180,3.291135
1789322247.568426,service-a-s9-deployment-5594fcdc45-k6k5l,istio-proxy,34.853,
1789322248.83115,service-a-s9-deployment-5594fcdc45-k6k5l,service-a,156.379,3.211263
1789322248.971348,service-a-s9-deployment-5594fcdc45-k6k5l,istio-proxy,36.306,
1789322250.224834,service-a-s9-deployment-5594fcdc45-k6k5l,service-a,162.077,3.549183
1789322250.3643572,service-a-s9-deployment-5594fcdc45-k6k5l,istio-proxy,34.881,
1789322251.620074,service-a-s9-deployment-5594fcdc45-k6k5l,service-a,168.329,3.528703
1789322251.760876,service-a-s9-deployment-5594fcdc45-k6k5l,istio-proxy,35.051,
1789322253.012043,service-a-s9-deployment-5594fcdc45-k6k5l,service-a,158.306,2.983935
1789322253.154676,service-a-s9-deployment-5594fcdc45-k6k5l,istio-proxy,35.793,
1789322254.402622,service-a-s9-deployment-5594fcdc45-k6k5l,service-a,172.896,3.170303
1789322254.548245,service-a-s9-deployment-5594fcdc45-k6k5l,istio-proxy,37.586,
1789322255.814852,service-a-s9-deployment-5594fcdc45-k6k5l,service-a,171.149,2.951167
1789322255.954465,service-a-s9-deployment-5594fcdc45-k6k5l,istio-proxy,39.017,
1789322257.198226,service-a-s9-deployment-5594fcdc45-k6k5l,service-a,175.600,3.219455
1789322257.342665,service-a-s9-deployment-5594fcdc45-k6k5l,istio-proxy,34.404,
1789322258.6115232,service-a-s9-deployment-5594fcdc45-k6k5l,service-a,152.978,3.454975
1789322258.763135,service-a-s9-deployment-5594fcdc45-k6k5l,istio-proxy,35.026,
1789322260.041584,service-a-s9-deployment-5594fcdc45-k6k5l,service-a,162.094,3.301375
1789322260.182534,service-a-s9-deployment-5594fcdc45-k6k5l,istio-proxy,38.134,
1789322261.450359,service-a-s9-deployment-5594fcdc45-k6k5l,service-a,171.364,2.990079
1789322261.58657,service-a-s9-deployment-5594fcdc45-k6k5l,istio-proxy,48.943,
1789322262.854378,service-a-s9-deployment-5594fcdc45-k6k5l,service-a,154.494,3.041279
1789322262.9912598,service-a-s9-deployment-5594fcdc45-k6k5l,istio-proxy,33.958,
1789322264.233975,service-a-s9-deployment-5594fcdc45-k6k5l,service-a,156.818,3.291135
1789322264.375666,service-a-s9-deployment-5594fcdc45-k6k5l,istio-proxy,41.565,
1789322265.621498,service-a-s9-deployment-5594fcdc45-k6k5l,service-a,178.608,3.227647
1789322265.75598,service-a-s9-deployment-5594fcdc45-k6k5l,istio-proxy,39.022,
1789322267.0334668,service-a-s9-deployment-5594fcdc45-k6k5l,service-a,165.109,3.090431
1789322267.170913,service-a-s9-deployment-5594fcdc45-k6k5l,istio-proxy,34.383,
1789322268.4582798,service-a-s9-deployment-5594fcdc45-k6k5l,service-a,170.378,1.946623
1789322268.59233,service-a-s9-deployment-5594fcdc45-k6k5l,istio-proxy,36.679,
1789322269.872169,service-a-s9-deployment-5594fcdc45-k6k5l,service-a,184.057,3.268607
1789322270.0045161,service-a-s9-deployment-5594fcdc45-k6k5l,istio-proxy,38.671,
1789322271.275094,service-a-s9-deployment-5594fcdc45-k6k5l,service-a,170.038,3.311615
1789322271.4143722,service-a-s9-deployment-5594fcdc45-k6k5l,istio-proxy,38.289,
1789322272.644037,service-a-s9-deployment-5594fcdc45-k6k5l,service-a,158.248,3.690495
1789322272.7981749,service-a-s9-deployment-5594fcdc45-k6k5l,istio-proxy,41.004,
1789322274.051719,service-a-s9-deployment-5594fcdc45-k6k5l,service-a,190.513,3.524607
1789322274.199727,service-a-s9-deployment-5594fcdc45-k6k5l,istio-proxy,44.344,
1789322275.4635599,service-a-s9-deployment-5594fcdc45-k6k5l,service-a,175.163,3.373055
1789322275.607908,service-a-s9-deployment-5594fcdc45-k6k5l,istio-proxy,41.483,
1789322276.884887,service-a-s9-deployment-5594fcdc45-k6k5l,service-a,183.768,3.270655
1789322277.032065,service-a-s9-deployment-5594fcdc45-k6k5l,istio-proxy,42.559,
1789322278.2724218,service-a-s9-deployment-5594fcdc45-k6k5l,service-a,198.106,3.932159
1789322278.414228,service-a-s9-deployment-5594fcdc45-k6k5l,istio-proxy,44.392,
1789322279.681652,service-a-s9-deployment-5594fcdc45-k6k5l,service-a,171.431,3.530751
1789322279.837198,service-a-s9-deployment-5594fcdc45-k6k5l,istio-proxy,43.106,
1789322281.1057658,service-a-s9-deployment-5594fcdc45-k6k5l,service-a,185.202,3.522559
1789322281.2394361,service-a-s9-deployment-5594fcdc45-k6k5l,istio-proxy,44.973,
1789322282.499815,service-a-s9-deployment-5594fcdc45-k6k5l,service-a,178.624,3.176447
1789322282.640676,service-a-s9-deployment-5594fcdc45-k6k5l,istio-proxy,42.536,
1789322283.899075,service-a-s9-deployment-5594fcdc45-k6k5l,service-a,174.742,3.325951
1789322284.044887,service-a-s9-deployment-5594fcdc45-k6k5l,istio-proxy,46.573,
1789322285.3071492,service-a-s9-deployment-5594fcdc45-k6k5l,service-a,187.055,3.237887
1789322285.4385421,service-a-s9-deployment-5594fcdc45-k6k5l,istio-proxy,42.848,
1789322286.708616,service-a-s9-deployment-5594fcdc45-k6k5l,service-a,199.221,3.287039
1789322286.8533728,service-a-s9-deployment-5594fcdc45-k6k5l,istio-proxy,41.879,
1789322288.138149,service-a-s9-deployment-5594fcdc45-k6k5l,service-a,180.676,3.438591
1789322288.2869911,service-a-s9-deployment-5594fcdc45-k6k5l,istio-proxy,50.347,
1789322289.55108,service-a-s9-deployment-5594fcdc45-k6k5l,service-a,232.427,3.284991
1789322289.699403,service-a-s9-deployment-5594fcdc45-k6k5l,istio-proxy,43.687,
1789322290.9668632,service-a-s9-deployment-5594fcdc45-k6k5l,service-a,183.347,3.207167
1789322291.1057332,service-a-s9-deployment-5594fcdc45-k6k5l,istio-proxy,39.441,
1789322292.358268,service-a-s9-deployment-5594fcdc45-k6k5l,service-a,232.788,3.792895
1789322292.492982,service-a-s9-deployment-5594fcdc45-k6k5l,istio-proxy,58.690,
1789322293.744952,service-a-s9-deployment-5594fcdc45-k6k5l,service-a,176.438,3.543039
1789322293.880775,service-a-s9-deployment-5594fcdc45-k6k5l,istio-proxy,42.047,
1789322295.14928,service-a-s9-deployment-5594fcdc45-k6k5l,service-a,188.151,3.309567
1789322295.2855308,service-a-s9-deployment-5594fcdc45-k6k5l,istio-proxy,37.919,
1789322296.557229,service-a-s9-deployment-5594fcdc45-k6k5l,service-a,184.723,2.848767
1789322296.698903,service-a-s9-deployment-5594fcdc45-k6k5l,istio-proxy,38.105,
1789322297.954159,service-a-s9-deployment-5594fcdc45-k6k5l,service-a,196.607,2.815999
1789322298.0919812,service-a-s9-deployment-5594fcdc45-k6k5l,istio-proxy,43.522,
1789322299.350555,service-a-s9-deployment-5594fcdc45-k6k5l,service-a,191.335,2.746367
1789322299.4953558,service-a-s9-deployment-5594fcdc45-k6k5l,istio-proxy,43.642,
1789322300.752189,service-a-s9-deployment-5594fcdc45-k6k5l,service-a,194.784,2.936831
1789322300.892972,service-a-s9-deployment-5594fcdc45-k6k5l,istio-proxy,42.248,
1789322302.1430578,service-a-s9-deployment-5594fcdc45-k6k5l,service-a,230.270,2.764799
1789322302.2828858,service-a-s9-deployment-5594fcdc45-k6k5l,istio-proxy,44.916,
1789322303.54705,service-a-s9-deployment-5594fcdc45-k6k5l,service-a,215.047,3.133439
1789322303.683071,service-a-s9-deployment-5594fcdc45-k6k5l,istio-proxy,49.441,
1789322304.940694,service-a-s9-deployment-5594fcdc45-k6k5l,service-a,191.984,2.570239
1789322305.082357,service-a-s9-deployment-5594fcdc45-k6k5l,istio-proxy,44.140,
1789322306.33654,service-a-s9-deployment-5594fcdc45-k6k5l,service-a,224.396,2.643967
1789322306.4711769,service-a-s9-deployment-5594fcdc45-k6k5l,istio-proxy,47.144,
1789322307.7207959,service-a-s9-deployment-5594fcdc45-k6k5l,service-a,173.849,2.678783
1789322307.8713222,service-a-s9-deployment-5594fcdc45-k6k5l,istio-proxy,44.446,
1789322309.130384,service-a-s9-deployment-5594fcdc45-k6k5l,service-a,214.872,3.219455
1789322309.281343,service-a-s9-deployment-5594fcdc45-k6k5l,istio-proxy,52.665,
1789322310.549406,service-a-s9-deployment-5594fcdc45-k6k5l,service-a,232.454,2.953215
1789322310.686856,service-a-s9-deployment-5594fcdc45-k6k5l,istio-proxy,47.949,
1789322311.961302,service-a-s9-deployment-5594fcdc45-k6k5l,service-a,187.461,2.848767
1789322312.103937,service-a-s9-deployment-5594fcdc45-k6k5l,istio-proxy,48.004,
1789322313.362896,service-a-s9-deployment-5594fcdc45-k6k5l,service-a,206.953,2.709503
1789322313.497248,service-a-s9-deployment-5594fcdc45-k6k5l,istio-proxy,51.274,
1789322314.745641,service-a-s9-deployment-5594fcdc45-k6k5l,service-a,204.594,2.592767
1789322314.885277,service-a-s9-deployment-5594fcdc45-k6k5l,istio-proxy,49.059,
1789322316.134748,service-a-s9-deployment-5594fcdc45-k6k5l,service-a,201.684,2.873343
1789322316.264833,service-a-s9-deployment-5594fcdc45-k6k5l,istio-proxy,48.700,
1789322317.56234,service-a-s9-deployment-5594fcdc45-k6k5l,service-a,209.101,2.791423
1789322317.696177,service-a-s9-deployment-5594fcdc45-k6k5l,istio-proxy,53.924,
1789322318.940732,service-a-s9-deployment-5594fcdc45-k6k5l,service-a,213.870,2.729983
1789322319.074535,service-a-s9-deployment-5594fcdc45-k6k5l,istio-proxy,48.115,
1789322320.3353999,service-a-s9-deployment-5594fcdc45-k6k5l,service-a,210.477,2.824191
1789322320.4709299,service-a-s9-deployment-5594fcdc45-k6k5l,istio-proxy,50.224,
1789322321.735965,service-a-s9-deployment-5594fcdc45-k6k5l,service-a,211.159,3.315711
1789322321.8703911,service-a-s9-deployment-5594fcdc45-k6k5l,istio-proxy,47.822,
1789322323.137028,service-a-s9-deployment-5594fcdc45-k6k5l,service-a,233.221,2.740223
1789322323.2665112,service-a-s9-deployment-5594fcdc45-k6k5l,istio-proxy,48.893,
1789322324.4959319,service-a-s9-deployment-5594fcdc45-k6k5l,service-a,196.124,2.777087
1789322324.6322858,service-a-s9-deployment-5594fcdc45-k6k5l,istio-proxy,46.697,
1789322325.8829381,service-a-s9-deployment-5594fcdc45-k6k5l,service-a,214.049,3.104767
1789322326.025138,service-a-s9-deployment-5594fcdc45-k6k5l,istio-proxy,48.325,
1789322327.276135,service-a-s9-deployment-5594fcdc45-k6k5l,service-a,212.310,2.938879
1789322327.414931,service-a-s9-deployment-5594fcdc45-k6k5l,istio-proxy,49.758,
1789322328.6907158,service-a-s9-deployment-5594fcdc45-k6k5l,service-a,201.330,2.684927
1789322328.836095,service-a-s9-deployment-5594fcdc45-k6k5l,istio-proxy,49.545,
1789322330.097942,service-a-s9-deployment-5594fcdc45-k6k5l,service-a,213.467,2.914303
1789322330.238723,service-a-s9-deployment-5594fcdc45-k6k5l,istio-proxy,49.789,
1789322331.4761229,service-a-s9-deployment-5594fcdc45-k6k5l,service-a,227.858,2.772991
1789322331.6281831,service-a-s9-deployment-5594fcdc45-k6k5l,istio-proxy,54.785,
1789322332.8753002,service-a-s9-deployment-5594fcdc45-k6k5l,service-a,222.665,2.742271
1789322333.0121222,service-a-s9-deployment-5594fcdc45-k6k5l,istio-proxy,53.416,
1789322334.264431,service-a-s9-deployment-5594fcdc45-k6k5l,service-a,202.479,2.578431
1789322334.4057732,service-a-s9-deployment-5594fcdc45-k6k5l,istio-proxy,57.673,
1789322335.663887,service-a-s9-deployment-5594fcdc45-k6k5l,service-a,238.084,2.971647
1789322335.8129961,service-a-s9-deployment-5594fcdc45-k6k5l,istio-proxy,58.048,
1789322337.04704,service-a-s9-deployment-5594fcdc45-k6k5l,service-a,220.911,2.719743
1789322337.1862872,service-a-s9-deployment-5594fcdc45-k6k5l,istio-proxy,49.416,
1789322338.436251,service-a-s9-deployment-5594fcdc45-k6k5l,service-a,234.531,2.576383
1789322338.593677,service-a-s9-deployment-5594fcdc45-k6k5l,istio-proxy,61.248,
1789322339.8750222,service-a-s9-deployment-5594fcdc45-k6k5l,service-a,242.303,2.930687
1789322340.014091,service-a-s9-deployment-5594fcdc45-k6k5l,istio-proxy,58.855,
1789322341.330632,service-a-s9-deployment-5594fcdc45-k6k5l,service-a,253.030,2.637823
1789322341.468061,service-a-s9-deployment-5594fcdc45-k6k5l,istio-proxy,62.369,
1789322342.731592,service-a-s9-deployment-5594fcdc45-k6k5l,service-a,213.151,3.043327
1789322342.8711538,service-a-s9-deployment-5594fcdc45-k6k5l,istio-proxy,54.492,
1789322344.122025,service-a-s9-deployment-5594fcdc45-k6k5l,service-a,209.743,2.918399
1789322344.267554,service-a-s9-deployment-5594fcdc45-k6k5l,istio-proxy,60.215,
1789322345.532514,service-a-s9-deployment-5594fcdc45-k6k5l,service-a,221.980,2.932735
1789322345.676374,service-a-s9-deployment-5594fcdc45-k6k5l,istio-proxy,55.647,
1789322346.9352489,service-a-s9-deployment-5594fcdc45-k6k5l,service-a,244.964,2.764799
1789322347.071222,service-a-s9-deployment-5594fcdc45-k6k5l,istio-proxy,55.311,
1789322348.309205,service-a-s9-deployment-5594fcdc45-k6k5l,service-a,197.209,2.883583
1789322348.442323,service-a-s9-deployment-5594fcdc45-k6k5l,istio-proxy,54.010,
1789322349.721867,service-a-s9-deployment-5594fcdc45-k6k5l,service-a,210.587,2.994175
1789322349.857197,service-a-s9-deployment-5594fcdc45-k6k5l,istio-proxy,52.290,
1789322351.1248581,service-a-s9-deployment-5594fcdc45-k6k5l,service-a,193.899,2.977791
1789322351.262602,service-a-s9-deployment-5594fcdc45-k6k5l,istio-proxy,53.163,
1789322352.537565,service-a-s9-deployment-5594fcdc45-k6k5l,service-a,197.410,2.807807
1789322352.671167,service-a-s9-deployment-5594fcdc45-k6k5l,istio-proxy,49.710,
1789322353.923824,service-a-s9-deployment-5594fcdc45-k6k5l,service-a,196.246,2.840575
1789322354.055913,service-a-s9-deployment-5594fcdc45-k6k5l,istio-proxy,56.063,
1789322355.312734,service-a-s9-deployment-5594fcdc45-k6k5l,service-a,204.465,2.619391
1789322355.4555001,service-a-s9-deployment-5594fcdc45-k6k5l,istio-proxy,54.894,
1789322356.728363,service-a-s9-deployment-5594fcdc45-k6k5l,service-a,216.041,3.133439
1789322356.865985,service-a-s9-deployment-5594fcdc45-k6k5l,istio-proxy,51.596,
1789322358.143181,service-a-s9-deployment-5594fcdc45-k6k5l,service-a,241.993,2.957311
1789322358.2755709,service-a-s9-deployment-5594fcdc45-k6k5l,istio-proxy,65.782,
1789322359.54754,service-a-s9-deployment-5594fcdc45-k6k5l,service-a,230.127,3.170303
1789322359.680156,service-a-s9-deployment-5594fcdc45-k6k5l,istio-proxy,55.135,
1789322360.938507,service-a-s9-deployment-5594fcdc45-k6k5l,service-a,215.257,3.825663
1789322361.0737898,service-a-s9-deployment-5594fcdc45-k6k5l,istio-proxy,54.601,
1789322362.331562,service-a-s9-deployment-5594fcdc45-k6k5l,service-a,200.634,3.583999
1789322362.523666,service-a-s9-deployment-5594fcdc45-k6k5l,istio-proxy,59.335,
1789322363.783915,service-a-s9-deployment-5594fcdc45-k6k5l,service-a,264.475,3.037183
1789322363.9167511,service-a-s9-deployment-5594fcdc45-k6k5l,istio-proxy,63.071,
1789322365.1773891,service-a-s9-deployment-5594fcdc45-k6k5l,service-a,250.262,3.059711
1789322365.313947,service-a-s9-deployment-5594fcdc45-k6k5l,istio-proxy,61.228,
1789322366.564713,service-a-s9-deployment-5594fcdc45-k6k5l,service-a,250.438,3.543039
1789322366.7009761,service-a-s9-deployment-5594fcdc45-k6k5l,istio-proxy,57.591,
1789322367.9423501,service-a-s9-deployment-5594fcdc45-k6k5l,service-a,245.789,3.581951
1789322368.0821812,service-a-s9-deployment-5594fcdc45-k6k5l,istio-proxy,56.644,
1789322369.345196,service-a-s9-deployment-5594fcdc45-k6k5l,service-a,245.289,3.233791
1789322369.479104,service-a-s9-deployment-5594fcdc45-k6k5l,istio-proxy,63.820,
1789322370.73789,service-a-s9-deployment-5594fcdc45-k6k5l,service-a,273.728,3.547135
1789322370.875774,service-a-s9-deployment-5594fcdc45-k6k5l,istio-proxy,65.808,
1789322372.1079879,service-a-s9-deployment-5594fcdc45-k6k5l,service-a,247.179,3.305471
1789322372.237675,service-a-s9-deployment-5594fcdc45-k6k5l,istio-proxy,60.598,
1789322373.504954,service-a-s9-deployment-5594fcdc45-k6k5l,service-a,253.539,2.306047
1789322373.6587079,service-a-s9-deployment-5594fcdc45-k6k5l,istio-proxy,66.420,
1789322374.9163651,service-a-s9-deployment-5594fcdc45-k6k5l,service-a,231.499,2.990079
1789322375.065115,service-a-s9-deployment-5594fcdc45-k6k5l,istio-proxy,54.155,
1789322376.3159602,service-a-s9-deployment-5594fcdc45-k6k5l,service-a,247.677,3.180543
1789322376.44731,service-a-s9-deployment-5594fcdc45-k6k5l,istio-proxy,59.680,
1789322377.683614,service-a-s9-deployment-5594fcdc45-k6k5l,service-a,235.667,3.545087
1789322377.822405,service-a-s9-deployment-5594fcdc45-k6k5l,istio-proxy,61.414,
1789322379.072681,service-a-s9-deployment-5594fcdc45-k6k5l,service-a,247.615,3.651583
1789322379.221926,service-a-s9-deployment-5594fcdc45-k6k5l,istio-proxy,58.305,
1789322380.471179,service-a-s9-deployment-5594fcdc45-k6k5l,service-a,246.660,3.362815
1789322380.6338282,service-a-s9-deployment-5594fcdc45-k6k5l,istio-proxy,62.538,
1789322381.904206,service-a-s9-deployment-5594fcdc45-k6k5l,service-a,300.203,3.192831
1789322382.048416,service-a-s9-deployment-5594fcdc45-k6k5l,istio-proxy,67.486,
1789322383.309984,service-a-s9-deployment-5594fcdc45-k6k5l,service-a,282.909,3.121151
1789322383.4487839,service-a-s9-deployment-5594fcdc45-k6k5l,istio-proxy,62.319,
1789322384.698165,service-a-s9-deployment-5594fcdc45-k6k5l,service-a,245.052,3.749887
1789322384.8302011,service-a-s9-deployment-5594fcdc45-k6k5l,istio-proxy,56.032,
1789322386.104038,service-a-s9-deployment-5594fcdc45-k6k5l,service-a,257.975,3.653631
1789322386.251356,service-a-s9-deployment-5594fcdc45-k6k5l,istio-proxy,66.918,
1789322387.493456,service-a-s9-deployment-5594fcdc45-k6k5l,service-a,261.569,3.684351
1789322387.639246,service-a-s9-deployment-5594fcdc45-k6k5l,istio-proxy,60.665,
1789322388.867245,service-a-s9-deployment-5594fcdc45-k6k5l,service-a,240.303,3.244031
1789322389.003026,service-a-s9-deployment-5594fcdc45-k6k5l,istio-proxy,59.139,
1789322390.2575538,service-a-s9-deployment-5594fcdc45-k6k5l,service-a,229.417,3.467263
1789322390.394955,service-a-s9-deployment-5594fcdc45-k6k5l,istio-proxy,60.711,
1789322391.627202,service-a-s9-deployment-5594fcdc45-k6k5l,service-a,234.844,3.192831
1789322391.7659972,service-a-s9-deployment-5594fcdc45-k6k5l,istio-proxy,64.193,
1789322393.023284,service-a-s9-deployment-5594fcdc45-k6k5l,service-a,261.018,3.768319
1789322393.1730912,service-a-s9-deployment-5594fcdc45-k6k5l,istio-proxy,66.976,
1789322394.437475,service-a-s9-deployment-5594fcdc45-k6k5l,service-a,271.240,3.371007
1789322394.5865002,service-a-s9-deployment-5594fcdc45-k6k5l,istio-proxy,71.167,
1789322395.84022,service-a-s9-deployment-5594fcdc45-k6k5l,service-a,250.291,3.534847
1789322395.994379,service-a-s9-deployment-5594fcdc45-k6k5l,istio-proxy,68.278,
1789322397.252334,service-a-s9-deployment-5594fcdc45-k6k5l,service-a,227.441,3.332095
1789322397.399196,service-a-s9-deployment-5594fcdc45-k6k5l,istio-proxy,63.509,
1789322398.653057,service-a-s9-deployment-5594fcdc45-k6k5l,service-a,270.220,3.287039
1789322398.811572,service-a-s9-deployment-5594fcdc45-k6k5l,istio-proxy,64.721,
1789322400.067143,service-a-s9-deployment-5594fcdc45-k6k5l,service-a,279.256,3.334143
1789322400.2362628,service-a-s9-deployment-5594fcdc45-k6k5l,istio-proxy,74.218,
1789322401.504199,service-a-s9-deployment-5594fcdc45-k6k5l,service-a,268.871,3.682303
1789322401.6523001,service-a-s9-deployment-5594fcdc45-k6k5l,istio-proxy,71.418,
1789322402.916337,service-a-s9-deployment-5594fcdc45-k6k5l,service-a,295.987,3.864575
1789322403.056691,service-a-s9-deployment-5594fcdc45-k6k5l,istio-proxy,73.209,
1789322404.3053088,service-a-s9-deployment-5594fcdc45-k6k5l,service-a,262.531,3.364863
1789322404.486161,service-a-s9-deployment-5594fcdc45-k6k5l,istio-proxy,73.662,
1789322405.756286,service-a-s9-deployment-5594fcdc45-k6k5l,service-a,272.219,3.432447
1789322405.896223,service-a-s9-deployment-5594fcdc45-k6k5l,istio-proxy,65.011,
1789322407.1800792,service-a-s9-deployment-5594fcdc45-k6k5l,service-a,299.098,3.743743
1789322407.3190389,service-a-s9-deployment-5594fcdc45-k6k5l,istio-proxy,72.274,
1789322408.571811,service-a-s9-deployment-5594fcdc45-k6k5l,service-a,228.637,3.303423
1789322408.766706,service-a-s9-deployment-5594fcdc45-k6k5l,istio-proxy,75.732,
1789322410.0328362,service-a-s9-deployment-5594fcdc45-k6k5l,service-a,302.110,3.713023
1789322410.1719098,service-a-s9-deployment-5594fcdc45-k6k5l,istio-proxy,66.836,
1789322411.411093,service-a-s9-deployment-5594fcdc45-k6k5l,service-a,265.397,3.397631
1789322411.5412018,service-a-s9-deployment-5594fcdc45-k6k5l,istio-proxy,64.645,
1789322412.819005,service-a-s9-deployment-5594fcdc45-k6k5l,service-a,266.048,3.549183
1789322412.959567,service-a-s9-deployment-5594fcdc45-k6k5l,istio-proxy,71.376,
1789322414.221639,service-a-s9-deployment-5594fcdc45-k6k5l,service-a,260.484,3.680255
1789322414.363227,service-a-s9-deployment-5594fcdc45-k6k5l,istio-proxy,67.946,
1789322415.624753,service-a-s9-deployment-5594fcdc45-k6k5l,service-a,298.497,3.684351
1789322415.773936,service-a-s9-deployment-5594fcdc45-k6k5l,istio-proxy,72.965,
1789322417.021023,service-a-s9-deployment-5594fcdc45-k6k5l,service-a,261.684,2.531327
1789322417.1627991,service-a-s9-deployment-5594fcdc45-k6k5l,istio-proxy,60.080,
1789322418.404341,service-a-s9-deployment-5594fcdc45-k6k5l,service-a,273.160,2.627583
1789322418.538372,service-a-s9-deployment-5594fcdc45-k6k5l,istio-proxy,66.568,
1789322419.8189561,service-a-s9-deployment-5594fcdc45-k6k5l,service-a,273.906,2.828287
1789322419.9659562,service-a-s9-deployment-5594fcdc45-k6k5l,istio-proxy,72.568,
1789322421.210698,service-a-s9-deployment-5594fcdc45-k6k5l,service-a,268.124,2.650111
1789322421.360275,service-a-s9-deployment-5594fcdc45-k6k5l,istio-proxy,69.235,
1789322422.617861,service-a-s9-deployment-5594fcdc45-k6k5l,service-a,261.727,2.420735
1789322422.756804,service-a-s9-deployment-5594fcdc45-k6k5l,istio-proxy,71.313,
1789322424.020511,service-a-s9-deployment-5594fcdc45-k6k5l,service-a,266.025,2.916351
1789322424.1632059,service-a-s9-deployment-5594fcdc45-k6k5l,istio-proxy,74.866,
1789322425.420112,service-a-s9-deployment-5594fcdc45-k6k5l,service-a,286.189,2.789375
1789322425.556851,service-a-s9-deployment-5594fcdc45-k6k5l,istio-proxy,72.981,
1789322426.817864,service-a-s9-deployment-5594fcdc45-k6k5l,service-a,252.839,2.373631
1789322426.9584079,service-a-s9-deployment-5594fcdc45-k6k5l,istio-proxy,70.751,
1789322428.199907,service-a-s9-deployment-5594fcdc45-k6k5l,service-a,249.495,2.351103
1789322428.340118,service-a-s9-deployment-5594fcdc45-k6k5l,istio-proxy,72.959,
1789322429.603332,service-a-s9-deployment-5594fcdc45-k6k5l,service-a,261.676,2.459647
1789322429.7488918,service-a-s9-deployment-5594fcdc45-k6k5l,istio-proxy,69.830,
1789322431.0112598,service-a-s9-deployment-5594fcdc45-k6k5l,service-a,249.611,2.916351
1789322431.152909,service-a-s9-deployment-5594fcdc45-k6k5l,istio-proxy,70.152,
1789322432.394012,service-a-s9-deployment-5594fcdc45-k6k5l,service-a,277.620,3.127295
1789322432.5293639,service-a-s9-deployment-5594fcdc45-k6k5l,istio-proxy,71.863,
1789322433.767232,service-a-s9-deployment-5594fcdc45-k6k5l,service-a,279.718,2.703359
1789322433.910743,service-a-s9-deployment-5594fcdc45-k6k5l,istio-proxy,72.924,
1789322435.1703308,service-a-s9-deployment-5594fcdc45-k6k5l,service-a,244.642,2.439167
1789322435.317745,service-a-s9-deployment-5594fcdc45-k6k5l,istio-proxy,69.172,
1789322436.575837,service-a-s9-deployment-5594fcdc45-k6k5l,service-a,258.888,2.418687
1789322436.7142599,service-a-s9-deployment-5594fcdc45-k6k5l,istio-proxy,72.652,
1789322437.9676101,service-a-s9-deployment-5594fcdc45-k6k5l,service-a,272.000,2.510847
1789322438.103633,service-a-s9-deployment-5594fcdc45-k6k5l,istio-proxy,73.768,
1789322439.341994,service-a-s9-deployment-5594fcdc45-k6k5l,service-a,231.264,2.557951
1789322439.498131,service-a-s9-deployment-5594fcdc45-k6k5l,istio-proxy,69.358,
1789322440.799773,service-a-s9-deployment-5594fcdc45-k6k5l,service-a,275.106,2.471935
1789322440.938497,service-a-s9-deployment-5594fcdc45-k6k5l,istio-proxy,77.082,
1789322442.1798568,service-a-s9-deployment-5594fcdc45-k6k5l,service-a,255.990,2.426879
1789322442.3191948,service-a-s9-deployment-5594fcdc45-k6k5l,istio-proxy,71.338,
1789322443.575628,service-a-s9-deployment-5594fcdc45-k6k5l,service-a,257.635,2.390015
1789322443.707228,service-a-s9-deployment-5594fcdc45-k6k5l,istio-proxy,71.544,
1789322444.955814,service-a-s9-deployment-5594fcdc45-k6k5l,service-a,241.408,2.963455
1789322445.087384,service-a-s9-deployment-5594fcdc45-k6k5l,istio-proxy,66.599,
1789322446.346569,service-a-s9-deployment-5594fcdc45-k6k5l,service-a,262.796,2.416639
1789322446.481472,service-a-s9-deployment-5594fcdc45-k6k5l,istio-proxy,71.830,
1789322447.723572,service-a-s9-deployment-5594fcdc45-k6k5l,service-a,264.182,2.379775
1789322447.8727129,service-a-s9-deployment-5594fcdc45-k6k5l,istio-proxy,71.181,
1789322449.1538649,service-a-s9-deployment-5594fcdc45-k6k5l,service-a,269.227,2.390015
1789322449.308995,service-a-s9-deployment-5594fcdc45-k6k5l,istio-proxy,72.921,
1789322450.556321,service-a-s9-deployment-5594fcdc45-k6k5l,service-a,263.599,2.381823
1789322450.703325,service-a-s9-deployment-5594fcdc45-k6k5l,istio-proxy,70.077,
1789322452.005522,service-a-s9-deployment-5594fcdc45-k6k5l,service-a,269.453,2.689023
1789322452.1479192,service-a-s9-deployment-5594fcdc45-k6k5l,istio-proxy,80.447,
1789322453.377873,service-a-s9-deployment-5594fcdc45-k6k5l,service-a,284.873,2.988031
1789322453.513451,service-a-s9-deployment-5594fcdc45-k6k5l,istio-proxy,82.005,
1789322454.752666,service-a-s9-deployment-5594fcdc45-k6k5l,service-a,248.927,2.326527
1789322454.9649448,service-a-s9-deployment-5594fcdc45-k6k5l,istio-proxy,84.040,
1789322456.219454,service-a-s9-deployment-5594fcdc45-k6k5l,service-a,326.635,2.797567
1789322456.367303,service-a-s9-deployment-5594fcdc45-k6k5l,istio-proxy,76.149,
1789322457.6179872,service-a-s9-deployment-5594fcdc45-k6k5l,service-a,302.857,2.564095
1789322457.757012,service-a-s9-deployment-5594fcdc45-k6k5l,istio-proxy,81.329,
1789322459.0250309,service-a-s9-deployment-5594fcdc45-k6k5l,service-a,237.916,2.748415
1789322459.164999,service-a-s9-deployment-5594fcdc45-k6k5l,istio-proxy,70.839,
1789322460.4068968,service-a-s9-deployment-5594fcdc45-k6k5l,service-a,270.675,2.932735
1789322460.598767,service-a-s9-deployment-5594fcdc45-k6k5l,istio-proxy,85.137,
1789322461.836236,service-a-s9-deployment-5594fcdc45-k6k5l,service-a,327.099,3.067903
1789322461.989265,service-a-s9-deployment-5594fcdc45-k6k5l,istio-proxy,76.586,
1789322463.243131,service-a-s9-deployment-5594fcdc45-k6k5l,service-a,283.754,2.291711
1789322463.391513,service-a-s9-deployment-5594fcdc45-k6k5l,istio-proxy,80.113,
1789322464.628292,service-a-s9-deployment-5594fcdc45-k6k5l,service-a,283.052,2.947071
1789322464.769181,service-a-s9-deployment-5594fcdc45-k6k5l,istio-proxy,71.922,
1789322466.002872,service-a-s9-deployment-5594fcdc45-k6k5l,service-a,293.389,2.281471
1789322466.162438,service-a-s9-deployment-5594fcdc45-k6k5l,istio-proxy,81.628,
1789322467.4272919,service-a-s9-deployment-5594fcdc45-k6k5l,service-a,293.543,2.772991
1789322467.584225,service-a-s9-deployment-5594fcdc45-k6k5l,istio-proxy,84.801,
1789322468.824893,service-a-s9-deployment-5594fcdc45-k6k5l,service-a,291.474,2.369535
1789322469.006312,service-a-s9-deployment-5594fcdc45-k6k5l,istio-proxy,81.608,
1789322470.239817,service-a-s9-deployment-5594fcdc45-k6k5l,service-a,277.411,2.627583
1789322470.37432,service-a-s9-deployment-5594fcdc45-k6k5l,istio-proxy,77.294,
1789322471.624345,service-a-s9-deployment-5594fcdc45-k6k5l,service-a,254.950,2.756607
1789322471.766109,service-a-s9-deployment-5594fcdc45-k6k5l,istio-proxy,73.254,
1789322473.0137348,service-a-s9-deployment-5594fcdc45-k6k5l,service-a,255.640,2.713599
1789322473.153121,service-a-s9-deployment-5594fcdc45-k6k5l,istio-proxy,72.735,
1789322474.4254222,service-a-s9-deployment-5594fcdc45-k6k5l,service-a,266.264,2.297855
1789322474.5928068,service-a-s9-deployment-5594fcdc45-k6k5l,istio-proxy,84.409,
1789322475.849047,service-a-s9-deployment-5594fcdc45-k6k5l,service-a,272.901,2.910207
1789322475.995439,service-a-s9-deployment-5594fcdc45-k6k5l,istio-proxy,75.586,
1789322477.246001,service-a-s9-deployment-5594fcdc45-k6k5l,service-a,267.060,2.883583
1789322477.4027278,service-a-s9-deployment-5594fcdc45-k6k5l,istio-proxy,73.773,
1789322478.666903,service-a-s9-deployment-5594fcdc45-k6k5l,service-a,296.274,4.073471
1789322478.804506,service-a-s9-deployment-5594fcdc45-k6k5l,istio-proxy,80.203,
1789322480.0760581,service-a-s9-deployment-5594fcdc45-k6k5l,service-a,291.283,3.934207
1789322480.226785,service-a-s9-deployment-5594fcdc45-k6k5l,istio-proxy,80.423,
1789322481.485047,service-a-s9-deployment-5594fcdc45-k6k5l,service-a,308.034,2.936831
1789322481.63317,service-a-s9-deployment-5594fcdc45-k6k5l,istio-proxy,85.010,
1789322482.8750741,service-a-s9-deployment-5594fcdc45-k6k5l,service-a,282.271,3.282943
1789322483.0190148,service-a-s9-deployment-5594fcdc45-k6k5l,istio-proxy,82.687,
1789322484.2680671,service-a-s9-deployment-5594fcdc45-k6k5l,service-a,283.227,2.721791
1789322484.4178739,service-a-s9-deployment-5594fcdc45-k6k5l,istio-proxy,81.575,
1789322485.670597,service-a-s9-deployment-5594fcdc45-k6k5l,service-a,280.258,3.000319
1789322485.81509,service-a-s9-deployment-5594fcdc45-k6k5l,istio-proxy,78.516,
1789322487.060179,service-a-s9-deployment-5594fcdc45-k6k5l,service-a,282.222,2.854911
1789322487.1970282,service-a-s9-deployment-5594fcdc45-k6k5l,istio-proxy,77.799,
1789322488.441515,service-a-s9-deployment-5594fcdc45-k6k5l,service-a,302.287,2.641919
1789322488.591756,service-a-s9-deployment-5594fcdc45-k6k5l,istio-proxy,78.427,
1789322489.836958,service-a-s9-deployment-5594fcdc45-k6k5l,service-a,283.090,2.639871
1789322489.991821,service-a-s9-deployment-5594fcdc45-k6k5l,istio-proxy,81.168,
1789322491.2275178,service-a-s9-deployment-5594fcdc45-k6k5l,service-a,289.071,2.605055
1789322491.3608792,service-a-s9-deployment-5594fcdc45-k6k5l,istio-proxy,83.303,
1789322492.611261,service-a-s9-deployment-5594fcdc45-k6k5l,service-a,264.171,3.622911
1789322492.750037,service-a-s9-deployment-5594fcdc45-k6k5l,istio-proxy,74.834,
1789322493.999082,service-a-s9-deployment-5594fcdc45-k6k5l,service-a,279.882,2.820095
1789322494.153518,service-a-s9-deployment-5594fcdc45-k6k5l,istio-proxy,82.657,
1789322495.389948,service-a-s9-deployment-5594fcdc45-k6k5l,service-a,285.264,2.850815
1789322495.52808,service-a-s9-deployment-5594fcdc45-k6k5l,istio-proxy,83.467,
1789322496.7791831,service-a-s9-deployment-5594fcdc45-k6k5l,service-a,287.623,2.764799
1789322496.925932,service-a-s9-deployment-5594fcdc45-k6k5l,istio-proxy,76.278,
1789322498.190562,service-a-s9-deployment-5594fcdc45-k6k5l,service-a,269.870,2.801663
1789322498.336125,service-a-s9-deployment-5594fcdc45-k6k5l,istio-proxy,80.691,
1789322499.5753129,service-a-s9-deployment-5594fcdc45-k6k5l,service-a,296.261,2.801663
1789322499.7137768,service-a-s9-deployment-5594fcdc45-k6k5l,istio-proxy,84.445,
1789322500.954396,service-a-s9-deployment-5594fcdc45-k6k5l,service-a,288.220,3.217407
1789322501.1501172,service-a-s9-deployment-5594fcdc45-k6k5l,istio-proxy,86.072,
1789322502.383518,service-a-s9-deployment-5594fcdc45-k6k5l,service-a,302.813,3.385343
1789322502.517514,service-a-s9-deployment-5594fcdc45-k6k5l,istio-proxy,72.177,
1789322503.760923,service-a-s9-deployment-5594fcdc45-k6k5l,service-a,285.711,2.451455
1789322503.897734,service-a-s9-deployment-5594fcdc45-k6k5l,istio-proxy,81.462,
1789322505.144834,service-a-s9-deployment-5594fcdc45-k6k5l,service-a,289.065,3.151871
1789322505.2989361,service-a-s9-deployment-5594fcdc45-k6k5l,istio-proxy,75.282,
1789322506.536216,service-a-s9-deployment-5594fcdc45-k6k5l,service-a,269.482,3.903487
1789322506.6724942,service-a-s9-deployment-5594fcdc45-k6k5l,istio-proxy,73.714,
1789322507.922576,service-a-s9-deployment-5594fcdc45-k6k5l,service-a,269.183,3.923967
1789322508.0687518,service-a-s9-deployment-5594fcdc45-k6k5l,istio-proxy,79.733,
1789322509.32352,service-a-s9-deployment-5594fcdc45-k6k5l,service-a,266.672,3.551231
1789322509.461588,service-a-s9-deployment-5594fcdc45-k6k5l,istio-proxy,80.815,
1789322510.7365801,service-a-s9-deployment-5594fcdc45-k6k5l,service-a,304.356,3.725311
1789322511.020791,service-a-s9-deployment-5594fcdc45-k6k5l,istio-proxy,153.612,
1789322512.2674181,service-a-s9-deployment-5594fcdc45-k6k5l,service-a,385.518,5.373951
1789322512.420416,service-a-s9-deployment-5594fcdc45-k6k5l,istio-proxy,85.150,
1789322513.664238,service-a-s9-deployment-5594fcdc45-k6k5l,service-a,317.332,3.418111
1789322513.801815,service-a-s9-deployment-5594fcdc45-k6k5l,istio-proxy,89.632,
1789322515.0499918,service-a-s9-deployment-5594fcdc45-k6k5l,service-a,286.466,3.221503
1789322515.186831,service-a-s9-deployment-5594fcdc45-k6k5l,istio-proxy,80.672,
1789322516.420193,service-a-s9-deployment-5594fcdc45-k6k5l,service-a,273.065,3.293183
1789322516.563506,service-a-s9-deployment-5594fcdc45-k6k5l,istio-proxy,83.591,
1789322517.8101382,service-a-s9-deployment-5594fcdc45-k6k5l,service-a,282.176,3.178495
1789322517.9623349,service-a-s9-deployment-5594fcdc45-k6k5l,istio-proxy,82.630,
1789322519.2016,service-a-s9-deployment-5594fcdc45-k6k5l,service-a,301.965,3.874815
1789322519.3406012,service-a-s9-deployment-5594fcdc45-k6k5l,istio-proxy,80.483,
1789322520.58271,service-a-s9-deployment-5594fcdc45-k6k5l,service-a,344.802,3.282943
1789322520.7330701,service-a-s9-deployment-5594fcdc45-k6k5l,istio-proxy,96.340,
1789322522.020148,service-a-s9-deployment-5594fcdc45-k6k5l,service-a,321.980,3.379199
1789322522.157467,service-a-s9-deployment-5594fcdc45-k6k5l,istio-proxy,92.426,
1789322523.40298,service-a-s9-deployment-5594fcdc45-k6k5l,service-a,284.943,3.276799
1789322523.5784981,service-a-s9-deployment-5594fcdc45-k6k5l,istio-proxy,88.564,
1789322524.8330932,service-a-s9-deployment-5594fcdc45-k6k5l,service-a,338.034,3.262463
1789322524.97087,service-a-s9-deployment-5594fcdc45-k6k5l,istio-proxy,89.172,
1789322526.2174022,service-a-s9-deployment-5594fcdc45-k6k5l,service-a,288.404,3.188735
1789322526.3595579,service-a-s9-deployment-5594fcdc45-k6k5l,istio-proxy,84.119,
1789322527.633539,service-a-s9-deployment-5594fcdc45-k6k5l,service-a,302.496,3.852287
1789322527.813411,service-a-s9-deployment-5594fcdc45-k6k5l,istio-proxy,92.150,
1789322529.041335,service-a-s9-deployment-5594fcdc45-k6k5l,service-a,310.210,3.385343
1789322529.183429,service-a-s9-deployment-5594fcdc45-k6k5l,istio-proxy,82.673,
1789322530.426249,service-a-s9-deployment-5594fcdc45-k6k5l,service-a,287.515,3.217407
1789322530.579349,service-a-s9-deployment-5594fcdc45-k6k5l,istio-proxy,81.493,
1789322531.828732,service-a-s9-deployment-5594fcdc45-k6k5l,service-a,292.206,3.227647
1789322531.97663,service-a-s9-deployment-5594fcdc45-k6k5l,istio-proxy,85.160,
1789322533.213467,service-a-s9-deployment-5594fcdc45-k6k5l,service-a,317.543,3.399679
1789322533.349309,service-a-s9-deployment-5594fcdc45-k6k5l,istio-proxy,88.189,
1789322534.59148,service-a-s9-deployment-5594fcdc45-k6k5l,service-a,283.648,3.139583
1789322534.7299578,service-a-s9-deployment-5594fcdc45-k6k5l,istio-proxy,80.081,
1789322535.9923682,service-a-s9-deployment-5594fcdc45-k6k5l,service-a,290.158,3.694591
1789322536.1608682,service-a-s9-deployment-5594fcdc45-k6k5l,istio-proxy,87.241,
1789322537.3964229,service-a-s9-deployment-5594fcdc45-k6k5l,service-a,306.511,2.908159
1789322537.533578,service-a-s9-deployment-5594fcdc45-k6k5l,istio-proxy,84.931,
1789322538.7841752,service-a-s9-deployment-5594fcdc45-k6k5l,service-a,287.061,3.149823
1789322538.921835,service-a-s9-deployment-5594fcdc45-k6k5l,istio-proxy,84.936,
1789322540.162611,service-a-s9-deployment-5594fcdc45-k6k5l,service-a,320.791,2.715647
1789322540.3442502,service-a-s9-deployment-5594fcdc45-k6k5l,istio-proxy,85.685,
1789322541.5833988,service-a-s9-deployment-5594fcdc45-k6k5l,service-a,312.942,2.951167
1789322541.717124,service-a-s9-deployment-5594fcdc45-k6k5l,istio-proxy,91.731,
1789322542.952246,service-a-s9-deployment-5594fcdc45-k6k5l,service-a,310.127,2.605055
1789322543.0927439,service-a-s9-deployment-5594fcdc45-k6k5l,istio-proxy,85.031,
1789322544.35707,service-a-s9-deployment-5594fcdc45-k6k5l,service-a,290.121,2.408447
1789322544.508287,service-a-s9-deployment-5594fcdc45-k6k5l,istio-proxy,91.323,
1789322545.7553742,service-a-s9-deployment-5594fcdc45-k6k5l,service-a,313.561,2.467839
1789322545.8971379,service-a-s9-deployment-5594fcdc45-k6k5l,istio-proxy,87.076,
1789322547.1421068,service-a-s9-deployment-5594fcdc45-k6k5l,service-a,331.173,3.039231
1789322547.289599,service-a-s9-deployment-5594fcdc45-k6k5l,istio-proxy,88.861,
1789322548.5288289,service-a-s9-deployment-5594fcdc45-k6k5l,service-a,309.379,2.934783
1789322548.669662,service-a-s9-deployment-5594fcdc45-k6k5l,istio-proxy,82.343,
1789322549.9153311,service-a-s9-deployment-5594fcdc45-k6k5l,service-a,313.111,2.437119
1789322550.072648,service-a-s9-deployment-5594fcdc45-k6k5l,istio-proxy,89.199,
1789322551.330823,service-a-s9-deployment-5594fcdc45-k6k5l,service-a,322.761,2.396159
1789322551.4858592,service-a-s9-deployment-5594fcdc45-k6k5l,istio-proxy,88.651,
1789322552.7323678,service-a-s9-deployment-5594fcdc45-k6k5l,service-a,305.571,2.351103
1789322552.888635,service-a-s9-deployment-5594fcdc45-k6k5l,istio-proxy,84.638,
1789322554.150311,service-a-s9-deployment-5594fcdc45-k6k5l,service-a,302.358,2.338815
1789322554.302024,service-a-s9-deployment-5594fcdc45-k6k5l,istio-proxy,94.087,
1789322555.5408041,service-a-s9-deployment-5594fcdc45-k6k5l,service-a,316.964,2.877439
1789322555.682208,service-a-s9-deployment-5594fcdc45-k6k5l,istio-proxy,85.653,
1789322556.9230862,service-a-s9-deployment-5594fcdc45-k6k5l,service-a,290.175,2.938879
1789322557.0640059,service-a-s9-deployment-5594fcdc45-k6k5l,istio-proxy,82.297,
1789322558.322123,service-a-s9-deployment-5594fcdc45-k6k5l,service-a,302.881,2.306047
1789322558.453585,service-a-s9-deployment-5594fcdc45-k6k5l,istio-proxy,90.327,
1789322559.7005482,service-a-s9-deployment-5594fcdc45-k6k5l,service-a,290.740,3.006463
1789322559.8344479,service-a-s9-deployment-5594fcdc45-k6k5l,istio-proxy,82.548,
1789322561.069271,service-a-s9-deployment-5594fcdc45-k6k5l,service-a,276.770,2.443263
1789322561.203972,service-a-s9-deployment-5594fcdc45-k6k5l,istio-proxy,79.228,
1789322562.454231,service-a-s9-deployment-5594fcdc45-k6k5l,service-a,283.989,2.390015
1789322562.591375,service-a-s9-deployment-5594fcdc45-k6k5l,istio-proxy,86.493,
1789322563.829313,service-a-s9-deployment-5594fcdc45-k6k5l,service-a,292.831,2.842623
1789322563.991856,service-a-s9-deployment-5594fcdc45-k6k5l,istio-proxy,84.932,
1789322565.2387,service-a-s9-deployment-5594fcdc45-k6k5l,service-a,279.539,2.129919
1789322565.380068,service-a-s9-deployment-5594fcdc45-k6k5l,istio-proxy,83.633,
1789322566.628875,service-a-s9-deployment-5594fcdc45-k6k5l,service-a,296.245,2.314239
1789322566.814429,service-a-s9-deployment-5594fcdc45-k6k5l,istio-proxy,90.001,
1789322568.0432608,service-a-s9-deployment-5594fcdc45-k6k5l,service-a,302.772,2.979839
1789322568.184632,service-a-s9-deployment-5594fcdc45-k6k5l,istio-proxy,85.163,
1789322569.4088619,service-a-s9-deployment-5594fcdc45-k6k5l,service-a,292.385,2.693119
1789322569.547188,service-a-s9-deployment-5594fcdc45-k6k5l,istio-proxy,85.301,
1789322570.836353,service-a-s9-deployment-5594fcdc45-k6k5l,service-a,318.579,2.426879
1789322570.983905,service-a-s9-deployment-5594fcdc45-k6k5l,istio-proxy,94.648,
1789322572.217131,service-a-s9-deployment-5594fcdc45-k6k5l,service-a,351.816,2.879487
1789322572.356829,service-a-s9-deployment-5594fcdc45-k6k5l,istio-proxy,109.635,
1789322573.60393,service-a-s9-deployment-5594fcdc45-k6k5l,service-a,308.932,2.332671
1789322573.741525,service-a-s9-deployment-5594fcdc45-k6k5l,istio-proxy,90.392,
1789322574.9879968,service-a-s9-deployment-5594fcdc45-k6k5l,service-a,322.626,2.764799
1789322575.138736,service-a-s9-deployment-5594fcdc45-k6k5l,istio-proxy,97.859,
1789322576.366967,service-a-s9-deployment-5594fcdc45-k6k5l,service-a,329.503,2.314239
1789322576.5166469,service-a-s9-deployment-5594fcdc45-k6k5l,istio-proxy,87.568,
1789322577.759798,service-a-s9-deployment-5594fcdc45-k6k5l,service-a,327.157,2.334719
1789322577.900785,service-a-s9-deployment-5594fcdc45-k6k5l,istio-proxy,87.655,
1789322579.16029,service-a-s9-deployment-5594fcdc45-k6k5l,service-a,364.892,2.856959
1789322579.3044229,service-a-s9-deployment-5594fcdc45-k6k5l,istio-proxy,111.704,
1789322580.548567,service-a-s9-deployment-5594fcdc45-k6k5l,service-a,314.341,2.242559
1789322580.68522,service-a-s9-deployment-5594fcdc45-k6k5l,istio-proxy,90.099,
1789322581.939082,service-a-s9-deployment-5594fcdc45-k6k5l,service-a,321.088,2.385919
1789322582.093908,service-a-s9-deployment-5594fcdc45-k6k5l,istio-proxy,93.406,
1789322583.351016,service-a-s9-deployment-5594fcdc45-k6k5l,service-a,317.030,2.392063
1789322583.493691,service-a-s9-deployment-5594fcdc45-k6k5l,istio-proxy,93.486,
1789322584.73973,service-a-s9-deployment-5594fcdc45-k6k5l,service-a,307.267,2.435071
1789322584.876957,service-a-s9-deployment-5594fcdc45-k6k5l,istio-proxy,94.598,
1789322586.119458,service-a-s9-deployment-5594fcdc45-k6k5l,service-a,295.376,2.297855
1789322586.272075,service-a-s9-deployment-5594fcdc45-k6k5l,istio-proxy,87.989,
1789322587.53844,service-a-s9-deployment-5594fcdc45-k6k5l,service-a,314.349,2.059263
1789322587.68572,service-a-s9-deployment-5594fcdc45-k6k5l,istio-proxy,94.703,
1789322588.920424,service-a-s9-deployment-5594fcdc45-k6k5l,service-a,299.231,2.404351
1789322589.060096,service-a-s9-deployment-5594fcdc45-k6k5l,istio-proxy,90.179,
1789322590.313855,service-a-s9-deployment-5594fcdc45-k6k5l,service-a,305.694,2.392063
1789322590.450838,service-a-s9-deployment-5594fcdc45-k6k5l,istio-proxy,87.802,
1789322591.7051442,service-a-s9-deployment-5594fcdc45-k6k5l,service-a,297.904,2.439167
1789322591.847598,service-a-s9-deployment-5594fcdc45-k6k5l,istio-proxy,94.964,
1789322593.088871,service-a-s9-deployment-5594fcdc45-k6k5l,service-a,306.104,2.369535
1789322593.2267551,service-a-s9-deployment-5594fcdc45-k6k5l,istio-proxy,84.561,
1789322594.473543,service-a-s9-deployment-5594fcdc45-k6k5l,service-a,300.297,2.523135
1789322594.618192,service-a-s9-deployment-5594fcdc45-k6k5l,istio-proxy,91.283,
1789322595.856029,service-a-s9-deployment-5594fcdc45-k6k5l,service-a,282.728,2.373631
1789322596.007627,service-a-s9-deployment-5594fcdc45-k6k5l,istio-proxy,86.455,
1789322597.242683,service-a-s9-deployment-5594fcdc45-k6k5l,service-a,296.737,2.342911
1789322597.384075,service-a-s9-deployment-5594fcdc45-k6k5l,istio-proxy,85.566,
1789322598.6209788,service-a-s9-deployment-5594fcdc45-k6k5l,service-a,303.483,1.961983
1789322598.764085,service-a-s9-deployment-5594fcdc45-k6k5l,istio-proxy,95.160,
1789322600.015396,service-a-s9-deployment-5594fcdc45-k6k5l,service-a,308.862,2.445311
1789322600.164501,service-a-s9-deployment-5594fcdc45-k6k5l,istio-proxy,89.421,
1789322601.4077199,service-a-s9-deployment-5594fcdc45-k6k5l,service-a,318.292,2.381823
1789322601.545978,service-a-s9-deployment-5594fcdc45-k6k5l,istio-proxy,91.847,
1789322602.7793658,service-a-s9-deployment-5594fcdc45-k6k5l,service-a,318.781,2.291711
1789322602.933675,service-a-s9-deployment-5594fcdc45-k6k5l,istio-proxy,98.993,
1789322604.1752682,service-a-s9-deployment-5594fcdc45-k6k5l,service-a,307.373,2.320383
1789322604.34564,service-a-s9-deployment-5594fcdc45-k6k5l,istio-proxy,93.766,
1789322605.60758,service-a-s9-deployment-5594fcdc45-k6k5l,service-a,383.501,2.390015
1789322605.7484758,service-a-s9-deployment-5594fcdc45-k6k5l,istio-proxy,110.304,
1789322606.997633,service-a-s9-deployment-5594fcdc45-k6k5l,service-a,344.050,2.676735
1789322607.136138,service-a-s9-deployment-5594fcdc45-k6k5l,istio-proxy,123.359,
1789322608.372038,service-a-s9-deployment-5594fcdc45-k6k5l,service-a,306.504,2.342911
1789322608.581331,service-a-s9-deployment-5594fcdc45-k6k5l,istio-proxy,104.293,
1789322609.84835,service-a-s9-deployment-5594fcdc45-k6k5l,service-a,382.062,2.344959
1789322610.003915,service-a-s9-deployment-5594fcdc45-k6k5l,istio-proxy,99.090,
1789322611.276105,service-a-s9-deployment-5594fcdc45-k6k5l,service-a,327.013,2.306047
1789322611.427383,service-a-s9-deployment-5594fcdc45-k6k5l,istio-proxy,98.028,
1789322612.672437,service-a-s9-deployment-5594fcdc45-k6k5l,service-a,308.818,2.529279
1789322612.831507,service-a-s9-deployment-5594fcdc45-k6k5l,istio-proxy,93.962,
1789322614.073463,service-a-s9-deployment-5594fcdc45-k6k5l,service-a,335.655,2.856959
1789322614.2951941,service-a-s9-deployment-5594fcdc45-k6k5l,istio-proxy,117.104,
1789322615.535037,service-a-s9-deployment-5594fcdc45-k6k5l,service-a,411.246,3.194879
1789322615.667974,service-a-s9-deployment-5594fcdc45-k6k5l,istio-proxy,94.148,
1789322616.933471,service-a-s9-deployment-5594fcdc45-k6k5l,service-a,333.140,2.367487
1789322617.074446,service-a-s9-deployment-5594fcdc45-k6k5l,istio-proxy,95.296,
1789322618.317603,service-a-s9-deployment-5594fcdc45-k6k5l,service-a,327.024,2.627583
1789322618.4517891,service-a-s9-deployment-5594fcdc45-k6k5l,istio-proxy,102.238,
1789322619.7033238,service-a-s9-deployment-5594fcdc45-k6k5l,service-a,321.697,2.328575
1789322619.845013,service-a-s9-deployment-5594fcdc45-k6k5l,istio-proxy,96.239,
1789322621.092097,service-a-s9-deployment-5594fcdc45-k6k5l,service-a,299.747,2.030591
1789322621.232599,service-a-s9-deployment-5594fcdc45-k6k5l,istio-proxy,93.771,
1789322622.468031,service-a-s9-deployment-5594fcdc45-k6k5l,service-a,337.146,2.377727
1789322622.608095,service-a-s9-deployment-5594fcdc45-k6k5l,istio-proxy,98.581,
1789322623.8423429,service-a-s9-deployment-5594fcdc45-k6k5l,service-a,308.237,2.281471
1789322624.0068219,service-a-s9-deployment-5594fcdc45-k6k5l,istio-proxy,94.989,
1789322625.253909,service-a-s9-deployment-5594fcdc45-k6k5l,service-a,358.408,2.349055
1789322625.403009,service-a-s9-deployment-5594fcdc45-k6k5l,istio-proxy,98.308,
1789322626.63478,service-a-s9-deployment-5594fcdc45-k6k5l,service-a,340.608,2.445311
1789322626.770221,service-a-s9-deployment-5594fcdc45-k6k5l,istio-proxy,90.106,
1789322628.015718,service-a-s9-deployment-5594fcdc45-k6k5l,service-a,319.806,2.351103
1789322628.169995,service-a-s9-deployment-5594fcdc45-k6k5l,istio-proxy,93.777,
1789322629.404057,service-a-s9-deployment-5594fcdc45-k6k5l,service-a,339.844,2.476031
1789322629.549223,service-a-s9-deployment-5594fcdc45-k6k5l,istio-proxy,105.620,
1789322630.7787058,service-a-s9-deployment-5594fcdc45-k6k5l,service-a,312.198,2.312191
1789322630.9195251,service-a-s9-deployment-5594fcdc45-k6k5l,istio-proxy,91.327,
1789322632.1577752,service-a-s9-deployment-5594fcdc45-k6k5l,service-a,332.017,2.154495
1789322632.298151,service-a-s9-deployment-5594fcdc45-k6k5l,istio-proxy,106.357,
1789322633.546039,service-a-s9-deployment-5594fcdc45-k6k5l,service-a,328.219,2.170879
1789322633.705172,service-a-s9-deployment-5594fcdc45-k6k5l,istio-proxy,102.359,
1789322634.944289,service-a-s9-deployment-5594fcdc45-k6k5l,service-a,350.833,2.377727
1789322635.083095,service-a-s9-deployment-5594fcdc45-k6k5l,istio-proxy,104.126,
1789322636.3168662,service-a-s9-deployment-5594fcdc45-k6k5l,service-a,310.071,2.439167
1789322636.454636,service-a-s9-deployment-5594fcdc45-k6k5l,istio-proxy,92.208,
1789322637.6890152,service-a-s9-deployment-5594fcdc45-k6k5l,service-a,312.239,2.183167
1789322637.825484,service-a-s9-deployment-5594fcdc45-k6k5l,istio-proxy,94.888,
1789322639.0755541,service-a-s9-deployment-5594fcdc45-k6k5l,service-a,331.438,2.447359
1789322639.217247,service-a-s9-deployment-5594fcdc45-k6k5l,istio-proxy,101.355,
1789322640.4675012,service-a-s9-deployment-5594fcdc45-k6k5l,service-a,322.504,2.332671
1789322640.627394,service-a-s9-deployment-5594fcdc45-k6k5l,istio-proxy,102.137,
1789322641.862485,service-a-s9-deployment-5594fcdc45-k6k5l,service-a,346.664,2.392063
1789322642.00875,service-a-s9-deployment-5594fcdc45-k6k5l,istio-proxy,99.002,
1789322643.247123,service-a-s9-deployment-5594fcdc45-k6k5l,service-a,324.210,2.979839
1789322643.388536,service-a-s9-deployment-5594fcdc45-k6k5l,istio-proxy,101.015,
1789322644.6368861,service-a-s9-deployment-5594fcdc45-k6k5l,service-a,343.356,2.279423
1789322644.78108,service-a-s9-deployment-5594fcdc45-k6k5l,istio-proxy,107.235,
1789322646.025547,service-a-s9-deployment-5594fcdc45-k6k5l,service-a,343.594,2.787327
1789322646.163481,service-a-s9-deployment-5594fcdc45-k6k5l,istio-proxy,100.014,
1789322647.399866,service-a-s9-deployment-5594fcdc45-k6k5l,service-a,360.372,2.326527
1789322647.575872,service-a-s9-deployment-5594fcdc45-k6k5l,istio-proxy,112.973,
1789322648.807633,service-a-s9-deployment-5594fcdc45-k6k5l,service-a,363.518,2.752511
1789322648.949078,service-a-s9-deployment-5594fcdc45-k6k5l,istio-proxy,99.453,
1789322650.176987,service-a-s9-deployment-5594fcdc45-k6k5l,service-a,325.104,2.379775
1789322650.3161001,service-a-s9-deployment-5594fcdc45-k6k5l,istio-proxy,98.187,
1789322651.5635588,service-a-s9-deployment-5594fcdc45-k6k5l,service-a,315.619,2.295807
1789322651.738327,service-a-s9-deployment-5594fcdc45-k6k5l,istio-proxy,98.825,
1789322652.9961238,service-a-s9-deployment-5594fcdc45-k6k5l,service-a,385.913,2.727935
1789322653.1461928,service-a-s9-deployment-5594fcdc45-k6k5l,istio-proxy,121.645,
1789322654.4039721,service-a-s9-deployment-5594fcdc45-k6k5l,service-a,369.229,2.220031
1789322654.549707,service-a-s9-deployment-5594fcdc45-k6k5l,istio-proxy,111.252,
1789322655.798222,service-a-s9-deployment-5594fcdc45-k6k5l,service-a,324.401,2.453503
1789322655.963253,service-a-s9-deployment-5594fcdc45-k6k5l,istio-proxy,107.718,
1789322657.2156,service-a-s9-deployment-5594fcdc45-k6k5l,service-a,331.746,1.959935
1789322657.358027,service-a-s9-deployment-5594fcdc45-k6k5l,istio-proxy,96.983,
1789322658.595673,service-a-s9-deployment-5594fcdc45-k6k5l,service-a,324.682,1.587199
1789322658.7442088,service-a-s9-deployment-5594fcdc45-k6k5l,istio-proxy,102.713,
1789322660.006458,service-a-s9-deployment-5594fcdc45-k6k5l,service-a,360.475,2.322431
1789322660.1795452,service-a-s9-deployment-5594fcdc45-k6k5l,istio-proxy,108.343,
1789322661.414103,service-a-s9-deployment-5594fcdc45-k6k5l,service-a,365.519,2.543615
1789322661.552298,service-a-s9-deployment-5594fcdc45-k6k5l,istio-proxy,95.451,
1789322662.788089,service-a-s9-deployment-5594fcdc45-k6k5l,service-a,366.440,2.494463
1789322662.926997,service-a-s9-deployment-5594fcdc45-k6k5l,istio-proxy,114.554,
1789322664.159789,service-a-s9-deployment-5594fcdc45-k6k5l,service-a,345.219,2.336767
1789322664.321301,service-a-s9-deployment-5594fcdc45-k6k5l,istio-proxy,108.222,
1789322665.563193,service-a-s9-deployment-5594fcdc45-k6k5l,service-a,391.995,2.291711
1789322665.705239,service-a-s9-deployment-5594fcdc45-k6k5l,istio-proxy,108.413,
1789322666.938988,service-a-s9-deployment-5594fcdc45-k6k5l,service-a,347.269,2.246655
1789322667.0783072,service-a-s9-deployment-5594fcdc45-k6k5l,istio-proxy,103.344,
1789322668.316729,service-a-s9-deployment-5594fcdc45-k6k5l,service-a,348.978,2.430975
1789322668.456384,service-a-s9-deployment-5594fcdc45-k6k5l,istio-proxy,103.689,
1789322669.6898592,service-a-s9-deployment-5594fcdc45-k6k5l,service-a,321.407,2.289663
1789322669.8292181,service-a-s9-deployment-5594fcdc45-k6k5l,istio-proxy,97.836,
1789322671.117397,service-a-s9-deployment-5594fcdc45-k6k5l,service-a,424.473,2.478079
1789322671.269763,service-a-s9-deployment-5594fcdc45-k6k5l,istio-proxy,129.992,
1789322672.503241,service-a-s9-deployment-5594fcdc45-k6k5l,service-a,375.334,2.463743
1789322672.639284,service-a-s9-deployment-5594fcdc45-k6k5l,istio-proxy,110.583,
1789322673.8832982,service-a-s9-deployment-5594fcdc45-k6k5l,service-a,334.778,2.156543
1789322674.034946,service-a-s9-deployment-5594fcdc45-k6k5l,istio-proxy,105.876,
1789322675.32965,service-a-s9-deployment-5594fcdc45-k6k5l,service-a,433.162,2.365439
1789322675.478029,service-a-s9-deployment-5594fcdc45-k6k5l,istio-proxy,125.793,
1789322676.733459,service-a-s9-deployment-5594fcdc45-k6k5l,service-a,369.735,2.664447
1789322676.882096,service-a-s9-deployment-5594fcdc45-k6k5l,istio-proxy,105.160,
1789322678.129951,service-a-s9-deployment-5594fcdc45-k6k5l,service-a,367.552,2.342911
1789322678.2737448,service-a-s9-deployment-5594fcdc45-k6k5l,istio-proxy,109.761,
1789322679.5081758,service-a-s9-deployment-5594fcdc45-k6k5l,service-a,366.756,2.412543
1789322679.648031,service-a-s9-deployment-5594fcdc45-k6k5l,istio-proxy,106.141,
1789322680.89006,service-a-s9-deployment-5594fcdc45-k6k5l,service-a,329.612,2.234367
1789322681.036423,service-a-s9-deployment-5594fcdc45-k6k5l,istio-proxy,101.349,
1789322682.290076,service-a-s9-deployment-5594fcdc45-k6k5l,service-a,362.742,2.355199
1789322682.429494,service-a-s9-deployment-5594fcdc45-k6k5l,istio-proxy,115.402,
1789322683.6632462,service-a-s9-deployment-5594fcdc45-k6k5l,service-a,338.708,2.201599
1789322683.7979589,service-a-s9-deployment-5594fcdc45-k6k5l,istio-proxy,98.171,
1789322685.031083,service-a-s9-deployment-5594fcdc45-k6k5l,service-a,350.163,2.269183
1789322685.1660101,service-a-s9-deployment-5594fcdc45-k6k5l,istio-proxy,105.001,
1789322686.408077,service-a-s9-deployment-5594fcdc45-k6k5l,service-a,340.735,2.523135
1789322686.551274,service-a-s9-deployment-5594fcdc45-k6k5l,istio-proxy,104.477,
1789322687.7766058,service-a-s9-deployment-5594fcdc45-k6k5l,service-a,322.424,2.084863
1789322687.912895,service-a-s9-deployment-5594fcdc45-k6k5l,istio-proxy,95.821,
1789322689.162561,service-a-s9-deployment-5594fcdc45-k6k5l,service-a,323.213,3.028991
1789322689.30565,service-a-s9-deployment-5594fcdc45-k6k5l,istio-proxy,105.030,
1789322690.542922,service-a-s9-deployment-5594fcdc45-k6k5l,service-a,321.183,2.269183
1789322690.684318,service-a-s9-deployment-5594fcdc45-k6k5l,istio-proxy,96.545,
1789322691.947585,service-a-s9-deployment-5594fcdc45-k6k5l,service-a,372.958,2.138111
1789322692.1262589,service-a-s9-deployment-5594fcdc45-k6k5l,istio-proxy,132.199,
1789322693.374583,service-a-s9-deployment-5594fcdc45-k6k5l,service-a,424.418,2.506751
1789322693.520437,service-a-s9-deployment-5594fcdc45-k6k5l,istio-proxy,128.145,
1789322694.744766,service-a-s9-deployment-5594fcdc45-k6k5l,service-a,370.143,2.234367
1789322694.8865201,service-a-s9-deployment-5594fcdc45-k6k5l,istio-proxy,111.508,
1789322696.12188,service-a-s9-deployment-5594fcdc45-k6k5l,service-a,329.442,2.234367
1789322696.2684438,service-a-s9-deployment-5594fcdc45-k6k5l,istio-proxy,105.643,
1789322697.5072682,service-a-s9-deployment-5594fcdc45-k6k5l,service-a,364.681,2.330623
1789322697.659589,service-a-s9-deployment-5594fcdc45-k6k5l,istio-proxy,107.529,
1789322698.900491,service-a-s9-deployment-5594fcdc45-k6k5l,service-a,399.350,2.375679
1789322699.046159,service-a-s9-deployment-5594fcdc45-k6k5l,istio-proxy,133.537,
1789322700.2922208,service-a-s9-deployment-5594fcdc45-k6k5l,service-a,417.801,2.494463
1789322700.4381812,service-a-s9-deployment-5594fcdc45-k6k5l,istio-proxy,122.178,
1789322701.6799428,service-a-s9-deployment-5594fcdc45-k6k5l,service-a,371.374,2.365439
1789322701.8373408,service-a-s9-deployment-5594fcdc45-k6k5l,istio-proxy,107.449,
1789322703.084359,service-a-s9-deployment-5594fcdc45-k6k5l,service-a,381.723,2.412543
1789322703.2307699,service-a-s9-deployment-5594fcdc45-k6k5l,istio-proxy,112.519,
1789322704.4843788,service-a-s9-deployment-5594fcdc45-k6k5l,service-a,398.138,2.387967
1789322704.665665,service-a-s9-deployment-5594fcdc45-k6k5l,istio-proxy,138.460,
1789322705.912446,service-a-s9-deployment-5594fcdc45-k6k5l,service-a,399.295,2.371583
1789322706.068614,service-a-s9-deployment-5594fcdc45-k6k5l,istio-proxy,113.782,
1789322707.32553,service-a-s9-deployment-5594fcdc45-k6k5l,service-a,415.821,2.406399
1789322707.546398,service-a-s9-deployment-5594fcdc45-k6k5l,istio-proxy,127.647,
1789322708.82109,service-a-s9-deployment-5594fcdc45-k6k5l,service-a,410.118,2.344959
1789322708.9670541,service-a-s9-deployment-5594fcdc45-k6k5l,istio-proxy,121.265,
1789322710.215799,service-a-s9-deployment-5594fcdc45-k6k5l,service-a,354.018,2.390015
1789322710.354487,service-a-s9-deployment-5594fcdc45-k6k5l,istio-proxy,106.516,
1789322711.594849,service-a-s9-deployment-5594fcdc45-k6k5l,service-a,341.407,2.209791
1789322711.743773,service-a-s9-deployment-5594fcdc45-k6k5l,istio-proxy,104.508,
1789322712.9873521,service-a-s9-deployment-5594fcdc45-k6k5l,service-a,392.307,2.336767
1789322713.125264,service-a-s9-deployment-5594fcdc45-k6k5l,istio-proxy,119.795,
1789322714.379682,service-a-s9-deployment-5594fcdc45-k6k5l,service-a,374.472,2.791423
1789322714.531431,service-a-s9-deployment-5594fcdc45-k6k5l,istio-proxy,124.505,
1789322715.7788632,service-a-s9-deployment-5594fcdc45-k6k5l,service-a,365.881,2.254847
1789322715.9242828,service-a-s9-deployment-5594fcdc45-k6k5l,istio-proxy,110.340,
1789322717.16508,service-a-s9-deployment-5594fcdc45-k6k5l,service-a,384.643,2.318335
1789322717.3085241,service-a-s9-deployment-5594fcdc45-k6k5l,istio-proxy,110.305,
1789322718.547872,service-a-s9-deployment-5594fcdc45-k6k5l,service-a,354.562,2.023423
1789322718.7087512,service-a-s9-deployment-5594fcdc45-k6k5l,istio-proxy,115.616,
1789322719.9406562,service-a-s9-deployment-5594fcdc45-k6k5l,service-a,361.779,2.338815
1789322720.102249,service-a-s9-deployment-5594fcdc45-k6k5l,istio-proxy,108.993,
1789322721.347169,service-a-s9-deployment-5594fcdc45-k6k5l,service-a,384.580,2.985983
1789322721.547613,service-a-s9-deployment-5594fcdc45-k6k5l,istio-proxy,124.524,
1789322722.806317,service-a-s9-deployment-5594fcdc45-k6k5l,service-a,488.405,3.428351
1789322722.948982,service-a-s9-deployment-5594fcdc45-k6k5l,istio-proxy,138.151,
1789322724.194335,service-a-s9-deployment-5594fcdc45-k6k5l,service-a,443.683,2.439167
1789322724.3580601,service-a-s9-deployment-5594fcdc45-k6k5l,istio-proxy,124.460,
1789322725.601217,service-a-s9-deployment-5594fcdc45-k6k5l,service-a,457.230,2.473983
1789322725.74274,service-a-s9-deployment-5594fcdc45-k6k5l,istio-proxy,126.663,
1789322727.009207,service-a-s9-deployment-5594fcdc45-k6k5l,service-a,435.930,2.195455
1789322727.144796,service-a-s9-deployment-5594fcdc45-k6k5l,istio-proxy,119.497,
1789322728.400192,service-a-s9-deployment-5594fcdc45-k6k5l,service-a,395.688,2.105343
1789322728.537208,service-a-s9-deployment-5594fcdc45-k6k5l,istio-proxy,117.031,
1789322729.779538,service-a-s9-deployment-5594fcdc45-k6k5l,service-a,380.817,2.037759
1789322729.920322,service-a-s9-deployment-5594fcdc45-k6k5l,istio-proxy,110.407,
1789322731.189255,service-a-s9-deployment-5594fcdc45-k6k5l,service-a,401.210,2.250751
1789322731.33502,service-a-s9-deployment-5594fcdc45-k6k5l,istio-proxy,124.181,
1789322732.577452,service-a-s9-deployment-5594fcdc45-k6k5l,service-a,380.678,2.443263
1789322732.742344,service-a-s9-deployment-5594fcdc45-k6k5l,istio-proxy,115.424,
1789322734.048079,service-a-s9-deployment-5594fcdc45-k6k5l,service-a,468.898,3.561471
1789322734.189769,service-a-s9-deployment-5594fcdc45-k6k5l,istio-proxy,142.070,
1789322735.422137,service-a-s9-deployment-5594fcdc45-k6k5l,service-a,380.653,2.293759
1789322735.577706,service-a-s9-deployment-5594fcdc45-k6k5l,istio-proxy,121.864,
1789322736.8200161,service-a-s9-deployment-5594fcdc45-k6k5l,service-a,369.154,2.285567
1789322736.9602518,service-a-s9-deployment-5594fcdc45-k6k5l,istio-proxy,110.659,
1789322738.2787971,service-a-s9-deployment-5594fcdc45-k6k5l,service-a,475.614,2.381823
1789322738.42644,service-a-s9-deployment-5594fcdc45-k6k5l,istio-proxy,155.174,
1789322739.685778,service-a-s9-deployment-5594fcdc45-k6k5l,service-a,393.923,2.445311
1789322739.830004,service-a-s9-deployment-5594fcdc45-k6k5l,istio-proxy,117.302,
1789322741.071427,service-a-s9-deployment-5594fcdc45-k6k5l,service-a,391.838,2.123775
1789322741.2144902,service-a-s9-deployment-5594fcdc45-k6k5l,istio-proxy,116.825,
1789322742.45474,service-a-s9-deployment-5594fcdc45-k6k5l,service-a,393.888,2.418687
1789322742.60462,service-a-s9-deployment-5594fcdc45-k6k5l,istio-proxy,121.967,
1789322743.8680918,service-a-s9-deployment-5594fcdc45-k6k5l,service-a,415.720,2.291711
1789322744.0085518,service-a-s9-deployment-5594fcdc45-k6k5l,istio-proxy,123.375,
1789322745.248134,service-a-s9-deployment-5594fcdc45-k6k5l,service-a,376.695,2.295807
1789322745.38748,service-a-s9-deployment-5594fcdc45-k6k5l,istio-proxy,114.204,
1789322746.638062,service-a-s9-deployment-5594fcdc45-k6k5l,service-a,371.105,2.205695
1789322746.777271,service-a-s9-deployment-5594fcdc45-k6k5l,istio-proxy,109.105,
1789322748.0327291,service-a-s9-deployment-5594fcdc45-k6k5l,service-a,366.573,2.420735
1789322748.180514,service-a-s9-deployment-5594fcdc45-k6k5l,istio-proxy,114.024,
1789322749.430374,service-a-s9-deployment-5594fcdc45-k6k5l,service-a,403.120,3.006463
1789322749.574765,service-a-s9-deployment-5594fcdc45-k6k5l,istio-proxy,118.972,
1789322750.822454,service-a-s9-deployment-5594fcdc45-k6k5l,service-a,369.778,2.256895
1789322750.965612,service-a-s9-deployment-5594fcdc45-k6k5l,istio-proxy,109.500,
1789322752.228352,service-a-s9-deployment-5594fcdc45-k6k5l,service-a,394.019,2.156543
1789322752.3668768,service-a-s9-deployment-5594fcdc45-k6k5l,istio-proxy,123.187,
1789322753.6104372,service-a-s9-deployment-5594fcdc45-k6k5l,service-a,447.013,2.588671
1789322753.753418,service-a-s9-deployment-5594fcdc45-k6k5l,istio-proxy,139.775,
1789322755.001172,service-a-s9-deployment-5594fcdc45-k6k5l,service-a,426.398,2.125823
1789322755.141793,service-a-s9-deployment-5594fcdc45-k6k5l,istio-proxy,121.044,
1789322756.411314,service-a-s9-deployment-5594fcdc45-k6k5l,service-a,385.053,2.064383
1789322756.550016,service-a-s9-deployment-5594fcdc45-k6k5l,istio-proxy,116.956,
1789322757.81202,service-a-s9-deployment-5594fcdc45-k6k5l,service-a,399.129,2.160639
1789322757.958116,service-a-s9-deployment-5594fcdc45-k6k5l,istio-proxy,122.544,
1789322759.2022421,service-a-s9-deployment-5594fcdc45-k6k5l,service-a,392.021,2.121727
1789322759.3438962,service-a-s9-deployment-5594fcdc45-k6k5l,istio-proxy,119.778,
1789322760.6009421,service-a-s9-deployment-5594fcdc45-k6k5l,service-a,382.326,2.170879
1789322760.74295,service-a-s9-deployment-5594fcdc45-k6k5l,istio-proxy,120.886,
1789322761.99359,service-a-s9-deployment-5594fcdc45-k6k5l,service-a,400.561,2.101247
1789322762.1373749,service-a-s9-deployment-5594fcdc45-k6k5l,istio-proxy,118.123,
1789322763.378912,service-a-s9-deployment-5594fcdc45-k6k5l,service-a,412.854,2.408447
1789322763.5132859,service-a-s9-deployment-5594fcdc45-k6k5l,istio-proxy,130.199,
1789322764.759624,service-a-s9-deployment-5594fcdc45-k6k5l,service-a,429.479,2.359295
1789322764.908549,service-a-s9-deployment-5594fcdc45-k6k5l,istio-proxy,130.960,
1789322766.14843,service-a-s9-deployment-5594fcdc45-k6k5l,service-a,412.805,2.197503
1789322766.293927,service-a-s9-deployment-5594fcdc45-k6k5l,istio-proxy,120.136,
1789322767.607455,service-a-s9-deployment-5594fcdc45-k6k5l,service-a,433.074,2.656255
1789322767.7481961,service-a-s9-deployment-5594fcdc45-k6k5l,istio-proxy,136.707,
1789322769.093421,service-a-s9-deployment-5594fcdc45-k6k5l,service-a,490.002,2.578431
1789322769.2432508,service-a-s9-deployment-5594fcdc45-k6k5l,istio-proxy,153.301,
1789322770.4934342,service-a-s9-deployment-5594fcdc45-k6k5l,service-a,426.609,2.828287
1789322770.637644,service-a-s9-deployment-5594fcdc45-k6k5l,istio-proxy,122.774,
1789322771.93395,service-a-s9-deployment-5594fcdc45-k6k5l,service-a,439.048,2.379775
1789322772.0797381,service-a-s9-deployment-5594fcdc45-k6k5l,istio-proxy,135.386,
1789322773.3562582,service-a-s9-deployment-5594fcdc45-k6k5l,service-a,419.845,2.265087
1789322773.499101,service-a-s9-deployment-5594fcdc45-k6k5l,istio-proxy,137.519,
1789322774.744628,service-a-s9-deployment-5594fcdc45-k6k5l,service-a,401.591,2.426879
1789322774.8865018,service-a-s9-deployment-5594fcdc45-k6k5l,istio-proxy,125.344,
1789322776.131083,service-a-s9-deployment-5594fcdc45-k6k5l,service-a,399.908,2.295807
1789322776.291048,service-a-s9-deployment-5594fcdc45-k6k5l,istio-proxy,126.192,
1789322777.5489979,service-a-s9-deployment-5594fcdc45-k6k5l,service-a,417.445,2.119679
1789322777.6979818,service-a-s9-deployment-5594fcdc45-k6k5l,istio-proxy,124.695,
1789322778.948129,service-a-s9-deployment-5594fcdc45-k6k5l,service-a,420.164,2.666495
1789322779.0844631,service-a-s9-deployment-5594fcdc45-k6k5l,istio-proxy,131.370,
1789322780.3260229,service-a-s9-deployment-5594fcdc45-k6k5l,service-a,383.219,2.183167
1789322780.4698381,service-a-s9-deployment-5594fcdc45-k6k5l,istio-proxy,117.681,
1789322781.754771,service-a-s9-deployment-5594fcdc45-k6k5l,service-a,258.651,2.537471
1789322781.8969128,service-a-s9-deployment-5594fcdc45-k6k5l,istio-proxy,60.315,
