t_unix,t_rel_s,lambda_rps,eventloop_lag_p99_ms,mu_eff_rps,rho,latency_mean_ms,mode,decision,actuation_latency_ms,trigger_reason
1789322796.911,0.000,810.431,2.9880,3743.786,0.2165,0.3253,app,hold,,below_trigger(rho=0.216)
1789322798.921,2.010,777.010,2.9880,3697.470,0.2101,0.3253,app,hold,,below_trigger(rho=0.210)
1789322800.929,4.019,743.721,2.9880,3618.916,0.2055,0.3253,app,hold,,below_trigger(rho=0.206)
1789322802.937,6.026,710.466,2.9880,3517.841,0.2020,0.3253,app,hold,,below_trigger(rho=0.202)
1789322804.947,8.036,677.062,2.9880,3517.841,0.1925,0.3253,app,hold,,below_trigger(rho=0.192)
1789322806.955,10.045,643.773,2.9880,3517.841,0.1830,0.3253,app,hold,,below_trigger(rho=0.183)
1789322808.957,12.047,613.526,2.9880,3517.841,0.1744,0.3370,app,hold,,below_trigger(rho=0.174)
1789322810.961,14.050,580.111,2.9880,3517.841,0.1649,0.3370,app,hold,,below_trigger(rho=0.165)
1789322812.962,16.052,556.111,2.8058,6122.468,0.0908,0.3471,app,hold,,below_trigger(rho=0.091)
1789322814.972,18.062,523.692,2.8058,7732.347,0.0677,0.3490,app,hold,,below_trigger(rho=0.068)
1789322816.980,20.070,491.435,2.8058,8646.962,0.0568,0.3512,app,hold,,below_trigger(rho=0.057)
1789322818.981,22.070,459.209,2.8058,9075.104,0.0506,0.3537,app,hold,,below_trigger(rho=0.051)
1789322820.981,24.071,427.016,2.8058,9162.926,0.0466,0.3565,app,hold,,below_trigger(rho=0.047)
1789322822.982,26.071,394.822,2.8058,9012.526,0.0438,0.3598,app,hold,,below_trigger(rho=0.044)
1789322824.984,28.073,16.172,2.8058,9012.526,0.0018,0.9347,app,hold,,below_trigger(rho=0.002)
1789322826.984,30.074,21.319,3.1539,6412.660,0.0033,0.9090,app,hold,,below_trigger(rho=0.003)
1789322828.991,32.081,22.727,3.1539,4599.618,0.0049,0.9088,app,hold,,below_trigger(rho=0.005)
1789322830.997,34.086,24.134,3.1539,3337.343,0.0072,0.9087,app,hold,,below_trigger(rho=0.007)
1789322832.998,36.087,25.536,3.1539,2460.583,0.0104,0.9086,app,hold,,below_trigger(rho=0.010)
1789322834.999,38.088,26.940,3.1539,1853.692,0.0145,0.9085,app,hold,,below_trigger(rho=0.015)
1789322837.001,40.090,28.341,3.1539,1435.698,0.0197,0.9084,app,hold,,below_trigger(rho=0.020)
1789322839.008,42.098,29.750,3.1539,1149.969,0.0259,0.9083,app,hold,,below_trigger(rho=0.026)
1789322841.010,44.099,31.152,3.1539,956.790,0.0326,0.9082,app,hold,,below_trigger(rho=0.033)
1789322843.017,46.106,43.397,3.2911,809.637,0.0536,0.8184,app,hold,,below_trigger(rho=0.054)
1789322845.023,48.112,45.272,3.2911,712.671,0.0635,0.8184,app,hold,,below_trigger(rho=0.064)
1789322847.027,50.116,47.144,3.2911,650.831,0.0724,0.8183,app,hold,,below_trigger(rho=0.072)
1789322849.031,52.120,49.019,3.2911,613.587,0.0799,0.8183,app,hold,,below_trigger(rho=0.080)
1789322851.039,54.128,50.895,3.2911,593.561,0.0857,0.8182,app,hold,,below_trigger(rho=0.086)
1789322853.049,56.138,52.775,3.2911,585.606,0.0901,0.8182,app,hold,,below_trigger(rho=0.090)
1789322855.050,58.139,54.644,3.2911,586.060,0.0932,0.8182,app,hold,,below_trigger(rho=0.093)
1789322857.051,60.140,67.643,3.7622,618.756,0.1093,0.7616,app,hold,,below_trigger(rho=0.109)
1789322859.051,62.141,70.242,3.7622,649.655,0.1081,0.7606,app,hold,,below_trigger(rho=0.108)
1789322861.061,64.151,72.857,3.7622,679.343,0.1072,0.7598,app,hold,,below_trigger(rho=0.107)
1789322863.062,66.151,75.460,3.7622,708.148,0.1066,0.7589,app,hold,,below_trigger(rho=0.107)
1789322865.069,68.158,78.044,3.7622,736.280,0.1060,0.7360,app,hold,,below_trigger(rho=0.106)
1789322867.074,70.164,78.044,3.7622,755.972,0.1032,0.7360,app,hold,,below_trigger(rho=0.103)
1789322869.082,72.172,78.044,3.7622,769.756,0.1014,0.7360,app,hold,,below_trigger(rho=0.101)
1789322871.084,74.173,78.044,3.7622,779.405,0.1001,0.7360,app,hold,,below_trigger(rho=0.100)
1789322873.090,76.179,103.184,3.0638,817.481,0.1262,0.6786,app,hold,,below_trigger(rho=0.126)
1789322875.096,78.186,106.067,3.0638,851.729,0.1245,0.6603,app,hold,,below_trigger(rho=0.125)
1789322877.098,80.187,106.067,3.0638,875.703,0.1211,0.6603,app,hold,,below_trigger(rho=0.121)
1789322879.102,82.192,106.067,3.0638,892.485,0.1188,0.6603,app,hold,,below_trigger(rho=0.119)
1789322881.112,84.202,106.067,3.0638,904.232,0.1173,0.6603,app,hold,,below_trigger(rho=0.117)
1789322883.118,86.207,106.067,3.0638,912.455,0.1162,0.6603,app,hold,,below_trigger(rho=0.116)
1789322885.126,88.216,106.067,3.0638,918.211,0.1155,0.6603,app,hold,,below_trigger(rho=0.116)
1789322887.128,90.217,128.022,3.1601,1000.325,0.1280,0.6213,app,hold,,below_trigger(rho=0.128)
1789322889.133,92.222,128.022,3.1601,1057.804,0.1210,0.6213,app,hold,,below_trigger(rho=0.121)
1789322891.138,94.228,128.022,3.1601,1098.039,0.1166,0.6213,app,hold,,below_trigger(rho=0.117)
1789322893.146,96.235,128.022,3.1601,1126.204,0.1137,0.6213,app,hold,,below_trigger(rho=0.114)
1789322895.154,98.243,128.022,3.1601,1145.919,0.1117,0.6213,app,hold,,below_trigger(rho=0.112)
1789322897.156,100.245,128.022,3.1601,1159.720,0.1104,0.6213,app,hold,,below_trigger(rho=0.110)
1789322899.165,102.255,128.022,3.1601,1169.381,0.1095,0.6213,app,hold,,below_trigger(rho=0.109)
1789322901.167,104.256,128.022,3.1601,1176.143,0.1088,0.6213,app,hold,,below_trigger(rho=0.109)
1789322903.167,106.256,156.070,2.8672,1245.748,0.1253,0.5850,app,hold,,below_trigger(rho=0.125)
1789322905.171,108.260,156.070,2.8672,1294.471,0.1206,0.5850,app,hold,,below_trigger(rho=0.121)
1789322907.171,110.261,156.070,2.8672,1328.577,0.1175,0.5850,app,hold,,below_trigger(rho=0.117)
1789322909.172,112.261,156.070,2.8672,1352.451,0.1154,0.5850,app,hold,,below_trigger(rho=0.115)
1789322911.181,114.271,156.070,2.8672,1369.163,0.1140,0.5850,app,hold,,below_trigger(rho=0.114)
1789322913.182,116.272,156.070,2.8672,1380.862,0.1130,0.5850,app,hold,,below_trigger(rho=0.113)
1789322915.182,118.272,156.070,2.8672,1389.051,0.1124,0.5850,app,hold,,below_trigger(rho=0.112)
1789322917.185,120.275,178.044,2.2548,1286.412,0.1384,0.5577,app,hold,,below_trigger(rho=0.138)
1789322919.195,122.284,178.044,2.2548,1214.566,0.1466,0.5577,app,hold,,below_trigger(rho=0.147)
1789322921.195,124.284,178.044,2.2548,1164.273,0.1529,0.5577,app,hold,,below_trigger(rho=0.153)
1789322923.203,126.293,178.044,2.2548,1129.068,0.1577,0.5577,app,hold,,below_trigger(rho=0.158)
1789322925.206,128.296,178.044,2.2548,1104.424,0.1612,0.5577,app,hold,,below_trigger(rho=0.161)
1789322927.214,130.303,178.044,2.2548,1087.174,0.1638,0.5577,app,hold,,below_trigger(rho=0.164)
1789322929.214,132.303,178.044,2.2548,1075.099,0.1656,0.5577,app,hold,,below_trigger(rho=0.166)
1789322931.214,134.303,178.044,2.2548,1066.646,0.1669,0.5577,app,hold,,below_trigger(rho=0.167)
1789322933.221,136.311,206.108,3.1560,1202.830,0.1714,0.5380,app,hold,,below_trigger(rho=0.171)
1789322935.223,138.313,206.108,3.1560,1298.159,0.1588,0.5380,app,hold,,below_trigger(rho=0.159)
1789322937.230,140.319,206.108,3.1560,1364.889,0.1510,0.5380,app,hold,,below_trigger(rho=0.151)
1789322939.235,142.324,206.108,3.1560,1411.600,0.1460,0.5380,app,hold,,below_trigger(rho=0.146)
1789322941.245,144.334,206.108,3.1560,1444.298,0.1427,0.5380,app,hold,,below_trigger(rho=0.143)
1789322943.245,146.334,206.108,3.1560,1467.186,0.1405,0.5380,app,hold,,below_trigger(rho=0.140)
1789322945.246,148.336,206.108,3.1560,1483.208,0.1390,0.5380,app,hold,,below_trigger(rho=0.139)
1789322947.249,150.339,228.058,3.1539,1496.993,0.1523,0.5231,app,hold,,below_trigger(rho=0.152)
1789322949.251,152.340,228.058,3.1539,1506.643,0.1514,0.5231,app,hold,,below_trigger(rho=0.151)
1789322951.252,154.342,228.058,3.1539,1513.398,0.1507,0.5231,app,hold,,below_trigger(rho=0.151)
1789322953.253,156.342,228.058,3.1539,1518.126,0.1502,0.5231,app,hold,,below_trigger(rho=0.150)
1789322955.253,158.343,228.058,3.1539,1521.436,0.1499,0.5231,app,hold,,below_trigger(rho=0.150)
1789322957.258,160.348,228.058,3.1539,1523.753,0.1497,0.5231,app,hold,,below_trigger(rho=0.150)
1789322959.261,162.350,228.058,3.1539,1525.375,0.1495,0.5231,app,hold,,below_trigger(rho=0.150)
1789322961.270,164.360,228.058,3.1539,1526.510,0.1494,0.5231,app,hold,,below_trigger(rho=0.149)
1789322963.275,166.365,256.112,2.8447,1510.889,0.1695,0.5019,app,hold,,below_trigger(rho=0.170)
1789322965.284,168.374,256.112,2.8447,1499.953,0.1707,0.5019,app,hold,,below_trigger(rho=0.171)
1789322967.286,170.375,256.112,2.8447,1492.299,0.1716,0.5019,app,hold,,below_trigger(rho=0.172)
1789322969.292,172.382,256.112,2.8447,1486.941,0.1722,0.5019,app,hold,,below_trigger(rho=0.172)
1789322971.295,174.384,256.112,2.8447,1483.190,0.1727,0.5019,app,hold,,below_trigger(rho=0.173)
1789322973.302,176.392,256.112,2.8447,1480.564,0.1730,0.5019,app,hold,,below_trigger(rho=0.173)
1789322975.303,178.393,256.112,2.8447,1478.727,0.1732,0.5019,app,hold,,below_trigger(rho=0.173)
1789322977.303,180.393,278.044,2.5580,1579.388,0.1760,0.4803,app,hold,,below_trigger(rho=0.176)
1789322979.313,182.403,278.044,2.5580,1649.852,0.1685,0.4803,app,hold,,below_trigger(rho=0.169)
1789322981.320,184.410,278.044,2.5580,1699.176,0.1636,0.4803,app,hold,,below_trigger(rho=0.164)
1789322983.325,186.415,278.044,2.5580,1733.703,0.1604,0.4803,app,hold,,below_trigger(rho=0.160)
1789322985.334,188.424,278.044,2.5580,1757.872,0.1582,0.4803,app,hold,,below_trigger(rho=0.158)
1789322987.342,190.431,278.044,2.5580,1774.790,0.1567,0.4803,app,hold,,below_trigger(rho=0.157)
1789322989.343,192.433,278.044,2.5580,1786.633,0.1556,0.4803,app,hold,,below_trigger(rho=0.156)
1789322991.343,194.433,278.044,2.5580,1794.923,0.1549,0.4803,app,hold,,below_trigger(rho=0.155)
1789322993.344,196.433,306.102,3.1027,1664.075,0.1839,0.4734,app,hold,,below_trigger(rho=0.184)
1789322995.345,198.434,306.102,3.1027,1572.482,0.1947,0.4734,app,hold,,below_trigger(rho=0.195)
1789322997.346,200.435,306.102,3.1027,1508.367,0.2029,0.4734,app,hold,,below_trigger(rho=0.203)
1789322999.351,202.440,306.102,3.1027,1463.486,0.2092,0.4734,app,hold,,below_trigger(rho=0.209)
1789323001.355,204.444,306.102,3.1027,1432.070,0.2137,0.4734,app,hold,,below_trigger(rho=0.214)
1789323003.356,206.446,306.102,3.1027,1410.078,0.2171,0.4734,app,hold,,below_trigger(rho=0.217)
1789323005.365,208.454,306.102,3.1027,1394.684,0.2195,0.4734,app,hold,,below_trigger(rho=0.219)
1789323007.372,210.461,328.074,3.2092,1541.046,0.2129,0.4679,app,hold,,below_trigger(rho=0.213)
1789323009.372,212.461,328.074,3.2092,1643.500,0.1996,0.4679,app,hold,,below_trigger(rho=0.200)
1789323011.374,214.464,328.074,3.2092,1715.217,0.1913,0.4679,app,hold,,below_trigger(rho=0.191)
1789323013.380,216.470,328.074,3.2092,1765.419,0.1858,0.4679,app,hold,,below_trigger(rho=0.186)
1789323015.385,218.474,328.074,3.2092,1800.561,0.1822,0.4679,app,hold,,below_trigger(rho=0.182)
1789323017.387,220.477,328.074,3.2092,1825.160,0.1798,0.4679,app,hold,,below_trigger(rho=0.180)
1789323019.393,222.482,328.074,3.2092,1842.379,0.1781,0.4679,app,hold,,below_trigger(rho=0.178)
1789323021.394,224.483,328.074,3.2092,1854.433,0.1769,0.4679,app,hold,,below_trigger(rho=0.177)
1789323023.400,226.490,356.119,3.1744,1824.590,0.1952,0.4627,app,hold,,below_trigger(rho=0.195)
1789323025.403,228.492,356.119,3.1744,1803.699,0.1974,0.4627,app,hold,,below_trigger(rho=0.197)
1789323027.404,230.493,356.119,3.1744,1789.076,0.1991,0.4627,app,hold,,below_trigger(rho=0.199)
1789323029.405,232.495,356.119,3.1744,1778.839,0.2002,0.4627,app,hold,,below_trigger(rho=0.200)
1789323031.415,234.505,356.119,3.1744,1771.674,0.2010,0.4627,app,hold,,below_trigger(rho=0.201)
1789323033.416,236.505,356.119,3.1744,1766.658,0.2016,0.4627,app,hold,,below_trigger(rho=0.202)
1789323035.418,238.507,356.119,3.1744,1763.147,0.2020,0.4627,app,hold,,below_trigger(rho=0.202)
1789323037.425,240.514,378.044,3.1560,1774.360,0.2131,0.4469,app,hold,,below_trigger(rho=0.213)
1789323039.431,242.520,378.044,3.1560,1782.209,0.2121,0.4469,app,hold,,below_trigger(rho=0.212)
1789323041.431,244.521,378.044,3.1560,1787.703,0.2115,0.4469,app,hold,,below_trigger(rho=0.211)
1789323043.439,246.528,378.044,3.1560,1791.549,0.2110,0.4469,app,hold,,below_trigger(rho=0.211)
1789323045.449,248.538,378.044,3.1560,1794.241,0.2107,0.4469,app,hold,,below_trigger(rho=0.211)
1789323047.449,250.538,378.044,3.1560,1796.125,0.2105,0.4469,app,hold,,below_trigger(rho=0.210)
1789323049.449,252.539,378.044,3.1560,1797.444,0.2103,0.4469,app,hold,,below_trigger(rho=0.210)
1789323051.457,254.546,378.044,3.1560,1798.368,0.2102,0.4469,app,hold,,below_trigger(rho=0.210)
1789323053.460,256.549,406.076,3.6557,1747.009,0.2324,0.4365,app,hold,,below_trigger(rho=0.232)
1789323055.462,258.551,406.076,3.6557,1711.058,0.2373,0.4365,app,hold,,below_trigger(rho=0.237)
1789323057.469,260.558,406.076,3.6557,1685.892,0.2409,0.4365,app,hold,,below_trigger(rho=0.241)
1789323059.475,262.564,406.076,3.6557,1668.276,0.2434,0.4365,app,hold,,below_trigger(rho=0.243)
1789323061.482,264.572,406.076,3.6557,1655.945,0.2452,0.4365,app,hold,,below_trigger(rho=0.245)
1789323063.488,266.578,406.076,3.6557,1647.313,0.2465,0.4365,app,hold,,below_trigger(rho=0.247)
1789323065.489,268.578,406.076,3.6557,1641.271,0.2474,0.4365,app,hold,,below_trigger(rho=0.247)
1789323067.492,270.582,428.022,3.0556,1768.469,0.2420,0.4268,app,hold,,below_trigger(rho=0.242)
1789323069.495,272.584,428.022,3.0556,1857.508,0.2304,0.4268,app,hold,,below_trigger(rho=0.230)
1789323071.496,274.585,428.022,3.0556,1919.835,0.2229,0.4268,app,hold,,below_trigger(rho=0.223)
1789323073.506,276.595,428.022,3.0556,1963.464,0.2180,0.4268,app,hold,,below_trigger(rho=0.218)
1789323075.508,278.597,428.022,3.0556,1994.004,0.2147,0.4268,app,hold,,below_trigger(rho=0.215)
1789323077.508,280.598,428.022,3.0556,2015.382,0.2124,0.4268,app,hold,,below_trigger(rho=0.212)
1789323079.511,282.600,428.022,3.0556,2030.347,0.2108,0.4268,app,hold,,below_trigger(rho=0.211)
1789323081.514,284.604,428.022,3.0556,2040.822,0.2097,0.4268,app,hold,,below_trigger(rho=0.210)
1789323083.516,286.605,456.101,2.6952,2008.399,0.2271,0.4197,app,hold,,below_trigger(rho=0.227)
1789323085.517,288.606,456.101,2.6952,1985.702,0.2297,0.4197,app,hold,,below_trigger(rho=0.230)
1789323087.517,290.607,456.101,2.6952,1969.815,0.2315,0.4197,app,hold,,below_trigger(rho=0.232)
1789323089.520,292.609,456.101,2.6952,1958.694,0.2329,0.4197,app,hold,,below_trigger(rho=0.233)
1789323091.525,294.614,456.101,2.6952,1950.909,0.2338,0.4197,app,hold,,below_trigger(rho=0.234)
1789323093.526,296.615,456.101,2.6952,1945.459,0.2344,0.4197,app,hold,,below_trigger(rho=0.234)
1789323095.534,298.623,456.101,2.6952,1941.645,0.2349,0.4197,app,hold,,below_trigger(rho=0.235)
1789323097.539,300.628,478.067,2.8324,1992.091,0.2400,0.4092,app,hold,,below_trigger(rho=0.240)
1789323099.539,302.629,478.067,2.8324,2027.404,0.2358,0.4092,app,hold,,below_trigger(rho=0.236)
1789323101.549,304.639,478.067,2.8324,2052.123,0.2330,0.4092,app,hold,,below_trigger(rho=0.233)
1789323103.553,306.642,478.067,2.8324,2069.426,0.2310,0.4092,app,hold,,below_trigger(rho=0.231)
1789323105.559,308.648,478.067,2.8324,2081.538,0.2297,0.4092,app,hold,,below_trigger(rho=0.230)
1789323107.565,310.655,478.067,2.8324,2090.017,0.2287,0.4092,app,hold,,below_trigger(rho=0.229)
1789323109.572,312.661,478.067,2.8324,2095.952,0.2281,0.4092,app,hold,,below_trigger(rho=0.228)
1789323111.580,314.669,478.067,2.8324,2100.107,0.2276,0.4092,app,hold,,below_trigger(rho=0.228)
1789323113.585,316.674,506.111,2.5682,2111.176,0.2397,0.3989,app,hold,,below_trigger(rho=0.240)
1789323115.595,318.684,506.111,2.5682,2118.924,0.2389,0.3989,app,hold,,below_trigger(rho=0.239)
1789323117.596,320.685,506.111,2.5682,2124.349,0.2382,0.3989,app,hold,,below_trigger(rho=0.238)
1789323119.602,322.692,506.111,2.5682,2128.145,0.2378,0.3989,app,hold,,below_trigger(rho=0.238)
1789323121.603,324.692,506.111,2.5682,2130.803,0.2375,0.3989,app,hold,,below_trigger(rho=0.238)
1789323123.604,326.693,506.111,2.5682,2132.664,0.2373,0.3989,app,hold,,below_trigger(rho=0.237)
1789323125.606,328.696,506.111,2.5682,2133.966,0.2372,0.3989,app,hold,,below_trigger(rho=0.237)
1789323127.616,330.705,528.034,2.6644,2130.512,0.2478,0.3894,app,hold,,below_trigger(rho=0.248)
1789323129.626,332.715,528.034,2.6644,2128.094,0.2481,0.3894,app,hold,,below_trigger(rho=0.248)
1789323131.630,334.719,528.034,2.6644,2126.402,0.2483,0.3894,app,hold,,below_trigger(rho=0.248)
1789323133.638,336.727,528.034,2.6644,2125.217,0.2485,0.3894,app,hold,,below_trigger(rho=0.248)
1789323135.640,338.729,528.034,2.6644,2124.388,0.2486,0.3894,app,hold,,below_trigger(rho=0.249)
1789323137.640,340.729,528.034,2.6644,2123.808,0.2486,0.3894,app,hold,,below_trigger(rho=0.249)
1789323139.641,342.730,528.034,2.6644,2123.401,0.2487,0.3894,app,hold,,below_trigger(rho=0.249)
1789323141.641,344.730,542.033,2.6644,2112.634,0.2566,0.3816,app,hold,,below_trigger(rho=0.257)
1789323143.643,346.732,556.111,2.3613,2121.361,0.2621,0.3816,app,hold,,below_trigger(rho=0.262)
1789323145.652,348.741,556.111,2.3613,2127.471,0.2614,0.3816,app,hold,,below_trigger(rho=0.261)
1789323147.658,350.747,556.111,2.3613,2131.747,0.2609,0.3816,app,hold,,below_trigger(rho=0.261)
1789323149.661,352.750,556.111,2.3613,2134.741,0.2605,0.3816,app,hold,,below_trigger(rho=0.261)
1789323151.663,354.752,556.111,2.3613,2136.836,0.2602,0.3816,app,hold,,below_trigger(rho=0.260)
1789323153.663,356.752,556.111,2.3613,2138.303,0.2601,0.3816,app,hold,,below_trigger(rho=0.260)
1789323155.667,358.756,556.111,2.3613,2139.330,0.2599,0.3816,app,hold,,below_trigger(rho=0.260)
1789323157.668,360.757,578.032,2.3368,2179.749,0.2652,0.3739,app,hold,,below_trigger(rho=0.265)
1789323159.676,362.765,578.032,2.3368,2208.042,0.2618,0.3739,app,hold,,below_trigger(rho=0.262)
1789323161.678,364.768,578.032,2.3368,2227.848,0.2595,0.3739,app,hold,,below_trigger(rho=0.259)
1789323163.687,366.776,578.032,2.3368,2241.711,0.2579,0.3739,app,hold,,below_trigger(rho=0.258)
1789323165.695,368.785,578.032,2.3368,2251.416,0.2567,0.3739,app,hold,,below_trigger(rho=0.257)
1789323167.696,370.785,578.032,2.3368,2258.209,0.2560,0.3739,app,hold,,below_trigger(rho=0.256)
1789323169.700,372.789,578.032,2.3368,2262.965,0.2554,0.3739,app,hold,,below_trigger(rho=0.255)
1789323171.704,374.793,606.111,3.1437,2233.051,0.2714,0.3649,app,hold,,below_trigger(rho=0.271)
1789323173.704,376.793,606.111,3.1437,2212.112,0.2740,0.3649,app,hold,,below_trigger(rho=0.274)
1789323175.706,378.795,606.111,3.1437,2197.455,0.2758,0.3649,app,hold,,below_trigger(rho=0.276)
1789323177.707,380.796,606.111,3.1437,2187.194,0.2771,0.3649,app,hold,,below_trigger(rho=0.277)
1789323179.717,382.806,606.111,3.1437,2180.012,0.2780,0.3649,app,hold,,below_trigger(rho=0.278)
1789323181.717,384.806,606.111,3.1437,2174.985,0.2787,0.3649,app,hold,,below_trigger(rho=0.279)
1789323183.717,386.807,606.111,3.1437,2171.465,0.2791,0.3649,app,hold,,below_trigger(rho=0.279)
1789323185.724,388.813,606.111,3.1437,2169.002,0.2794,0.3649,app,hold,,below_trigger(rho=0.279)
1789323187.733,390.823,628.044,3.2317,2090.370,0.3004,0.3678,app,hold,,below_trigger(rho=0.300)
1789323189.735,392.824,628.044,3.2317,2035.328,0.3086,0.3678,app,hold,,below_trigger(rho=0.309)
1789323191.736,394.825,628.044,3.2317,1996.798,0.3145,0.3678,app,hold,,below_trigger(rho=0.315)
1789323193.745,396.835,628.044,3.2317,1969.827,0.3188,0.3678,app,hold,,below_trigger(rho=0.319)
1789323195.746,398.835,628.044,3.2317,1950.948,0.3219,0.3678,app,hold,,below_trigger(rho=0.322)
1789323197.751,400.840,628.044,3.2317,1937.732,0.3241,0.3678,app,hold,,below_trigger(rho=0.324)
1789323199.753,402.842,628.044,3.2317,1928.481,0.3257,0.3678,app,hold,,below_trigger(rho=0.326)
1789323201.756,404.845,656.081,2.1586,2108.198,0.3112,0.3643,app,hold,,below_trigger(rho=0.311)
1789323203.758,406.847,656.081,2.1586,2233.999,0.2937,0.3643,app,hold,,below_trigger(rho=0.294)
1789323205.764,408.853,656.081,2.1586,2322.060,0.2825,0.3643,app,hold,,below_trigger(rho=0.283)
1789323207.772,410.862,656.081,2.1586,2383.703,0.2752,0.3643,app,hold,,below_trigger(rho=0.275)
1789323209.776,412.865,656.081,2.1586,2426.853,0.2703,0.3643,app,hold,,below_trigger(rho=0.270)
1789323211.786,414.875,656.081,2.1586,2457.058,0.2670,0.3643,app,hold,,below_trigger(rho=0.267)
1789323213.789,416.878,656.081,2.1586,2478.202,0.2647,0.3643,app,hold,,below_trigger(rho=0.265)
1789323215.789,418.879,656.081,2.1586,2493.002,0.2632,0.3643,app,hold,,below_trigger(rho=0.263)
1789323217.792,420.881,678.029,2.9983,2456.320,0.2760,0.3555,app,hold,,below_trigger(rho=0.276)
1789323219.793,422.883,678.029,2.9983,2430.643,0.2790,0.3555,app,hold,,below_trigger(rho=0.279)
1789323221.796,424.885,678.029,2.9983,2412.668,0.2810,0.3555,app,hold,,below_trigger(rho=0.281)
1789323223.797,426.886,678.029,2.9983,2400.086,0.2825,0.3555,app,hold,,below_trigger(rho=0.283)
1789323225.800,428.889,678.029,2.9983,2391.279,0.2835,0.3555,app,hold,,below_trigger(rho=0.284)
1789323227.804,430.893,678.029,2.9983,2385.114,0.2843,0.3555,app,hold,,below_trigger(rho=0.284)
1789323229.804,432.893,678.029,2.9983,2380.798,0.2848,0.3555,app,hold,,below_trigger(rho=0.285)
1789323231.812,434.902,706.044,1.8340,2424.913,0.2912,0.3379,app,hold,,below_trigger(rho=0.291)
1789323233.817,436.906,706.044,1.8340,2455.792,0.2875,0.3379,app,hold,,below_trigger(rho=0.288)
1789323235.822,438.911,706.044,1.8340,2477.408,0.2850,0.3379,app,hold,,below_trigger(rho=0.285)
1789323237.830,440.919,706.044,1.8340,2492.540,0.2833,0.3379,app,hold,,below_trigger(rho=0.283)
1789323239.837,442.927,706.044,1.8340,2503.131,0.2821,0.3379,app,hold,,below_trigger(rho=0.282)
1789323241.844,444.933,706.044,1.8340,2510.546,0.2812,0.3379,app,hold,,below_trigger(rho=0.281)
1789323243.850,446.939,706.044,1.8340,2515.736,0.2807,0.3379,app,hold,,below_trigger(rho=0.281)
1789323245.850,448.939,706.044,1.8340,2519.369,0.2802,0.3379,app,hold,,below_trigger(rho=0.280)
1789323247.854,450.943,728.044,2.0306,2476.599,0.2940,0.3283,app,hold,,below_trigger(rho=0.294)
1789323249.856,452.945,728.044,2.0306,2446.660,0.2976,0.3283,app,hold,,below_trigger(rho=0.298)
1789323251.857,454.946,728.044,2.0306,2425.703,0.3001,0.3283,app,hold,,below_trigger(rho=0.300)
1789323253.862,456.951,728.044,2.0306,2411.034,0.3020,0.3283,app,hold,,below_trigger(rho=0.302)
1789323255.862,458.951,728.044,2.0306,2400.765,0.3033,0.3283,app,hold,,below_trigger(rho=0.303)
1789323257.872,460.961,728.044,2.0306,2393.576,0.3042,0.3283,app,hold,,below_trigger(rho=0.304)
1789323259.875,462.964,728.044,2.0306,2388.545,0.3048,0.3283,app,hold,,below_trigger(rho=0.305)
1789323261.883,464.973,756.106,1.9487,2465.541,0.3067,0.3271,app,hold,,below_trigger(rho=0.307)
1789323263.888,466.977,756.106,1.9487,2519.438,0.3001,0.3271,app,hold,,below_trigger(rho=0.300)
1789323265.888,468.978,756.106,1.9487,2557.166,0.2957,0.3271,app,hold,,below_trigger(rho=0.296)
1789323267.889,470.978,756.106,1.9487,2583.576,0.2927,0.3271,app,hold,,below_trigger(rho=0.293)
1789323269.890,472.979,756.106,1.9487,2602.062,0.2906,0.3271,app,hold,,below_trigger(rho=0.291)
1789323271.895,474.985,756.106,1.9487,2615.003,0.2891,0.3271,app,hold,,below_trigger(rho=0.289)
1789323273.900,476.990,756.106,1.9487,2624.062,0.2881,0.3271,app,hold,,below_trigger(rho=0.288)
1789323275.901,478.990,756.106,1.9487,2630.403,0.2874,0.3271,app,hold,,below_trigger(rho=0.287)
1789323277.903,480.992,778.044,2.0050,2594.721,0.2999,0.3289,app,hold,,below_trigger(rho=0.300)
1789323279.903,482.993,778.044,2.0050,2569.743,0.3028,0.3289,app,hold,,below_trigger(rho=0.303)
1789323281.904,484.993,778.044,2.0050,2552.259,0.3048,0.3289,app,hold,,below_trigger(rho=0.305)
1789323283.907,486.996,778.044,2.0050,2540.020,0.3063,0.3289,app,hold,,below_trigger(rho=0.306)
1789323285.908,488.997,778.044,2.0050,2531.452,0.3074,0.3289,app,hold,,below_trigger(rho=0.307)
1789323287.910,491.000,778.044,2.0050,2525.455,0.3081,0.3289,app,hold,,below_trigger(rho=0.308)
1789323289.913,493.003,778.044,2.0050,2521.257,0.3086,0.3289,app,hold,,below_trigger(rho=0.309)
1789323291.914,495.003,623.814,2.8078,5630.586,0.1108,0.3376,app,hold,,below_trigger(rho=0.111)
1789323293.914,497.003,623.814,2.8078,7807.116,0.0799,0.3376,app,hold,,below_trigger(rho=0.080)
1789323295.917,499.007,623.814,2.8078,9330.687,0.0669,0.3376,app,hold,,below_trigger(rho=0.067)
1789323297.919,501.009,623.814,2.8078,10397.187,0.0600,0.3376,app,hold,,below_trigger(rho=0.060)
1789323299.923,503.012,623.814,2.8078,11143.737,0.0560,0.3376,app,hold,,below_trigger(rho=0.056)
1789323301.926,505.016,623.814,2.8078,11666.321,0.0535,0.3376,app,hold,,below_trigger(rho=0.053)
1789323303.933,507.023,623.814,2.8078,12032.131,0.0518,0.3376,app,hold,,below_trigger(rho=0.052)
1789323305.940,509.030,623.814,2.8078,12288.197,0.0508,0.3376,app,hold,,below_trigger(rho=0.051)
1789323307.943,511.032,379.075,3.0966,10532.925,0.0360,0.3645,app,hold,,below_trigger(rho=0.036)
1789323309.949,513.039,379.075,3.0966,9304.234,0.0407,0.3645,app,hold,,below_trigger(rho=0.041)
1789323311.958,515.047,379.075,3.0966,8444.151,0.0449,0.3645,app,hold,,below_trigger(rho=0.045)
1789323313.960,517.050,379.075,3.0966,7842.093,0.0483,0.3645,app,hold,,below_trigger(rho=0.048)
1789323315.965,519.055,379.075,3.0966,7420.652,0.0511,0.3645,app,hold,,below_trigger(rho=0.051)
1789323317.967,521.057,379.075,3.0966,7125.643,0.0532,0.3645,app,hold,,below_trigger(rho=0.053)
1789323319.969,523.059,379.075,3.0966,6919.137,0.0548,0.3645,app,hold,,below_trigger(rho=0.055)
1789323321.978,525.067,129.089,2.9368,5733.635,0.0225,0.4884,app,hold,,below_trigger(rho=0.023)
1789323323.985,527.075,129.089,2.9368,4903.783,0.0263,0.4884,app,hold,,below_trigger(rho=0.026)
1789323325.988,529.078,129.089,2.9368,4322.887,0.0299,0.4884,app,hold,,below_trigger(rho=0.030)
1789323327.995,531.084,129.089,2.9368,3916.259,0.0330,0.4884,app,hold,,below_trigger(rho=0.033)
1789323330.001,533.090,129.089,2.9368,3631.620,0.0355,0.4884,app,hold,,below_trigger(rho=0.036)
1789323332.002,535.092,129.089,2.9368,3432.373,0.0376,0.4884,app,hold,,below_trigger(rho=0.038)
1789323334.008,537.097,129.089,2.9368,3292.900,0.0392,0.4884,app,hold,,below_trigger(rho=0.039)
1789323336.008,539.097,129.089,2.9368,3195.269,0.0404,0.4884,app,hold,,below_trigger(rho=0.040)
1789323338.012,541.101,49.999,0.0005,2251.688,0.0222,0.8064,app,hold,,below_trigger(rho=0.022)
1789323340.015,543.104,49.999,0.0005,1591.181,0.0314,0.8064,app,hold,,below_trigger(rho=0.031)
1789323342.024,545.113,49.999,0.0005,1128.826,0.0443,0.8064,app,hold,,below_trigger(rho=0.044)
1789323344.033,547.123,49.999,0.0005,805.178,0.0621,0.8064,app,hold,,below_trigger(rho=0.062)
1789323346.035,549.124,49.999,0.0005,578.624,0.0864,0.8064,app,hold,,below_trigger(rho=0.086)
1789323348.038,551.127,49.999,0.0005,420.037,0.1190,0.8064,app,hold,,below_trigger(rho=0.119)
1789323350.045,553.134,49.999,0.0005,309.025,0.1618,0.8064,app,hold,,below_trigger(rho=0.162)
1789323352.049,555.138,49.999,2.8385,496.769,0.1006,0.8088,app,hold,,below_trigger(rho=0.101)
1789323354.058,557.147,49.999,2.8385,628.190,0.0796,0.8088,app,hold,,below_trigger(rho=0.080)
1789323356.065,559.154,49.999,2.8385,720.184,0.0694,0.8088,app,hold,,below_trigger(rho=0.069)
1789323358.071,561.160,49.999,2.8385,784.580,0.0637,0.8088,app,hold,,below_trigger(rho=0.064)
1789323360.076,563.165,49.999,2.8385,829.658,0.0603,0.8088,app,hold,,below_trigger(rho=0.060)
1789323362.085,565.175,49.999,2.8385,861.212,0.0581,0.8088,app,hold,,below_trigger(rho=0.058)
1789323364.095,567.184,49.999,2.8385,883.300,0.0566,0.8088,app,hold,,below_trigger(rho=0.057)
1789323366.101,569.190,49.999,2.8385,898.761,0.0556,0.8088,app,hold,,below_trigger(rho=0.056)
1789323368.104,571.194,50.000,2.8856,936.862,0.0534,0.8140,app,hold,,below_trigger(rho=0.053)
1789323370.112,573.202,50.000,2.8856,963.533,0.0519,0.8140,app,hold,,below_trigger(rho=0.052)
1789323372.121,575.210,50.000,2.8856,982.202,0.0509,0.8140,app,hold,,below_trigger(rho=0.051)
1789323374.128,577.217,50.000,2.8856,995.271,0.0502,0.8140,app,hold,,below_trigger(rho=0.050)
1789323376.133,579.222,50.000,2.8856,1004.419,0.0498,0.8140,app,hold,,below_trigger(rho=0.050)
1789323378.140,581.229,50.000,2.8856,1010.823,0.0495,0.8140,app,hold,,below_trigger(rho=0.049)
1789323380.142,583.231,50.000,2.8856,1015.305,0.0492,0.8140,app,hold,,below_trigger(rho=0.049)
1789323382.149,585.239,50.000,3.2891,960.929,0.0520,0.8023,app,hold,,below_trigger(rho=0.052)
1789323384.159,587.248,50.000,3.2891,922.866,0.0542,0.8023,app,hold,,below_trigger(rho=0.054)
1789323386.167,589.256,50.000,3.2891,896.222,0.0558,0.8023,app,hold,,below_trigger(rho=0.056)
1789323388.168,591.257,50.000,3.2891,877.571,0.0570,0.8023,app,hold,,below_trigger(rho=0.057)
1789323390.175,593.264,50.000,3.2891,864.516,0.0578,0.8023,app,hold,,below_trigger(rho=0.058)
1789323392.183,595.273,50.000,3.2891,855.377,0.0585,0.8023,app,hold,,below_trigger(rho=0.058)
1789323394.187,597.276,50.000,3.2891,848.979,0.0589,0.8023,app,hold,,below_trigger(rho=0.059)
1789323396.192,599.281,50.000,3.2891,844.501,0.0592,0.8023,app,hold,,below_trigger(rho=0.059)
1789323398.196,601.286,49.997,3.0884,903.424,0.0553,0.8158,app,hold,,below_trigger(rho=0.055)
1789323400.201,603.290,49.997,3.0884,944.670,0.0529,0.8158,app,hold,,below_trigger(rho=0.053)
1789323402.202,605.292,49.997,3.0884,973.542,0.0514,0.8158,app,hold,,below_trigger(rho=0.051)
1789323404.206,607.296,49.997,3.0884,993.752,0.0503,0.8158,app,hold,,below_trigger(rho=0.050)
1789323406.215,609.304,49.997,3.0884,1007.899,0.0496,0.8158,app,hold,,below_trigger(rho=0.050)
1789323408.217,611.307,49.997,3.0884,1017.803,0.0491,0.8158,app,hold,,below_trigger(rho=0.049)
1789323410.227,613.316,49.997,3.0884,1024.735,0.0488,0.8158,app,hold,,below_trigger(rho=0.049)
1789323412.231,615.320,50.000,3.3219,987.228,0.0506,0.8226,app,hold,,below_trigger(rho=0.051)
1789323414.240,617.329,50.000,3.3219,960.974,0.0520,0.8226,app,hold,,below_trigger(rho=0.052)
1789323416.242,619.331,50.000,3.3219,942.596,0.0530,0.8226,app,hold,,below_trigger(rho=0.053)
1789323418.243,621.333,50.000,3.3219,929.731,0.0538,0.8226,app,hold,,below_trigger(rho=0.054)
1789323420.244,623.333,50.000,3.3219,920.726,0.0543,0.8226,app,hold,,below_trigger(rho=0.054)
1789323422.245,625.335,50.000,3.3219,914.422,0.0547,0.8226,app,hold,,below_trigger(rho=0.055)
1789323424.250,627.340,50.000,3.3219,910.009,0.0549,0.8226,app,hold,,below_trigger(rho=0.055)
1789323426.260,629.350,50.000,3.3219,906.921,0.0551,0.8226,app,hold,,below_trigger(rho=0.055)
1789323428.267,631.356,49.999,3.2174,880.185,0.0568,0.8173,app,hold,,below_trigger(rho=0.057)
1789323430.269,633.358,49.999,3.2174,861.470,0.0580,0.8173,app,hold,,below_trigger(rho=0.058)
1789323432.275,635.364,49.999,3.2174,848.369,0.0589,0.8173,app,hold,,below_trigger(rho=0.059)
1789323434.282,637.371,49.999,3.2174,839.199,0.0596,0.8173,app,hold,,below_trigger(rho=0.060)
1789323436.287,639.376,49.999,3.2174,832.780,0.0600,0.8173,app,hold,,below_trigger(rho=0.060)
1789323438.292,641.382,49.999,3.2174,828.286,0.0604,0.8173,app,hold,,below_trigger(rho=0.060)
1789323440.302,643.392,49.999,3.2174,825.141,0.0606,0.8173,app,hold,,below_trigger(rho=0.061)
1789323442.312,645.402,50.002,2.7361,916.202,0.0546,0.8099,app,hold,,below_trigger(rho=0.055)
1789323444.315,647.405,50.002,2.7361,979.945,0.0510,0.8099,app,hold,,below_trigger(rho=0.051)
1789323446.318,649.408,50.002,2.7361,1024.565,0.0488,0.8099,app,hold,,below_trigger(rho=0.049)
1789323448.325,651.415,50.002,2.7361,1055.799,0.0474,0.8099,app,hold,,below_trigger(rho=0.047)
1789323450.331,653.420,50.002,2.7361,1077.663,0.0464,0.8099,app,hold,,below_trigger(rho=0.046)
1789323452.340,655.430,50.002,2.7361,1092.967,0.0457,0.8099,app,hold,,below_trigger(rho=0.046)
1789323454.342,657.431,50.002,2.7361,1103.681,0.0453,0.8099,app,hold,,below_trigger(rho=0.045)
1789323456.348,659.438,50.002,2.7361,1111.180,0.0450,0.8099,app,hold,,below_trigger(rho=0.045)
1789323458.355,661.445,50.001,2.9819,1085.959,0.0460,0.7959,app,hold,,below_trigger(rho=0.046)
1789323460.363,663.452,50.001,2.9819,1068.305,0.0468,0.7959,app,hold,,below_trigger(rho=0.047)
1789323462.367,665.457,50.001,2.9819,1055.946,0.0474,0.7959,app,hold,,below_trigger(rho=0.047)
1789323464.376,667.466,50.001,2.9819,1047.296,0.0477,0.7959,app,hold,,below_trigger(rho=0.048)
1789323466.387,669.476,50.001,2.9819,1041.240,0.0480,0.7959,app,hold,,below_trigger(rho=0.048)
1789323468.393,671.483,50.001,2.9819,1037.001,0.0482,0.7959,app,hold,,below_trigger(rho=0.048)
1789323470.403,673.493,50.001,2.9819,1034.034,0.0484,0.7959,app,hold,,below_trigger(rho=0.048)
1789323472.403,675.493,39.202,3.0044,1034.034,0.0379,0.8033,app,hold,,below_trigger(rho=0.038)
1789323474.406,677.495,39.202,3.0044,1034.034,0.0379,0.8033,app,hold,,below_trigger(rho=0.038)
1789323476.407,679.497,39.202,3.0044,1034.034,0.0379,0.8033,app,hold,,below_trigger(rho=0.038)
1789323478.415,681.504,39.202,3.0044,1034.034,0.0379,0.8033,app,hold,,below_trigger(rho=0.038)
1789323480.425,683.515,39.202,3.0044,1034.034,0.0379,0.8033,app,hold,,below_trigger(rho=0.038)
1789323482.434,685.524,39.202,3.0044,1034.034,0.0379,0.8033,app,hold,,below_trigger(rho=0.038)
1789323484.444,687.534,39.202,3.0044,1034.034,0.0379,0.8033,app,hold,,below_trigger(rho=0.038)
1789323486.454,689.544,39.202,3.0044,1034.034,0.0379,0.8033,app,hold,,below_trigger(rho=0.038)
1789323488.454,691.544,22.534,3.0188,1034.034,0.0218,0.7933,app,hold,,below_trigger(rho=0.022)
1789323490.459,693.548,22.534,3.0188,1034.034,0.0218,0.7933,app,hold,,below_trigger(rho=0.022)
