environment,condition,invocation,n,mean_us,median_us,p90_us,p99_us,min_us,max_us,stddev_us,timer_overhead_us,node_version,openssl_version,platform
node:18.20.8-alpine,jwt_hs_string,1,20000,408.0029,395.042,427.917,717.833,374.292,4564.625,73.474,0.125,v18.20.8,3.0.16,linux/arm64
node:18.20.8-alpine,jwt_hs_preparsed,1,20000,8.503,7.667,8.333,21.916,7.0,300.208,8.8786,0.125,v18.20.8,3.0.16,linux/arm64
node:18.20.8-alpine,jwt_hs_string_safe,1,20000,10.8026,9.417,10.667,24.166,8.583,1007.333,15.507,0.125,v18.20.8,3.0.16,linux/arm64
node:18.20.8-alpine,probe_throws,1,20000,377.7072,371.5,389.209,489.958,355.292,3297.792,56.2386,0.125,v18.20.8,3.0.16,linux/arm64
node:18.20.8-alpine,probe_succeeds,1,20000,121.6772,115.792,133.583,171.708,108.667,7218.542,74.0111,0.125,v18.20.8,3.0.16,linux/arm64
node:18.20.8-alpine,create_secret_key,1,20000,1.9812,1.5,2.125,3.792,1.291,1491.25,19.4526,0.125,v18.20.8,3.0.16,linux/arm64
node:18.20.8-alpine,hmac_string,1,20000,2.7618,2.375,2.708,6.333,2.125,1020.333,12.0474,0.125,v18.20.8,3.0.16,linux/arm64
node:18.20.8-alpine,hmac_keyobject,1,20000,4.7442,3.625,4.792,24.417,2.792,1791.083,23.4921,0.166,v18.20.8,3.0.16,linux/arm64
node:18.20.8-alpine,decode_only,1,20000,2.4028,2.208,2.334,4.292,2.041,342.958,3.4168,0.125,v18.20.8,3.0.16,linux/arm64
node:18.20.8-alpine,timer_overhead,1,20000,0.1964,0.167,0.209,0.25,0.083,470.5,3.3342,0.084,v18.20.8,3.0.16,linux/arm64
node:18.20.8-alpine,jwt_hs_string,2,20000,409.531,395.166,437.125,685.209,375.75,13890.708,113.9591,0.125,v18.20.8,3.0.16,linux/arm64
node:18.20.8-alpine,jwt_hs_preparsed,2,20000,8.0069,7.375,7.75,19.542,6.916,302.0,7.5684,0.084,v18.20.8,3.0.16,linux/arm64
node:18.20.8-alpine,jwt_hs_string_safe,2,20000,11.7396,9.583,12.167,40.417,8.625,940.417,17.7646,0.084,v18.20.8,3.0.16,linux/arm64
node:18.20.8-alpine,probe_throws,2,20000,380.4087,373.625,393.166,494.042,358.5,3876.709,56.504,0.125,v18.20.8,3.0.16,linux/arm64
node:18.20.8-alpine,probe_succeeds,2,20000,120.8666,115.875,132.166,163.0,108.25,3841.334,48.6839,0.084,v18.20.8,3.0.16,linux/arm64
node:18.20.8-alpine,create_secret_key,2,20000,3.103,1.958,3.125,17.709,1.666,2596.75,27.806,0.125,v18.20.8,3.0.16,linux/arm64
node:18.20.8-alpine,hmac_string,2,20000,2.7899,2.375,2.709,9.25,2.125,829.292,10.0103,0.125,v18.20.8,3.0.16,linux/arm64
node:18.20.8-alpine,hmac_keyobject,2,20000,2.6046,2.292,2.5,5.375,2.041,784.209,10.4079,0.125,v18.20.8,3.0.16,linux/arm64
node:18.20.8-alpine,decode_only,2,20000,1.7284,1.625,1.75,2.833,1.5,92.417,1.5442,0.084,v18.20.8,3.0.16,linux/arm64
node:18.20.8-alpine,timer_overhead,2,20000,0.1992,0.167,0.208,0.209,0.083,522.167,3.7106,0.125,v18.20.8,3.0.16,linux/arm64
node:18.20.8-alpine,jwt_hs_string,3,20000,399.2866,391.833,409.958,557.583,374.666,4075.958,61.3851,0.125,v18.20.8,3.0.16,linux/arm64
node:18.20.8-alpine,jwt_hs_preparsed,3,20000,8.4143,7.625,8.375,21.542,7.041,319.959,8.2782,0.084,v18.20.8,3.0.16,linux/arm64
node:18.20.8-alpine,jwt_hs_string_safe,3,20000,10.1791,9.25,9.833,23.208,8.583,452.417,12.9691,0.125,v18.20.8,3.0.16,linux/arm64
node:18.20.8-alpine,probe_throws,3,20000,376.9862,371.167,387.125,488.375,358.0,2172.834,38.6903,0.084,v18.20.8,3.0.16,linux/arm64
node:18.20.8-alpine,probe_succeeds,3,20000,122.8088,116.583,135.083,182.5,108.959,3800.417,56.9232,0.125,v18.20.8,3.0.16,linux/arm64
node:18.20.8-alpine,create_secret_key,3,20000,1.9181,1.416,2.125,4.417,1.166,1726.333,17.7418,0.084,v18.20.8,3.0.16,linux/arm64
node:18.20.8-alpine,hmac_string,3,20000,3.0063,2.417,3.209,9.417,2.166,1097.208,14.0451,0.084,v18.20.8,3.0.16,linux/arm64
node:18.20.8-alpine,hmac_keyobject,3,20000,2.6011,2.25,2.667,7.458,1.959,844.375,10.0035,0.125,v18.20.8,3.0.16,linux/arm64
node:18.20.8-alpine,decode_only,3,20000,1.6856,1.584,1.708,3.042,1.458,93.042,1.5232,0.125,v18.20.8,3.0.16,linux/arm64
node:18.20.8-alpine,timer_overhead,3,20000,0.1538,0.166,0.167,0.209,0.083,19.292,0.2541,0.125,v18.20.8,3.0.16,linux/arm64
node:18.20.8-alpine,jwt_hs_string,4,20000,398.8752,394.0,411.917,490.708,374.0,4210.375,45.3848,0.125,v18.20.8,3.0.16,linux/arm64
node:18.20.8-alpine,jwt_hs_preparsed,4,20000,8.4229,7.417,8.334,22.959,6.875,366.083,9.3058,0.084,v18.20.8,3.0.16,linux/arm64
node:18.20.8-alpine,jwt_hs_string_safe,4,20000,10.6638,9.334,10.5,25.292,8.625,628.708,15.3277,0.125,v18.20.8,3.0.16,linux/arm64
node:18.20.8-alpine,probe_throws,4,20000,380.0164,373.75,392.917,493.916,358.458,2933.5,45.049,0.125,v18.20.8,3.0.16,linux/arm64
node:18.20.8-alpine,probe_succeeds,4,20000,125.9109,118.25,138.875,221.666,110.0,3838.5,63.0242,0.125,v18.20.8,3.0.16,linux/arm64
node:18.20.8-alpine,create_secret_key,4,20000,1.9306,1.417,2.084,4.333,1.209,1451.291,18.2913,0.125,v18.20.8,3.0.16,linux/arm64
node:18.20.8-alpine,hmac_string,4,20000,3.1138,2.417,3.416,11.333,2.166,1659.5,16.0947,0.125,v18.20.8,3.0.16,linux/arm64
node:18.20.8-alpine,hmac_keyobject,4,20000,3.2054,2.666,3.458,10.541,2.375,1053.583,12.0085,0.125,v18.20.8,3.0.16,linux/arm64
node:18.20.8-alpine,decode_only,4,20000,1.7208,1.625,1.708,3.208,1.458,97.0,1.7871,0.125,v18.20.8,3.0.16,linux/arm64
node:18.20.8-alpine,timer_overhead,4,20000,0.1675,0.167,0.208,0.209,0.083,31.083,0.2653,0.084,v18.20.8,3.0.16,linux/arm64
node:18.20.8-alpine,jwt_hs_string,5,20000,403.1348,394.667,412.833,614.292,378.583,2288.167,54.7878,0.125,v18.20.8,3.0.16,linux/arm64
node:18.20.8-alpine,jwt_hs_preparsed,5,20000,8.3043,7.583,8.25,20.166,7.125,382.0,8.0135,0.084,v18.20.8,3.0.16,linux/arm64
node:18.20.8-alpine,jwt_hs_string_safe,5,20000,10.2316,9.291,10.084,23.583,8.625,338.959,12.4224,0.084,v18.20.8,3.0.16,linux/arm64
node:18.20.8-alpine,probe_throws,5,20000,409.0001,400.084,422.042,584.625,384.083,3775.458,58.2415,0.084,v18.20.8,3.0.16,linux/arm64
node:18.20.8-alpine,probe_succeeds,5,20000,118.4849,114.209,128.625,147.292,107.709,3893.042,55.6851,0.084,v18.20.8,3.0.16,linux/arm64
node:18.20.8-alpine,create_secret_key,5,20000,1.8835,1.417,2.083,4.333,1.208,1207.875,17.5084,0.125,v18.20.8,3.0.16,linux/arm64
node:18.20.8-alpine,hmac_string,5,20000,3.0602,2.583,3.042,9.875,2.25,1104.416,13.4478,0.125,v18.20.8,3.0.16,linux/arm64
node:18.20.8-alpine,hmac_keyobject,5,20000,3.7888,3.083,3.875,11.75,2.708,1305.291,18.0065,0.167,v18.20.8,3.0.16,linux/arm64
node:18.20.8-alpine,decode_only,5,20000,1.8302,1.625,1.792,3.5,1.5,435.958,3.8836,0.125,v18.20.8,3.0.16,linux/arm64
node:18.20.8-alpine,timer_overhead,5,20000,0.2012,0.167,0.209,0.25,0.125,60.875,0.6129,0.125,v18.20.8,3.0.16,linux/arm64
node:18.20.8-alpine,jwt_hs_string,6,20000,402.4941,395.166,416.667,542.541,378.208,3117.459,55.9346,0.125,v18.20.8,3.0.16,linux/arm64
node:18.20.8-alpine,jwt_hs_preparsed,6,20000,8.0417,7.542,8.084,16.5,6.875,216.584,6.6071,0.125,v18.20.8,3.0.16,linux/arm64
node:18.20.8-alpine,jwt_hs_string_safe,6,20000,10.5551,9.458,10.334,24.333,8.666,449.375,12.9463,0.125,v18.20.8,3.0.16,linux/arm64
node:18.20.8-alpine,probe_throws,6,20000,373.5453,369.666,385.583,444.209,356.209,3859.959,31.8646,0.125,v18.20.8,3.0.16,linux/arm64
node:18.20.8-alpine,probe_succeeds,6,20000,125.4701,117.166,138.583,245.167,108.583,4086.417,62.8825,0.125,v18.20.8,3.0.16,linux/arm64
node:18.20.8-alpine,create_secret_key,6,20000,1.9323,1.417,2.166,5.833,1.25,1270.75,18.2825,0.125,v18.20.8,3.0.16,linux/arm64
node:18.20.8-alpine,hmac_string,6,20000,3.2024,2.834,3.334,12.375,2.166,982.041,11.1592,0.125,v18.20.8,3.0.16,linux/arm64
node:18.20.8-alpine,hmac_keyobject,6,20000,2.6065,2.25,2.583,7.875,1.959,885.042,10.3622,0.084,v18.20.8,3.0.16,linux/arm64
node:18.20.8-alpine,decode_only,6,20000,1.8963,1.625,2.084,4.292,1.458,344.708,3.7945,0.125,v18.20.8,3.0.16,linux/arm64
node:18.20.8-alpine,timer_overhead,6,20000,0.168,0.167,0.208,0.209,0.083,37.667,0.3306,0.125,v18.20.8,3.0.16,linux/arm64
node:18.20.8-alpine,jwt_hs_string,7,20000,401.4819,393.25,412.834,587.875,375.791,3280.625,60.5595,0.125,v18.20.8,3.0.16,linux/arm64
node:18.20.8-alpine,jwt_hs_preparsed,7,20000,10.3992,7.667,11.458,38.458,6.75,3314.417,33.1355,0.167,v18.20.8,3.0.16,linux/arm64
node:18.20.8-alpine,jwt_hs_string_safe,7,20000,10.1893,9.25,9.916,23.625,8.542,516.25,13.0391,0.084,v18.20.8,3.0.16,linux/arm64
node:18.20.8-alpine,probe_throws,7,20000,380.5011,373.917,391.875,506.708,360.25,2758.833,48.4482,0.125,v18.20.8,3.0.16,linux/arm64
node:18.20.8-alpine,probe_succeeds,7,20000,120.9888,115.417,131.5,158.041,108.0,5877.0,63.6336,0.084,v18.20.8,3.0.16,linux/arm64
node:18.20.8-alpine,create_secret_key,7,20000,1.9793,1.5,2.167,4.25,1.291,1413.958,18.2281,0.084,v18.20.8,3.0.16,linux/arm64
node:18.20.8-alpine,hmac_string,7,20000,3.3489,2.5,3.584,14.625,2.208,1040.167,12.9346,0.125,v18.20.8,3.0.16,linux/arm64
node:18.20.8-alpine,hmac_keyobject,7,20000,3.2273,2.666,3.459,10.958,2.334,1222.25,15.1892,0.125,v18.20.8,3.0.16,linux/arm64
node:18.20.8-alpine,decode_only,7,20000,1.7871,1.666,1.791,3.125,1.5,106.959,1.561,0.084,v18.20.8,3.0.16,linux/arm64
node:18.20.8-alpine,timer_overhead,7,20000,0.2015,0.167,0.208,0.209,0.083,600.75,4.2551,0.125,v18.20.8,3.0.16,linux/arm64
node:18.20.8-alpine,jwt_hs_string,8,20000,435.3678,402.459,478.667,958.458,373.917,13778.625,218.6331,0.125,v18.20.8,3.0.16,linux/arm64
node:18.20.8-alpine,jwt_hs_preparsed,8,20000,11.2025,7.584,10.834,55.209,6.75,4916.875,54.8887,0.084,v18.20.8,3.0.16,linux/arm64
node:18.20.8-alpine,jwt_hs_string_safe,8,20000,10.8073,9.541,10.75,27.5,8.75,382.292,13.3506,0.125,v18.20.8,3.0.16,linux/arm64
node:18.20.8-alpine,probe_throws,8,20000,399.1365,377.667,421.583,773.958,358.542,8581.208,143.1517,0.125,v18.20.8,3.0.16,linux/arm64
node:18.20.8-alpine,probe_succeeds,8,20000,122.4775,116.458,136.125,178.958,107.584,3954.834,55.3822,0.125,v18.20.8,3.0.16,linux/arm64
node:18.20.8-alpine,create_secret_key,8,20000,2.208,1.584,2.334,5.25,1.208,2162.5,23.7245,0.125,v18.20.8,3.0.16,linux/arm64
node:18.20.8-alpine,hmac_string,8,20000,2.9774,2.375,3.25,11.875,2.125,644.959,8.398,0.125,v18.20.8,3.0.16,linux/arm64
node:18.20.8-alpine,hmac_keyobject,8,20000,2.8994,2.5,3.208,7.25,2.0,1061.042,10.9973,0.084,v18.20.8,3.0.16,linux/arm64
node:18.20.8-alpine,decode_only,8,20000,2.3214,2.042,2.417,5.083,1.75,263.292,3.7059,0.125,v18.20.8,3.0.16,linux/arm64
node:18.20.8-alpine,timer_overhead,8,20000,0.2153,0.208,0.25,0.291,0.083,29.459,0.3003,0.125,v18.20.8,3.0.16,linux/arm64
node:18.20.8-alpine,jwt_hs_string,9,20000,403.6091,394.75,415.416,593.292,376.375,5715.375,74.0449,0.125,v18.20.8,3.0.16,linux/arm64
node:18.20.8-alpine,jwt_hs_preparsed,9,20000,7.7164,7.208,7.625,18.5,6.75,196.667,6.4999,0.084,v18.20.8,3.0.16,linux/arm64
node:18.20.8-alpine,jwt_hs_string_safe,9,20000,10.6124,9.541,10.458,24.167,8.791,496.791,12.844,0.125,v18.20.8,3.0.16,linux/arm64
node:18.20.8-alpine,probe_throws,9,20000,382.0866,374.375,397.042,528.042,360.166,4107.5,57.2245,0.125,v18.20.8,3.0.16,linux/arm64
node:18.20.8-alpine,probe_succeeds,9,20000,121.187,115.542,134.5,167.667,107.5,4563.0,61.0164,0.084,v18.20.8,3.0.16,linux/arm64
node:18.20.8-alpine,create_secret_key,9,20000,2.0691,1.375,2.083,4.584,1.166,1557.208,23.2376,0.084,v18.20.8,3.0.16,linux/arm64
node:18.20.8-alpine,hmac_string,9,20000,2.8336,2.417,2.75,8.333,2.166,819.958,11.1527,0.125,v18.20.8,3.0.16,linux/arm64
node:18.20.8-alpine,hmac_keyobject,9,20000,3.9294,3.375,4.166,11.583,2.791,1456.042,17.066,0.166,v18.20.8,3.0.16,linux/arm64
node:18.20.8-alpine,decode_only,9,20000,1.6898,1.583,1.708,3.208,1.458,91.917,1.557,0.125,v18.20.8,3.0.16,linux/arm64
node:18.20.8-alpine,timer_overhead,9,20000,0.2271,0.209,0.25,0.292,0.125,41.625,0.4447,0.167,v18.20.8,3.0.16,linux/arm64
node:18.20.8-alpine,jwt_hs_string,10,20000,398.3507,391.084,410.834,511.041,374.708,5664.375,66.0425,0.125,v18.20.8,3.0.16,linux/arm64
node:18.20.8-alpine,jwt_hs_preparsed,10,20000,8.8669,7.708,10.416,20.958,6.958,350.0,8.6592,0.084,v18.20.8,3.0.16,linux/arm64
node:18.20.8-alpine,jwt_hs_string_safe,10,20000,10.414,9.292,10.667,23.291,8.542,320.333,12.4191,0.125,v18.20.8,3.0.16,linux/arm64
node:18.20.8-alpine,probe_throws,10,20000,383.8922,373.833,402.375,551.167,358.125,4911.917,66.7023,0.084,v18.20.8,3.0.16,linux/arm64
node:18.20.8-alpine,probe_succeeds,10,20000,121.0031,115.709,132.334,160.208,108.583,3241.791,51.2988,0.125,v18.20.8,3.0.16,linux/arm64
node:18.20.8-alpine,create_secret_key,10,20000,1.8705,1.334,1.958,3.792,1.166,1425.291,20.0254,0.125,v18.20.8,3.0.16,linux/arm64
node:18.20.8-alpine,hmac_string,10,20000,3.3666,2.833,3.209,9.833,2.541,1799.375,16.8777,0.125,v18.20.8,3.0.16,linux/arm64
node:18.20.8-alpine,hmac_keyobject,10,20000,4.1117,3.25,4.334,16.042,2.792,1494.208,19.4081,0.125,v18.20.8,3.0.16,linux/arm64
node:18.20.8-alpine,decode_only,10,20000,1.8137,1.708,1.792,3.25,1.541,262.542,2.458,0.125,v18.20.8,3.0.16,linux/arm64
node:18.20.8-alpine,timer_overhead,10,20000,0.2221,0.208,0.25,0.292,0.083,25.833,0.3425,0.125,v18.20.8,3.0.16,linux/arm64
node:26.6.0-alpine,jwt_hs_string,1,20000,46.1747,37.125,60.208,189.458,30.5,1642.042,38.4163,0.083,v26.6.0,3.5.7,linux/arm64
node:26.6.0-alpine,jwt_hs_preparsed,1,20000,8.9155,7.083,8.875,35.75,5.708,5717.042,42.631,0.083,v26.6.0,3.5.7,linux/arm64
node:26.6.0-alpine,jwt_hs_string_safe,1,20000,11.1728,8.959,11.625,43.25,7.125,775.292,21.7642,0.083,v26.6.0,3.5.7,linux/arm64
node:26.6.0-alpine,probe_throws,1,20000,25.2965,23.083,28.5,56.834,18.375,492.375,11.9611,0.083,v26.6.0,3.5.7,linux/arm64
node:26.6.0-alpine,probe_succeeds,1,20000,17.6704,15.458,19.917,35.75,14.0,4144.584,54.7964,0.083,v26.6.0,3.5.7,linux/arm64
node:26.6.0-alpine,create_secret_key,1,20000,1.805,0.792,1.542,17.5,0.625,1865.666,24.3543,0.083,v26.6.0,3.5.7,linux/arm64
node:26.6.0-alpine,hmac_string,1,20000,5.2133,3.625,5.083,36.667,3.041,1024.208,16.3979,0.084,v26.6.0,3.5.7,linux/arm64
node:26.6.0-alpine,hmac_keyobject,1,20000,4.1349,3.167,4.0,19.708,2.541,1387.167,18.477,0.083,v26.6.0,3.5.7,linux/arm64
node:26.6.0-alpine,decode_only,1,20000,1.8755,1.666,1.791,4.667,1.291,698.334,7.5443,0.084,v26.6.0,3.5.7,linux/arm64
node:26.6.0-alpine,timer_overhead,1,20000,0.137,0.125,0.125,0.167,0.041,196.666,1.6543,0.083,v26.6.0,3.5.7,linux/arm64
node:26.6.0-alpine,jwt_hs_string,2,20000,41.7554,36.75,48.417,109.958,29.208,2271.875,39.4587,0.083,v26.6.0,3.5.7,linux/arm64
node:26.6.0-alpine,jwt_hs_preparsed,2,20000,7.8603,6.416,7.584,26.375,5.792,2038.708,19.228,0.083,v26.6.0,3.5.7,linux/arm64
node:26.6.0-alpine,jwt_hs_string_safe,2,20000,10.4519,7.542,11.958,50.083,6.833,1171.083,26.2161,0.083,v26.6.0,3.5.7,linux/arm64
node:26.6.0-alpine,probe_throws,2,20000,26.0735,23.292,30.834,57.25,20.333,2853.875,23.8874,0.083,v26.6.0,3.5.7,linux/arm64
node:26.6.0-alpine,probe_succeeds,2,20000,17.3594,14.834,20.542,39.042,13.625,4659.125,61.7033,0.083,v26.6.0,3.5.7,linux/arm64
node:26.6.0-alpine,create_secret_key,2,20000,1.8097,0.792,1.5,18.458,0.583,4620.125,35.7846,0.084,v26.6.0,3.5.7,linux/arm64
node:26.6.0-alpine,hmac_string,2,20000,5.172,3.75,4.541,29.916,3.125,938.0,18.7468,0.125,v26.6.0,3.5.7,linux/arm64
node:26.6.0-alpine,hmac_keyobject,2,20000,4.6559,3.584,4.292,26.167,3.125,1191.833,17.9844,0.125,v26.6.0,3.5.7,linux/arm64
node:26.6.0-alpine,decode_only,2,20000,2.1095,1.75,1.875,8.792,1.541,385.5,5.6178,0.084,v26.6.0,3.5.7,linux/arm64
node:26.6.0-alpine,timer_overhead,2,20000,0.155,0.125,0.167,0.25,0.041,64.083,0.6555,0.084,v26.6.0,3.5.7,linux/arm64
node:26.6.0-alpine,jwt_hs_string,3,20000,40.9139,36.417,46.25,114.708,29.292,1704.583,31.7023,0.083,v26.6.0,3.5.7,linux/arm64
node:26.6.0-alpine,jwt_hs_preparsed,3,20000,8.0475,6.583,7.875,26.583,5.791,2728.167,25.1863,0.083,v26.6.0,3.5.7,linux/arm64
node:26.6.0-alpine,jwt_hs_string_safe,3,20000,10.4901,7.959,11.833,47.209,6.875,858.083,21.9633,0.083,v26.6.0,3.5.7,linux/arm64
node:26.6.0-alpine,probe_throws,3,20000,24.2884,22.542,27.625,50.958,16.333,531.416,11.3147,0.083,v26.6.0,3.5.7,linux/arm64
node:26.6.0-alpine,probe_succeeds,3,20000,18.0366,15.75,21.875,38.75,14.292,4266.584,48.0951,0.083,v26.6.0,3.5.7,linux/arm64
node:26.6.0-alpine,create_secret_key,3,20000,1.5195,0.791,1.458,16.708,0.583,1316.667,16.4043,0.083,v26.6.0,3.5.7,linux/arm64
node:26.6.0-alpine,hmac_string,3,20000,4.5395,3.25,4.375,26.834,2.666,840.5,13.8357,0.084,v26.6.0,3.5.7,linux/arm64
node:26.6.0-alpine,hmac_keyobject,3,20000,3.9724,3.083,4.5,21.542,2.625,1117.959,12.8361,0.084,v26.6.0,3.5.7,linux/arm64
node:26.6.0-alpine,decode_only,3,20000,2.006,1.708,1.833,5.167,1.5,588.625,7.9957,0.084,v26.6.0,3.5.7,linux/arm64
node:26.6.0-alpine,timer_overhead,3,20000,0.1795,0.166,0.167,0.209,0.083,197.5,1.4751,0.125,v26.6.0,3.5.7,linux/arm64
node:26.6.0-alpine,jwt_hs_string,4,20000,43.3565,36.417,54.917,128.25,29.292,2596.125,38.524,0.083,v26.6.0,3.5.7,linux/arm64
node:26.6.0-alpine,jwt_hs_preparsed,4,20000,14.5214,9.458,20.875,76.042,6.375,8244.709,66.0434,0.125,v26.6.0,3.5.7,linux/arm64
node:26.6.0-alpine,jwt_hs_string_safe,4,20000,14.2992,9.75,18.5,72.959,7.042,4937.792,50.9415,0.083,v26.6.0,3.5.7,linux/arm64
node:26.6.0-alpine,probe_throws,4,20000,27.3121,23.292,33.417,58.834,19.458,582.583,13.8494,0.083,v26.6.0,3.5.7,linux/arm64
node:26.6.0-alpine,probe_succeeds,4,20000,20.2705,15.583,24.75,53.166,13.958,23042.417,170.0217,0.083,v26.6.0,3.5.7,linux/arm64
node:26.6.0-alpine,create_secret_key,4,20000,1.5561,0.792,1.583,13.625,0.542,1533.25,17.6664,0.083,v26.6.0,3.5.7,linux/arm64
node:26.6.0-alpine,hmac_string,4,20000,4.1423,3.125,4.042,22.791,2.292,595.542,11.5833,0.083,v26.6.0,3.5.7,linux/arm64
node:26.6.0-alpine,hmac_keyobject,4,20000,3.5479,3.042,3.583,17.541,2.208,731.583,11.2063,0.083,v26.6.0,3.5.7,linux/arm64
node:26.6.0-alpine,decode_only,4,20000,2.0501,1.708,1.792,6.625,1.5,506.917,7.7622,0.125,v26.6.0,3.5.7,linux/arm64
node:26.6.0-alpine,timer_overhead,4,20000,0.1411,0.125,0.167,0.208,0.041,161.792,1.2323,0.083,v26.6.0,3.5.7,linux/arm64
node:26.6.0-alpine,jwt_hs_string,5,20000,43.2579,37.541,53.125,112.542,30.542,1965.375,39.95,0.083,v26.6.0,3.5.7,linux/arm64
node:26.6.0-alpine,jwt_hs_preparsed,5,20000,8.3579,6.542,7.916,25.916,5.875,4321.125,37.7929,0.083,v26.6.0,3.5.7,linux/arm64
node:26.6.0-alpine,jwt_hs_string_safe,5,20000,10.8877,8.042,10.125,46.833,7.167,1357.75,29.6796,0.083,v26.6.0,3.5.7,linux/arm64
node:26.6.0-alpine,probe_throws,5,20000,25.4434,22.917,31.625,55.958,16.542,584.5,13.3935,0.083,v26.6.0,3.5.7,linux/arm64
node:26.6.0-alpine,probe_succeeds,5,20000,17.2578,15.167,18.834,35.166,13.958,4227.292,53.0496,0.083,v26.6.0,3.5.7,linux/arm64
node:26.6.0-alpine,create_secret_key,5,20000,1.7696,0.792,1.584,7.5,0.583,2334.209,28.3481,0.083,v26.6.0,3.5.7,linux/arm64
node:26.6.0-alpine,hmac_string,5,20000,4.8785,3.75,4.875,29.667,2.75,966.792,12.9108,0.083,v26.6.0,3.5.7,linux/arm64
node:26.6.0-alpine,hmac_keyobject,5,20000,4.4059,3.542,4.208,25.167,2.625,1048.708,14.0209,0.084,v26.6.0,3.5.7,linux/arm64
node:26.6.0-alpine,decode_only,5,20000,1.4699,1.25,1.375,2.666,1.042,352.791,5.2505,0.083,v26.6.0,3.5.7,linux/arm64
node:26.6.0-alpine,timer_overhead,5,20000,0.1701,0.166,0.208,0.25,0.042,48.375,0.5883,0.125,v26.6.0,3.5.7,linux/arm64
node:26.6.0-alpine,jwt_hs_string,6,20000,42.5778,36.625,51.209,110.292,29.584,4321.708,58.5787,0.083,v26.6.0,3.5.7,linux/arm64
node:26.6.0-alpine,jwt_hs_preparsed,6,20000,7.7367,6.375,7.292,25.792,5.666,957.458,17.737,0.083,v26.6.0,3.5.7,linux/arm64
node:26.6.0-alpine,jwt_hs_string_safe,6,20000,10.817,8.0,10.084,38.834,6.959,1809.875,33.2788,0.083,v26.6.0,3.5.7,linux/arm64
node:26.6.0-alpine,probe_throws,6,20000,25.1252,22.75,28.333,52.584,16.541,417.208,11.4752,0.083,v26.6.0,3.5.7,linux/arm64
node:26.6.0-alpine,probe_succeeds,6,20000,18.2744,15.792,21.75,42.792,14.333,4948.333,51.3343,0.083,v26.6.0,3.5.7,linux/arm64
node:26.6.0-alpine,create_secret_key,6,20000,1.6811,0.834,1.417,14.167,0.666,1629.292,19.7154,0.083,v26.6.0,3.5.7,linux/arm64
node:26.6.0-alpine,hmac_string,6,20000,5.4187,3.833,5.125,36.083,3.166,1121.666,17.4253,0.125,v26.6.0,3.5.7,linux/arm64
node:26.6.0-alpine,hmac_keyobject,6,20000,3.5166,2.791,3.5,18.833,2.292,762.084,11.6596,0.083,v26.6.0,3.5.7,linux/arm64
node:26.6.0-alpine,decode_only,6,20000,2.0592,1.708,1.833,8.625,1.5,381.75,5.9267,0.125,v26.6.0,3.5.7,linux/arm64
node:26.6.0-alpine,timer_overhead,6,20000,0.2066,0.125,0.167,0.375,0.042,812.708,5.8641,0.084,v26.6.0,3.5.7,linux/arm64
node:26.6.0-alpine,jwt_hs_string,7,20000,40.5924,35.708,45.583,104.292,29.125,2139.375,41.108,0.083,v26.6.0,3.5.7,linux/arm64
node:26.6.0-alpine,jwt_hs_preparsed,7,20000,8.4415,6.542,9.75,35.125,5.791,558.084,14.3116,0.083,v26.6.0,3.5.7,linux/arm64
node:26.6.0-alpine,jwt_hs_string_safe,7,20000,10.9823,8.208,10.25,43.458,7.166,3137.917,34.1676,0.083,v26.6.0,3.5.7,linux/arm64
node:26.6.0-alpine,probe_throws,7,20000,27.2367,22.875,32.667,71.0,20.375,701.958,14.9763,0.083,v26.6.0,3.5.7,linux/arm64
node:26.6.0-alpine,probe_succeeds,7,20000,17.3115,15.5,20.125,36.083,14.042,3860.5,37.3005,0.083,v26.6.0,3.5.7,linux/arm64
node:26.6.0-alpine,create_secret_key,7,20000,1.7418,0.791,1.542,13.25,0.583,1785.458,24.6548,0.083,v26.6.0,3.5.7,linux/arm64
node:26.6.0-alpine,hmac_string,7,20000,3.8944,3.25,3.792,23.417,2.291,694.417,10.2596,0.083,v26.6.0,3.5.7,linux/arm64
node:26.6.0-alpine,hmac_keyobject,7,20000,3.7063,3.0,3.875,20.041,2.167,1015.166,13.3601,0.083,v26.6.0,3.5.7,linux/arm64
node:26.6.0-alpine,decode_only,7,20000,1.8784,1.458,1.708,6.583,1.166,1688.875,13.6936,0.083,v26.6.0,3.5.7,linux/arm64
node:26.6.0-alpine,timer_overhead,7,20000,0.1347,0.125,0.167,0.209,0.041,25.5,0.3714,0.083,v26.6.0,3.5.7,linux/arm64
node:26.6.0-alpine,jwt_hs_string,8,20000,42.8766,36.334,54.208,134.958,28.875,1583.292,36.861,0.083,v26.6.0,3.5.7,linux/arm64
node:26.6.0-alpine,jwt_hs_preparsed,8,20000,8.8946,6.75,10.041,36.542,5.958,481.708,13.2364,0.083,v26.6.0,3.5.7,linux/arm64
node:26.6.0-alpine,jwt_hs_string_safe,8,20000,12.4671,9.208,15.292,66.625,7.041,1090.875,26.9614,0.083,v26.6.0,3.5.7,linux/arm64
node:26.6.0-alpine,probe_throws,8,20000,27.1257,22.958,34.5,75.208,17.958,663.417,17.6887,0.083,v26.6.0,3.5.7,linux/arm64
node:26.6.0-alpine,probe_succeeds,8,20000,17.4803,15.375,20.125,36.792,13.875,4564.584,52.0556,0.083,v26.6.0,3.5.7,linux/arm64
node:26.6.0-alpine,create_secret_key,8,20000,1.6826,0.875,1.584,17.958,0.666,1578.75,19.5818,0.084,v26.6.0,3.5.7,linux/arm64
node:26.6.0-alpine,hmac_string,8,20000,3.9948,3.125,4.125,22.834,2.291,737.208,10.7046,0.083,v26.6.0,3.5.7,linux/arm64
node:26.6.0-alpine,hmac_keyobject,8,20000,4.3638,3.375,4.625,23.834,2.583,2339.042,19.5999,0.083,v26.6.0,3.5.7,linux/arm64
node:26.6.0-alpine,decode_only,8,20000,2.052,1.791,1.959,4.917,1.541,436.666,5.6472,0.084,v26.6.0,3.5.7,linux/arm64
node:26.6.0-alpine,timer_overhead,8,20000,0.208,0.166,0.167,0.25,0.083,643.875,4.7945,0.125,v26.6.0,3.5.7,linux/arm64
node:26.6.0-alpine,jwt_hs_string,9,20000,41.6692,35.833,51.625,110.375,28.792,2745.542,38.5863,0.083,v26.6.0,3.5.7,linux/arm64
node:26.6.0-alpine,jwt_hs_preparsed,9,20000,7.8104,6.5,7.291,23.75,5.833,2405.333,25.2448,0.083,v26.6.0,3.5.7,linux/arm64
node:26.6.0-alpine,jwt_hs_string_safe,9,20000,10.2789,7.917,11.542,38.25,7.0,722.166,18.5152,0.083,v26.6.0,3.5.7,linux/arm64
node:26.6.0-alpine,probe_throws,9,20000,25.5667,22.792,32.666,57.416,17.209,787.667,14.5337,0.083,v26.6.0,3.5.7,linux/arm64
node:26.6.0-alpine,probe_succeeds,9,20000,18.5717,15.708,22.375,43.083,14.083,4755.458,59.9045,0.083,v26.6.0,3.5.7,linux/arm64
node:26.6.0-alpine,create_secret_key,9,20000,1.9462,0.792,1.792,18.917,0.583,2386.542,23.8032,0.083,v26.6.0,3.5.7,linux/arm64
node:26.6.0-alpine,hmac_string,9,20000,4.7028,3.167,4.834,25.417,2.25,880.834,14.1583,0.083,v26.6.0,3.5.7,linux/arm64
node:26.6.0-alpine,hmac_keyobject,9,20000,4.0711,3.167,4.125,20.458,2.25,957.583,13.5594,0.083,v26.6.0,3.5.7,linux/arm64
node:26.6.0-alpine,decode_only,9,20000,2.1473,1.708,2.0,9.5,1.333,476.5,6.9447,0.125,v26.6.0,3.5.7,linux/arm64
node:26.6.0-alpine,timer_overhead,9,20000,0.4501,0.166,0.167,1.125,0.083,3896.75,28.3715,0.084,v26.6.0,3.5.7,linux/arm64
node:26.6.0-alpine,jwt_hs_string,10,20000,40.7901,36.375,50.333,100.417,29.667,650.333,22.9081,0.083,v26.6.0,3.5.7,linux/arm64
node:26.6.0-alpine,jwt_hs_preparsed,10,20000,9.3223,6.916,9.584,41.75,5.958,1061.542,22.2501,0.083,v26.6.0,3.5.7,linux/arm64
node:26.6.0-alpine,jwt_hs_string_safe,10,20000,14.4519,10.417,19.25,71.5,7.167,6972.667,56.738,0.083,v26.6.0,3.5.7,linux/arm64
node:26.6.0-alpine,probe_throws,10,20000,25.4392,23.5,28.25,53.209,18.375,459.625,10.8005,0.083,v26.6.0,3.5.7,linux/arm64
node:26.6.0-alpine,probe_succeeds,10,20000,20.6114,15.917,29.709,59.125,14.083,5573.083,64.3823,0.083,v26.6.0,3.5.7,linux/arm64
node:26.6.0-alpine,create_secret_key,10,20000,1.6111,0.75,1.584,16.041,0.583,1450.042,16.3917,0.083,v26.6.0,3.5.7,linux/arm64
node:26.6.0-alpine,hmac_string,10,20000,3.9822,3.209,3.875,22.833,2.25,921.041,11.8763,0.083,v26.6.0,3.5.7,linux/arm64
node:26.6.0-alpine,hmac_keyobject,10,20000,4.5825,3.583,4.375,25.042,2.583,1118.375,16.3484,0.083,v26.6.0,3.5.7,linux/arm64
node:26.6.0-alpine,decode_only,10,20000,2.1744,1.708,1.834,15.959,1.5,417.833,6.0204,0.084,v26.6.0,3.5.7,linux/arm64
node:26.6.0-alpine,timer_overhead,10,20000,0.1995,0.125,0.167,0.583,0.041,378.375,2.9377,0.125,v26.6.0,3.5.7,linux/arm64
node:26.6.0-bookworm,jwt_hs_string,1,20000,36.9009,28.625,48.583,134.042,26.125,11491.75,91.9997,0.083,v26.6.0,3.5.7,linux/arm64
node:26.6.0-bookworm,jwt_hs_preparsed,1,20000,7.1522,5.667,8.459,26.209,5.125,714.417,12.6515,0.083,v26.6.0,3.5.7,linux/arm64
node:26.6.0-bookworm,jwt_hs_string_safe,1,20000,10.6865,7.917,14.416,43.916,6.417,659.083,18.2499,0.083,v26.6.0,3.5.7,linux/arm64
node:26.6.0-bookworm,probe_throws,1,20000,18.0915,16.375,19.542,40.125,14.792,1595.041,17.5258,0.083,v26.6.0,3.5.7,linux/arm64
node:26.6.0-bookworm,probe_succeeds,1,20000,27.7889,19.583,39.417,122.666,13.041,9575.167,95.3291,0.084,v26.6.0,3.5.7,linux/arm64
node:26.6.0-bookworm,create_secret_key,1,20000,1.4136,0.834,1.125,4.709,0.625,3953.833,33.5376,0.125,v26.6.0,3.5.7,linux/arm64
node:26.6.0-bookworm,hmac_string,1,20000,3.6881,2.583,4.0,11.833,2.333,1421.875,19.9872,0.084,v26.6.0,3.5.7,linux/arm64
node:26.6.0-bookworm,hmac_keyobject,1,20000,4.3293,3.083,4.25,14.959,2.583,2242.167,32.3157,0.125,v26.6.0,3.5.7,linux/arm64
node:26.6.0-bookworm,decode_only,1,20000,2.3811,1.667,1.875,13.666,1.416,1510.0,13.1863,0.084,v26.6.0,3.5.7,linux/arm64
node:26.6.0-bookworm,timer_overhead,1,20000,0.3642,0.125,0.167,0.25,0.042,3560.208,25.2205,0.125,v26.6.0,3.5.7,linux/arm64
node:26.6.0-bookworm,jwt_hs_string,2,20000,30.0835,27.75,31.958,58.334,25.416,542.416,15.4198,0.083,v26.6.0,3.5.7,linux/arm64
node:26.6.0-bookworm,jwt_hs_preparsed,2,20000,9.4179,6.625,15.125,38.791,5.458,550.833,13.6238,0.083,v26.6.0,3.5.7,linux/arm64
node:26.6.0-bookworm,jwt_hs_string_safe,2,20000,8.5906,6.875,9.0,25.875,6.292,1351.0,18.1023,0.083,v26.6.0,3.5.7,linux/arm64
node:26.6.0-bookworm,probe_throws,2,20000,22.9693,17.625,30.5,82.125,15.292,2058.291,36.1525,0.125,v26.6.0,3.5.7,linux/arm64
node:26.6.0-bookworm,probe_succeeds,2,20000,14.5174,12.167,18.292,35.375,11.459,4304.125,48.8558,0.083,v26.6.0,3.5.7,linux/arm64
node:26.6.0-bookworm,create_secret_key,2,20000,1.4025,0.875,1.041,7.083,0.666,2078.166,24.6267,0.084,v26.6.0,3.5.7,linux/arm64
node:26.6.0-bookworm,hmac_string,2,20000,5.6764,3.417,6.667,17.875,2.75,10321.125,89.8,0.125,v26.6.0,3.5.7,linux/arm64
node:26.6.0-bookworm,hmac_keyobject,2,20000,4.4956,2.958,4.209,13.083,2.542,3641.833,44.8808,0.125,v26.6.0,3.5.7,linux/arm64
node:26.6.0-bookworm,decode_only,2,20000,2.3648,1.709,1.875,9.083,1.416,2907.458,23.18,0.125,v26.6.0,3.5.7,linux/arm64
node:26.6.0-bookworm,timer_overhead,2,20000,0.1721,0.125,0.167,0.5,0.041,50.375,0.6987,0.125,v26.6.0,3.5.7,linux/arm64
node:26.6.0-bookworm,jwt_hs_string,3,20000,31.7571,28.25,40.875,65.875,25.875,712.875,16.8614,0.083,v26.6.0,3.5.7,linux/arm64
node:26.6.0-bookworm,jwt_hs_preparsed,3,20000,7.0985,6.0,7.542,22.166,5.208,363.25,10.1658,0.083,v26.6.0,3.5.7,linux/arm64
node:26.6.0-bookworm,jwt_hs_string_safe,3,20000,10.2535,8.167,10.0,34.833,7.25,1811.292,25.2365,0.125,v26.6.0,3.5.7,linux/arm64
node:26.6.0-bookworm,probe_throws,3,20000,18.5187,16.791,20.166,40.416,15.0,425.917,9.6805,0.083,v26.6.0,3.5.7,linux/arm64
node:26.6.0-bookworm,probe_succeeds,3,20000,24.8707,16.75,32.125,98.75,11.458,14851.084,140.053,0.083,v26.6.0,3.5.7,linux/arm64
node:26.6.0-bookworm,create_secret_key,3,20000,1.5152,0.917,1.042,3.083,0.75,2901.125,34.2895,0.084,v26.6.0,3.5.7,linux/arm64
node:26.6.0-bookworm,hmac_string,3,20000,4.2784,3.167,3.875,17.041,2.666,2627.875,30.1842,0.125,v26.6.0,3.5.7,linux/arm64
node:26.6.0-bookworm,hmac_keyobject,3,20000,3.5725,2.417,3.375,14.292,2.083,2019.875,28.1298,0.083,v26.6.0,3.5.7,linux/arm64
node:26.6.0-bookworm,decode_only,3,20000,2.3019,1.667,1.875,8.875,1.417,2299.708,21.5035,0.125,v26.6.0,3.5.7,linux/arm64
node:26.6.0-bookworm,timer_overhead,3,20000,0.1933,0.125,0.167,0.25,0.041,147.25,1.5914,0.125,v26.6.0,3.5.7,linux/arm64
node:26.6.0-bookworm,jwt_hs_string,4,20000,30.4829,27.833,34.542,63.291,25.083,550.958,17.5472,0.083,v26.6.0,3.5.7,linux/arm64
node:26.6.0-bookworm,jwt_hs_preparsed,4,20000,12.5745,7.5,13.333,55.75,5.875,13213.375,139.7794,0.084,v26.6.0,3.5.7,linux/arm64
node:26.6.0-bookworm,jwt_hs_string_safe,4,20000,9.2121,7.583,9.75,30.083,6.25,1682.083,21.1069,0.083,v26.6.0,3.5.7,linux/arm64
node:26.6.0-bookworm,probe_throws,4,20000,20.5667,16.667,25.416,59.541,14.875,1885.084,21.3477,0.083,v26.6.0,3.5.7,linux/arm64
node:26.6.0-bookworm,probe_succeeds,4,20000,14.2668,12.083,14.542,41.417,11.167,3535.792,36.3046,0.083,v26.6.0,3.5.7,linux/arm64
node:26.6.0-bookworm,create_secret_key,4,20000,1.1691,0.792,0.959,3.625,0.541,1871.5,21.6439,0.083,v26.6.0,3.5.7,linux/arm64
node:26.6.0-bookworm,hmac_string,4,20000,4.0091,3.167,4.041,19.5,2.333,1341.333,20.5946,0.084,v26.6.0,3.5.7,linux/arm64
node:26.6.0-bookworm,hmac_keyobject,4,20000,4.1092,2.916,4.042,9.0,2.208,4413.958,48.0831,0.084,v26.6.0,3.5.7,linux/arm64
node:26.6.0-bookworm,decode_only,4,20000,1.9797,1.708,1.917,3.667,1.416,400.208,6.191,0.125,v26.6.0,3.5.7,linux/arm64
node:26.6.0-bookworm,timer_overhead,4,20000,0.168,0.166,0.208,0.25,0.042,23.708,0.3941,0.125,v26.6.0,3.5.7,linux/arm64
node:26.6.0-bookworm,jwt_hs_string,5,20000,32.3613,29.125,37.0,79.125,25.917,1077.583,22.3426,0.083,v26.6.0,3.5.7,linux/arm64
node:26.6.0-bookworm,jwt_hs_preparsed,5,20000,6.8687,5.667,7.084,19.333,5.166,312.875,9.5926,0.083,v26.6.0,3.5.7,linux/arm64
node:26.6.0-bookworm,jwt_hs_string_safe,5,20000,9.8203,7.125,12.083,35.709,6.333,2455.25,30.3718,0.084,v26.6.0,3.5.7,linux/arm64
node:26.6.0-bookworm,probe_throws,5,20000,20.4274,16.5,25.167,62.375,14.708,2534.959,26.4765,0.083,v26.6.0,3.5.7,linux/arm64
node:26.6.0-bookworm,probe_succeeds,5,20000,14.9004,12.459,15.166,37.458,11.083,3207.041,41.3957,0.083,v26.6.0,3.5.7,linux/arm64
node:26.6.0-bookworm,create_secret_key,5,20000,1.1984,0.875,1.0,2.0,0.666,1676.25,16.8618,0.084,v26.6.0,3.5.7,linux/arm64
node:26.6.0-bookworm,hmac_string,5,20000,7.6959,3.75,5.625,28.458,2.958,14611.25,136.0761,0.125,v26.6.0,3.5.7,linux/arm64
node:26.6.0-bookworm,hmac_keyobject,5,20000,5.1894,3.292,4.417,22.958,2.583,2900.417,41.1019,0.125,v26.6.0,3.5.7,linux/arm64
node:26.6.0-bookworm,decode_only,5,20000,1.6016,1.375,1.75,2.042,1.167,393.167,4.1927,0.084,v26.6.0,3.5.7,linux/arm64
node:26.6.0-bookworm,timer_overhead,5,20000,0.1552,0.125,0.167,0.25,0.041,43.542,0.4797,0.125,v26.6.0,3.5.7,linux/arm64
node:26.6.0-bookworm,jwt_hs_string,6,20000,29.5624,27.625,30.625,58.417,25.083,405.292,13.4983,0.083,v26.6.0,3.5.7,linux/arm64
node:26.6.0-bookworm,jwt_hs_preparsed,6,20000,7.2511,6.083,7.375,21.084,5.542,1648.167,17.2165,0.083,v26.6.0,3.5.7,linux/arm64
node:26.6.0-bookworm,jwt_hs_string_safe,6,20000,8.2689,7.0,8.375,21.875,6.25,483.291,13.7247,0.083,v26.6.0,3.5.7,linux/arm64
node:26.6.0-bookworm,probe_throws,6,20000,16.9003,16.25,16.917,31.292,14.416,380.167,7.8287,0.083,v26.6.0,3.5.7,linux/arm64
node:26.6.0-bookworm,probe_succeeds,6,20000,14.8479,12.208,17.709,36.25,11.416,3954.125,44.7499,0.083,v26.6.0,3.5.7,linux/arm64
node:26.6.0-bookworm,create_secret_key,6,20000,1.2784,0.958,1.125,2.25,0.625,2183.542,21.4459,0.084,v26.6.0,3.5.7,linux/arm64
node:26.6.0-bookworm,hmac_string,6,20000,5.3241,3.458,5.5,21.75,2.708,2618.917,38.7194,0.125,v26.6.0,3.5.7,linux/arm64
node:26.6.0-bookworm,hmac_keyobject,6,20000,4.2387,3.208,3.625,15.792,2.542,3147.083,37.8268,0.125,v26.6.0,3.5.7,linux/arm64
node:26.6.0-bookworm,decode_only,6,20000,1.8353,1.625,1.75,2.917,1.416,400.958,5.5397,0.125,v26.6.0,3.5.7,linux/arm64
node:26.6.0-bookworm,timer_overhead,6,20000,0.1748,0.166,0.167,0.25,0.041,134.458,1.1537,0.125,v26.6.0,3.5.7,linux/arm64
node:26.6.0-bookworm,jwt_hs_string,7,20000,31.109,27.958,38.833,64.0,25.584,595.333,19.6549,0.083,v26.6.0,3.5.7,linux/arm64
node:26.6.0-bookworm,jwt_hs_preparsed,7,20000,8.8422,7.583,9.417,29.542,6.375,489.083,13.7634,0.083,v26.6.0,3.5.7,linux/arm64
node:26.6.0-bookworm,jwt_hs_string_safe,7,20000,11.3498,8.125,12.333,47.625,6.125,1642.0,29.3779,0.083,v26.6.0,3.5.7,linux/arm64
node:26.6.0-bookworm,probe_throws,7,20000,23.0328,19.458,35.209,61.292,14.75,566.25,14.3456,0.083,v26.6.0,3.5.7,linux/arm64
node:26.6.0-bookworm,probe_succeeds,7,20000,13.9967,11.875,14.916,32.583,11.167,5374.042,52.1222,0.083,v26.6.0,3.5.7,linux/arm64
node:26.6.0-bookworm,create_secret_key,7,20000,1.7544,1.0,1.208,4.25,0.833,5867.834,50.8214,0.125,v26.6.0,3.5.7,linux/arm64
node:26.6.0-bookworm,hmac_string,7,20000,4.4922,3.25,4.083,18.084,2.667,2331.417,29.0414,0.125,v26.6.0,3.5.7,linux/arm64
node:26.6.0-bookworm,hmac_keyobject,7,20000,3.53,2.875,3.458,9.166,2.167,2728.334,27.5932,0.083,v26.6.0,3.5.7,linux/arm64
node:26.6.0-bookworm,decode_only,7,20000,1.9318,1.666,1.75,6.625,1.416,455.917,6.2796,0.125,v26.6.0,3.5.7,linux/arm64
node:26.6.0-bookworm,timer_overhead,7,20000,0.1802,0.166,0.167,0.292,0.041,213.833,1.8262,0.125,v26.6.0,3.5.7,linux/arm64
node:26.6.0-bookworm,jwt_hs_string,8,20000,32.749,28.5,38.667,90.958,26.209,2001.542,29.3202,0.083,v26.6.0,3.5.7,linux/arm64
node:26.6.0-bookworm,jwt_hs_preparsed,8,20000,7.2003,5.916,8.583,24.708,5.208,498.917,11.9238,0.083,v26.6.0,3.5.7,linux/arm64
node:26.6.0-bookworm,jwt_hs_string_safe,8,20000,10.9773,8.458,13.958,35.167,6.792,851.042,21.6594,0.084,v26.6.0,3.5.7,linux/arm64
node:26.6.0-bookworm,probe_throws,8,20000,21.5182,18.959,29.125,59.833,14.875,873.75,15.7771,0.083,v26.6.0,3.5.7,linux/arm64
node:26.6.0-bookworm,probe_succeeds,8,20000,14.0928,12.0,16.0,32.459,11.083,4636.667,43.5033,0.083,v26.6.0,3.5.7,linux/arm64
node:26.6.0-bookworm,create_secret_key,8,20000,1.6277,0.958,1.167,7.125,0.75,3605.167,35.0616,0.125,v26.6.0,3.5.7,linux/arm64
node:26.6.0-bookworm,hmac_string,8,20000,4.1448,3.209,4.208,16.083,2.75,2044.625,22.8098,0.125,v26.6.0,3.5.7,linux/arm64
node:26.6.0-bookworm,hmac_keyobject,8,20000,3.3328,2.875,3.291,7.125,2.167,1783.042,20.9644,0.084,v26.6.0,3.5.7,linux/arm64
node:26.6.0-bookworm,decode_only,8,20000,1.3642,1.208,1.291,4.375,1.0,209.875,2.937,0.083,v26.6.0,3.5.7,linux/arm64
node:26.6.0-bookworm,timer_overhead,8,20000,0.1698,0.166,0.208,0.458,0.041,44.5,0.502,0.084,v26.6.0,3.5.7,linux/arm64
node:26.6.0-bookworm,jwt_hs_string,9,20000,30.9345,27.958,32.375,59.75,25.167,1603.25,26.183,0.083,v26.6.0,3.5.7,linux/arm64
node:26.6.0-bookworm,jwt_hs_preparsed,9,20000,7.5262,5.75,9.917,26.292,5.041,1099.583,17.0369,0.083,v26.6.0,3.5.7,linux/arm64
node:26.6.0-bookworm,jwt_hs_string_safe,9,20000,13.4669,10.042,18.125,46.625,7.583,1429.917,28.4115,0.084,v26.6.0,3.5.7,linux/arm64
node:26.6.0-bookworm,probe_throws,9,20000,17.6998,16.5,19.417,34.417,14.833,1276.042,13.0389,0.083,v26.6.0,3.5.7,linux/arm64
node:26.6.0-bookworm,probe_succeeds,9,20000,12.7735,11.666,13.125,26.042,11.125,3378.542,35.8644,0.083,v26.6.0,3.5.7,linux/arm64
node:26.6.0-bookworm,create_secret_key,9,20000,1.48,1.0,1.167,5.625,0.75,2210.666,26.1375,0.125,v26.6.0,3.5.7,linux/arm64
node:26.6.0-bookworm,hmac_string,9,20000,3.3492,2.542,3.5,13.542,1.916,1177.209,18.43,0.083,v26.6.0,3.5.7,linux/arm64
node:26.6.0-bookworm,hmac_keyobject,9,20000,6.2923,3.583,7.916,39.125,2.666,3666.584,42.5789,0.125,v26.6.0,3.5.7,linux/arm64
node:26.6.0-bookworm,decode_only,9,20000,1.8604,1.417,1.75,7.042,1.25,1504.458,14.5015,0.125,v26.6.0,3.5.7,linux/arm64
node:26.6.0-bookworm,timer_overhead,9,20000,0.2441,0.125,0.167,0.459,0.042,1210.042,8.6701,0.125,v26.6.0,3.5.7,linux/arm64
node:26.6.0-bookworm,jwt_hs_string,10,20000,31.2694,27.917,33.292,73.459,25.958,1653.334,27.1842,0.083,v26.6.0,3.5.7,linux/arm64
node:26.6.0-bookworm,jwt_hs_preparsed,10,20000,14.2295,8.791,19.541,74.917,7.417,1953.625,32.5624,0.125,v26.6.0,3.5.7,linux/arm64
node:26.6.0-bookworm,jwt_hs_string_safe,10,20000,9.9224,8.208,10.542,31.167,6.417,2081.0,23.3766,0.083,v26.6.0,3.5.7,linux/arm64
node:26.6.0-bookworm,probe_throws,10,20000,17.2677,16.208,17.208,34.958,14.541,698.458,11.0872,0.083,v26.6.0,3.5.7,linux/arm64
node:26.6.0-bookworm,probe_succeeds,10,20000,13.3325,11.791,13.042,31.084,11.042,4606.375,46.8156,0.083,v26.6.0,3.5.7,linux/arm64
node:26.6.0-bookworm,create_secret_key,10,20000,1.8981,0.958,1.209,8.584,0.791,4024.458,39.7086,0.084,v26.6.0,3.5.7,linux/arm64
node:26.6.0-bookworm,hmac_string,10,20000,3.4311,2.708,3.625,11.958,1.958,1049.625,16.4554,0.083,v26.6.0,3.5.7,linux/arm64
node:26.6.0-bookworm,hmac_keyobject,10,20000,3.329,2.458,3.458,12.208,2.125,2073.083,21.4035,0.083,v26.6.0,3.5.7,linux/arm64
node:26.6.0-bookworm,decode_only,10,20000,2.377,1.708,1.833,7.917,1.416,3385.5,28.3647,0.125,v26.6.0,3.5.7,linux/arm64
node:26.6.0-bookworm,timer_overhead,10,20000,0.1413,0.125,0.167,0.167,0.041,42.75,0.5951,0.084,v26.6.0,3.5.7,linux/arm64
node:20-alpine,jwt_hs_string,1,20000,490.2474,445.8750,543.0000,1137.2910,410.7910,31341.9170,364.7801,0.0830,v20.20.2,3.0.19,linux/arm64
node:20-alpine,jwt_hs_preparsed,1,20000,12.3825,9.8750,14.6660,52.7920,6.8330,2122.0420,35.0102,0.0830,v20.20.2,3.0.19,linux/arm64
node:20-alpine,jwt_hs_string_safe,1,20000,10.1837,8.6670,9.8750,29.2920,8.0420,577.6250,15.0698,0.0830,v20.20.2,3.0.19,linux/arm64
node:20-alpine,probe_throws,1,20000,429.8539,418.4170,453.2080,632.2500,397.4580,4425.9580,69.9741,0.0830,v20.20.2,3.0.19,linux/arm64
node:20-alpine,probe_succeeds,1,20000,148.7332,141.7080,162.3340,258.2080,127.1250,3971.8750,69.0003,0.0830,v20.20.2,3.0.19,linux/arm64
node:20-alpine,create_secret_key,1,20000,1.9010,1.2920,1.9580,5.9160,1.0830,1515.5410,20.5667,0.0830,v20.20.2,3.0.19,linux/arm64
node:20-alpine,hmac_string,1,20000,3.0804,2.4170,3.5830,14.0830,2.1250,837.9580,8.3821,0.0830,v20.20.2,3.0.19,linux/arm64
node:20-alpine,hmac_keyobject,1,20000,2.5726,2.1670,2.5000,12.2910,1.9160,899.5000,6.6260,0.0830,v20.20.2,3.0.19,linux/arm64
node:20-alpine,decode_only,1,20000,1.9382,1.7090,1.7920,6.9590,1.5830,157.7090,2.6902,0.0830,v20.20.2,3.0.19,linux/arm64
node:20-alpine,timer_overhead,1,20000,0.2280,0.1670,0.2090,0.2500,0.0830,559.5840,4.0666,0.0840,v20.20.2,3.0.19,linux/arm64
node:20-alpine,jwt_hs_string,2,20000,448.1409,436.0420,469.3330,703.8330,413.2080,3238.6250,72.8424,0.0830,v20.20.2,3.0.19,linux/arm64
node:20-alpine,jwt_hs_preparsed,2,20000,8.9767,7.1660,11.0000,29.6670,6.6250,1395.9580,17.9321,0.0830,v20.20.2,3.0.19,linux/arm64
node:20-alpine,jwt_hs_string_safe,2,20000,12.0122,9.5000,11.9160,48.9170,8.6660,628.0000,18.8439,0.0830,v20.20.2,3.0.19,linux/arm64
node:20-alpine,probe_throws,2,20000,430.3827,420.6250,451.7500,597.5830,398.1250,4639.1250,67.0512,0.0830,v20.20.2,3.0.19,linux/arm64
node:20-alpine,probe_succeeds,2,20000,147.8644,141.9170,163.1670,202.8340,126.3750,4410.9170,71.0032,0.0830,v20.20.2,3.0.19,linux/arm64
node:20-alpine,create_secret_key,2,20000,2.2512,1.5000,2.5000,8.7080,1.2500,1458.7080,20.7329,0.1250,v20.20.2,3.0.19,linux/arm64
node:20-alpine,hmac_string,2,20000,3.5098,2.3330,3.3330,16.0410,2.0410,1000.5840,15.9064,0.0830,v20.20.2,3.0.19,linux/arm64
node:20-alpine,hmac_keyobject,2,20000,5.5202,3.2910,5.3750,27.8750,2.7080,6201.4580,57.2604,0.1250,v20.20.2,3.0.19,linux/arm64
node:20-alpine,decode_only,2,20000,2.8442,2.4580,2.6670,11.8750,2.2080,244.6250,4.6084,0.1250,v20.20.2,3.0.19,linux/arm64
node:20-alpine,timer_overhead,2,20000,0.1314,0.1250,0.1670,0.2080,0.0410,31.1250,0.4296,0.0830,v20.20.2,3.0.19,linux/arm64
node:20-alpine,jwt_hs_string,3,20000,447.5587,438.0420,469.5420,634.0830,412.6250,2315.6670,54.6670,0.0830,v20.20.2,3.0.19,linux/arm64
node:20-alpine,jwt_hs_preparsed,3,20000,7.6654,7.0420,7.3750,19.3750,6.6670,293.3330,7.7081,0.0830,v20.20.2,3.0.19,linux/arm64
node:20-alpine,jwt_hs_string_safe,3,20000,9.5653,8.6670,9.2500,21.2500,8.1660,348.5000,13.1278,0.0830,v20.20.2,3.0.19,linux/arm64
node:20-alpine,probe_throws,3,20000,433.5148,421.4590,452.3330,683.7920,397.8750,4185.1670,76.0401,0.0830,v20.20.2,3.0.19,linux/arm64
node:20-alpine,probe_succeeds,3,20000,147.4090,141.4590,161.2920,218.0420,126.7090,4695.9580,69.8966,0.0830,v20.20.2,3.0.19,linux/arm64
node:20-alpine,create_secret_key,3,20000,1.9095,1.2500,2.0830,6.4580,1.0410,1349.2080,20.2646,0.0830,v20.20.2,3.0.19,linux/arm64
node:20-alpine,hmac_string,3,20000,2.7994,2.4580,2.7920,8.8750,2.0830,1135.2910,10.3946,0.0830,v20.20.2,3.0.19,linux/arm64
node:20-alpine,hmac_keyobject,3,20000,2.7991,2.4590,2.7500,7.8340,1.9170,876.7500,10.5658,0.0830,v20.20.2,3.0.19,linux/arm64
node:20-alpine,decode_only,3,20000,3.2538,2.3750,2.8340,19.4590,2.1670,413.7920,6.6784,0.0840,v20.20.2,3.0.19,linux/arm64
node:20-alpine,timer_overhead,3,20000,0.2024,0.1670,0.2090,0.2500,0.0830,478.7500,3.4463,0.0830,v20.20.2,3.0.19,linux/arm64
node:20-alpine,jwt_hs_string,4,20000,448.7745,437.5000,476.0840,668.2910,410.2920,1953.2920,54.0393,0.0830,v20.20.2,3.0.19,linux/arm64
node:20-alpine,jwt_hs_preparsed,4,20000,7.5801,7.0410,7.3330,19.5830,6.6250,210.1250,7.1711,0.0830,v20.20.2,3.0.19,linux/arm64
node:20-alpine,jwt_hs_string_safe,4,20000,9.3709,8.4170,9.1250,22.7920,7.8750,448.7500,12.8096,0.0830,v20.20.2,3.0.19,linux/arm64
node:20-alpine,probe_throws,4,20000,427.2890,418.2500,447.4170,591.4170,395.8750,5217.1660,66.7448,0.0830,v20.20.2,3.0.19,linux/arm64
node:20-alpine,probe_succeeds,4,20000,153.4534,142.6670,170.5840,339.0830,126.6250,3084.5830,68.6220,0.0830,v20.20.2,3.0.19,linux/arm64
node:20-alpine,create_secret_key,4,20000,1.6719,1.2090,1.5410,3.2500,1.0410,1416.8750,17.7707,0.0830,v20.20.2,3.0.19,linux/arm64
node:20-alpine,hmac_string,4,20000,3.1076,2.3750,3.1250,11.9580,2.0830,1118.9580,14.6568,0.0830,v20.20.2,3.0.19,linux/arm64
node:20-alpine,hmac_keyobject,4,20000,2.5274,2.1670,2.4170,9.4580,1.9170,994.2500,10.7666,0.0830,v20.20.2,3.0.19,linux/arm64
node:20-alpine,decode_only,4,20000,2.6684,2.2920,2.5840,11.2080,1.8750,229.8340,4.7688,0.1250,v20.20.2,3.0.19,linux/arm64
node:20-alpine,timer_overhead,4,20000,0.1296,0.1250,0.1670,0.2080,0.0830,48.5830,0.4278,0.0830,v20.20.2,3.0.19,linux/arm64
node:20-alpine,jwt_hs_string,5,20000,443.6161,435.4580,463.0420,601.7920,411.5420,2415.1250,50.5985,0.0830,v20.20.2,3.0.19,linux/arm64
node:20-alpine,jwt_hs_preparsed,5,20000,8.2103,7.4160,7.8330,22.8750,6.9580,358.2500,9.0279,0.0830,v20.20.2,3.0.19,linux/arm64
node:20-alpine,jwt_hs_string_safe,5,20000,11.4093,9.4160,13.9580,35.1660,8.4160,536.0410,15.0998,0.0830,v20.20.2,3.0.19,linux/arm64
node:20-alpine,probe_throws,5,20000,431.8194,420.4580,453.1670,650.3750,397.3340,4260.7920,71.0856,0.0830,v20.20.2,3.0.19,linux/arm64
node:20-alpine,probe_succeeds,5,20000,147.6756,142.2080,161.0840,204.7500,127.4590,4357.1250,63.2600,0.0830,v20.20.2,3.0.19,linux/arm64
node:20-alpine,create_secret_key,5,20000,1.7290,1.2910,1.5000,3.4170,1.0830,1415.2080,18.1624,0.0830,v20.20.2,3.0.19,linux/arm64
node:20-alpine,hmac_string,5,20000,3.1119,2.3340,3.3750,12.3750,2.0830,1028.3750,13.7122,0.0830,v20.20.2,3.0.19,linux/arm64
node:20-alpine,hmac_keyobject,5,20000,2.6283,2.1660,2.5410,9.7090,1.9160,933.1250,12.2016,0.0830,v20.20.2,3.0.19,linux/arm64
node:20-alpine,decode_only,5,20000,1.9962,1.7090,1.8330,7.0000,1.5830,176.4170,3.3493,0.0830,v20.20.2,3.0.19,linux/arm64
node:20-alpine,timer_overhead,5,20000,0.1263,0.1250,0.1660,0.1670,0.0410,42.2920,0.5207,0.0830,v20.20.2,3.0.19,linux/arm64
node:20-alpine,jwt_hs_string,6,20000,440.8294,433.4580,460.9160,580.2080,410.1670,1967.1250,45.1823,0.0830,v20.20.2,3.0.19,linux/arm64
node:20-alpine,jwt_hs_preparsed,6,20000,8.2235,7.0840,8.0420,23.3340,6.6250,453.1250,11.4806,0.0830,v20.20.2,3.0.19,linux/arm64
node:20-alpine,jwt_hs_string_safe,6,20000,11.6940,8.8750,14.0840,39.5410,8.1660,1278.6670,25.1030,0.0830,v20.20.2,3.0.19,linux/arm64
node:20-alpine,probe_throws,6,20000,433.3477,420.8330,455.5410,704.2080,398.7090,4887.7910,75.2538,0.0830,v20.20.2,3.0.19,linux/arm64
node:20-alpine,probe_succeeds,6,20000,150.1513,142.5420,167.3330,249.9580,126.8750,8977.6670,89.9179,0.0830,v20.20.2,3.0.19,linux/arm64
node:20-alpine,create_secret_key,6,20000,1.6112,1.2500,1.5000,3.3340,1.0410,972.9580,14.8766,0.0830,v20.20.2,3.0.19,linux/arm64
node:20-alpine,hmac_string,6,20000,2.7494,2.2910,2.7080,10.9170,2.0410,849.2910,11.0669,0.0830,v20.20.2,3.0.19,linux/arm64
node:20-alpine,hmac_keyobject,6,20000,2.5501,2.0840,2.6250,9.4170,1.8750,845.3330,11.3012,0.0830,v20.20.2,3.0.19,linux/arm64
node:20-alpine,decode_only,6,20000,2.7233,2.4590,2.6250,5.6670,2.2080,293.5420,3.6494,0.0840,v20.20.2,3.0.19,linux/arm64
node:20-alpine,timer_overhead,6,20000,0.1784,0.1250,0.2080,0.2090,0.0830,393.0830,2.8094,0.0830,v20.20.2,3.0.19,linux/arm64
node:20-alpine,jwt_hs_string,7,20000,448.2267,437.2920,470.9170,652.4160,412.5000,2974.2920,62.0331,0.0830,v20.20.2,3.0.19,linux/arm64
node:20-alpine,jwt_hs_preparsed,7,20000,7.7178,7.1250,7.5420,16.7910,6.6660,273.9590,7.6352,0.0830,v20.20.2,3.0.19,linux/arm64
node:20-alpine,jwt_hs_string_safe,7,20000,9.9905,8.5830,9.7920,24.1670,8.0000,712.2080,14.8065,0.0830,v20.20.2,3.0.19,linux/arm64
node:20-alpine,probe_throws,7,20000,431.9731,420.5000,453.2910,657.8750,398.5420,7737.7910,85.6052,0.0830,v20.20.2,3.0.19,linux/arm64
node:20-alpine,probe_succeeds,7,20000,152.0403,144.4170,169.5410,253.1250,127.3750,4132.6660,70.0519,0.0830,v20.20.2,3.0.19,linux/arm64
node:20-alpine,create_secret_key,7,20000,1.6596,1.2090,1.4580,3.3330,1.0410,1278.0000,17.8386,0.0830,v20.20.2,3.0.19,linux/arm64
node:20-alpine,hmac_string,7,20000,2.9065,2.3330,3.1660,12.3340,2.0830,903.8330,10.3869,0.0830,v20.20.2,3.0.19,linux/arm64
node:20-alpine,hmac_keyobject,7,20000,2.6159,2.1670,2.5000,9.8330,1.9160,944.0000,12.1346,0.0830,v20.20.2,3.0.19,linux/arm64
node:20-alpine,decode_only,7,20000,2.6144,2.3750,2.6250,15.1660,1.8750,200.8340,3.3703,0.0840,v20.20.2,3.0.19,linux/arm64
node:20-alpine,timer_overhead,7,20000,0.1455,0.1250,0.1670,0.2080,0.0420,405.2500,2.8843,0.0830,v20.20.2,3.0.19,linux/arm64
node:20-alpine,jwt_hs_string,8,20000,466.5061,442.2080,500.3340,926.4170,410.4160,9243.3750,145.0257,0.0830,v20.20.2,3.0.19,linux/arm64
node:20-alpine,jwt_hs_preparsed,8,20000,10.6579,7.5420,14.7920,45.9590,6.8750,622.5420,19.1115,0.0830,v20.20.2,3.0.19,linux/arm64
node:20-alpine,jwt_hs_string_safe,8,20000,10.4453,8.9160,10.4580,28.1250,8.0830,617.7080,15.2312,0.0830,v20.20.2,3.0.19,linux/arm64
node:20-alpine,probe_throws,8,20000,441.3232,424.2910,475.5420,740.3340,397.5000,4356.1670,81.6394,0.0830,v20.20.2,3.0.19,linux/arm64
node:20-alpine,probe_succeeds,8,20000,150.9092,142.0000,167.7500,267.7920,126.5000,5330.5830,80.5706,0.0830,v20.20.2,3.0.19,linux/arm64
node:20-alpine,create_secret_key,8,20000,1.7558,1.2500,1.5420,3.7500,1.0830,1382.5420,18.8364,0.0830,v20.20.2,3.0.19,linux/arm64
node:20-alpine,hmac_string,8,20000,3.0004,2.4160,2.9580,11.2920,2.1250,1120.6250,12.8333,0.0830,v20.20.2,3.0.19,linux/arm64
node:20-alpine,hmac_keyobject,8,20000,2.4691,2.1660,2.4590,9.8750,1.8750,819.2080,5.9944,0.0830,v20.20.2,3.0.19,linux/arm64
node:20-alpine,decode_only,8,20000,1.9101,1.7920,1.8750,3.3750,1.6250,103.0830,1.7923,0.0830,v20.20.2,3.0.19,linux/arm64
node:20-alpine,timer_overhead,8,20000,0.1516,0.1250,0.1670,0.2090,0.0410,320.0000,2.2899,0.0830,v20.20.2,3.0.19,linux/arm64
node:20-alpine,jwt_hs_string,9,20000,458.6744,440.7910,491.2500,823.1660,410.6250,3695.5830,86.6486,0.0830,v20.20.2,3.0.19,linux/arm64
node:20-alpine,jwt_hs_preparsed,9,20000,8.3658,7.5000,8.7920,20.8750,6.8330,331.7500,8.3068,0.0830,v20.20.2,3.0.19,linux/arm64
node:20-alpine,jwt_hs_string_safe,9,20000,11.5986,9.3750,12.7920,37.9160,8.5000,722.9170,18.5960,0.0830,v20.20.2,3.0.19,linux/arm64
node:20-alpine,probe_throws,9,20000,435.9089,424.2920,463.1250,650.8340,399.4580,2448.5830,59.9077,0.0830,v20.20.2,3.0.19,linux/arm64
node:20-alpine,probe_succeeds,9,20000,152.5635,144.4580,170.5830,294.6250,127.1250,4555.5420,59.4407,0.0830,v20.20.2,3.0.19,linux/arm64
node:20-alpine,create_secret_key,9,20000,1.7311,1.2500,1.5420,3.8750,1.0830,1260.3330,18.1945,0.0830,v20.20.2,3.0.19,linux/arm64
node:20-alpine,hmac_string,9,20000,2.8833,2.3330,3.2080,11.1660,2.0410,1384.2090,13.1014,0.0830,v20.20.2,3.0.19,linux/arm64
node:20-alpine,hmac_keyobject,9,20000,2.6562,2.1250,2.4580,11.9170,1.8750,1176.3750,13.4382,0.0830,v20.20.2,3.0.19,linux/arm64
node:20-alpine,decode_only,9,20000,2.3832,2.0830,2.2080,8.7500,1.9160,413.2080,4.3461,0.0830,v20.20.2,3.0.19,linux/arm64
node:20-alpine,timer_overhead,9,20000,0.1537,0.1250,0.1670,0.2090,0.0830,353.1670,2.5186,0.0830,v20.20.2,3.0.19,linux/arm64
node:20-alpine,jwt_hs_string,10,20000,448.4936,435.6250,474.0410,692.4160,414.0000,4576.5000,91.1566,0.0830,v20.20.2,3.0.19,linux/arm64
node:20-alpine,jwt_hs_preparsed,10,20000,8.4122,7.3330,8.2920,22.7910,6.9160,403.8750,10.9634,0.0830,v20.20.2,3.0.19,linux/arm64
node:20-alpine,jwt_hs_string_safe,10,20000,9.3276,8.4170,9.0830,22.5420,7.8750,346.6250,12.5214,0.0830,v20.20.2,3.0.19,linux/arm64
node:20-alpine,probe_throws,10,20000,430.9028,420.6250,454.5830,614.4170,398.2920,1922.4580,55.1937,0.0830,v20.20.2,3.0.19,linux/arm64
node:20-alpine,probe_succeeds,10,20000,151.0669,144.2920,167.8750,261.6660,128.2500,3028.7500,46.6525,0.0830,v20.20.2,3.0.19,linux/arm64
node:20-alpine,create_secret_key,10,20000,1.8915,1.2500,2.0000,6.2500,1.0420,1882.7500,22.8899,0.0830,v20.20.2,3.0.19,linux/arm64
node:20-alpine,hmac_string,10,20000,2.8361,2.3330,2.7500,13.0830,2.0830,1103.2920,10.9302,0.0830,v20.20.2,3.0.19,linux/arm64
node:20-alpine,hmac_keyobject,10,20000,2.4493,2.1250,2.3750,7.7910,1.9160,886.1250,10.1619,0.0830,v20.20.2,3.0.19,linux/arm64
node:20-alpine,decode_only,10,20000,1.8935,1.7500,1.8340,3.5000,1.6250,147.0000,1.8682,0.0830,v20.20.2,3.0.19,linux/arm64
node:20-alpine,timer_overhead,10,20000,0.1359,0.1250,0.1670,0.2090,0.0420,25.7090,0.2776,0.0830,v20.20.2,3.0.19,linux/arm64
